seq,stamp,frame_id,x,y,z,qx,qy,qz,qw,yaw,task,tol
0,1787294961.963276,camera_init,-0.137018,0.158388,0.000000,0.002733,-0.002059,-0.003807,0.999987,-0.007625,none,0.250
1,1787294968.963389,camera_init,0.026622,0.148652,0.000000,0.001418,-0.002967,-0.002810,0.999991,-0.005628,none,0.250
2,1787294969.463294,camera_init,0.194135,0.139662,0.000000,0.002803,-0.001162,-0.006416,0.999975,-0.012838,none,0.250
3,1787294969.863390,camera_init,0.351571,0.133196,0.000000,0.003097,-0.001745,-0.007146,0.999968,-0.014303,none,0.250
4,1787294970.263285,camera_init,0.525994,0.128460,0.000000,0.000946,-0.001487,-0.005811,0.999982,-0.011624,none,0.250
5,1787294970.663408,camera_init,0.713931,0.114130,0.000000,0.002184,-0.003144,-0.003123,0.999988,-0.006259,none,0.250
6,1787294970.963350,camera_init,0.875956,0.117011,0.000000,0.006492,-0.000548,-0.001540,0.999978,-0.003087,none,0.250
7,1787294971.263386,camera_init,1.055377,0.109191,0.000000,0.004972,0.000291,0.000229,0.999988,0.000462,none,0.250
8,1787294971.563341,camera_init,1.232173,0.106076,0.000000,0.004213,-0.002690,0.000566,0.999987,0.001110,none,0.250
9,1787294971.863343,camera_init,1.419306,0.101195,0.000000,0.003419,-0.002705,0.003104,0.999986,0.006189,none,0.250
10,1787294972.063251,camera_init,1.569661,0.090876,0.000000,0.001313,-0.001857,0.002649,0.999994,0.005293,none,0.250
11,1787294972.363385,camera_init,1.774524,0.085295,0.000000,0.005556,-0.002393,-0.001515,0.999981,-0.003057,none,0.250
12,1787294972.663388,camera_init,1.978958,0.077156,0.000000,0.004981,-0.000781,-0.002263,0.999985,-0.004535,none,0.250
13,1787294972.963384,camera_init,2.177635,0.074322,0.000000,0.004272,-0.002160,-0.004226,0.999980,-0.008470,none,0.250
14,1787294973.263381,camera_init,2.370795,0.068511,0.000000,0.004309,-0.002160,-0.001885,0.999987,-0.003788,none,0.250
15,1787294973.563375,camera_init,2.574825,0.057996,0.000000,0.004902,-0.002640,0.000452,0.999984,0.000878,none,0.250
16,1787294973.863400,camera_init,2.779374,0.048999,0.000000,0.002370,-0.001296,0.003488,0.999990,0.006970,none,0.250
17,1787294974.163437,camera_init,2.980425,0.057554,0.000000,0.002552,-0.002585,0.005386,0.999979,0.010758,none,0.250
18,1787294974.463253,camera_init,3.179440,0.054803,0.000000,0.001919,-0.003864,0.008280,0.999956,0.016545,none,0.250
19,1787294974.763249,camera_init,3.376901,0.044706,0.000000,0.003312,-0.001139,0.005160,0.999981,0.010312,none,0.250
20,1787294975.063375,camera_init,3.584074,0.034083,0.000000,0.001197,-0.002289,0.003586,0.999990,0.007166,none,0.250
21,1787294975.263351,camera_init,3.734452,0.030268,0.000000,0.000242,-0.000202,0.001957,0.999998,0.003913,none,0.250
22,1787294975.563375,camera_init,3.927462,0.025249,0.000000,0.001436,-0.002022,0.000055,0.999997,0.000104,none,0.250
23,1787294975.863172,camera_init,4.136526,0.034178,0.000000,0.002713,-0.001585,0.006558,0.999974,0.013108,none,0.250
24,1787294976.163363,camera_init,4.335408,0.036437,0.000000,0.003262,0.000020,0.009954,0.999945,0.019909,none,0.250
25,1787294976.463374,camera_init,4.520917,0.032737,0.000000,0.000782,-0.004704,0.010880,0.999929,0.021753,none,0.250
26,1787294976.763358,camera_init,4.728144,0.026464,0.000000,0.001690,-0.001588,0.013971,0.999900,0.027937,none,0.250
27,1787294977.063362,camera_init,4.929016,0.019008,0.000000,0.000298,-0.002854,0.000270,0.999996,0.000539,none,0.250
28,1787294977.363358,camera_init,5.130994,0.003735,0.000000,0.005900,0.000821,-0.002524,0.999979,-0.005039,none,0.250
29,1787294977.663337,camera_init,5.316118,0.000773,0.000000,0.006276,-0.000634,-0.006229,0.999961,-0.012466,none,0.250
30,1787294977.963333,camera_init,5.502570,-0.009364,0.000000,0.008289,0.001198,-0.008009,0.999933,-0.015997,none,0.250
31,1787294978.263421,camera_init,5.687901,-0.018644,0.000000,0.005628,-0.001245,-0.006959,0.999959,-0.013931,none,0.250
32,1787294978.563419,camera_init,5.894068,-0.008622,0.000000,0.003689,-0.000144,0.000110,0.999993,0.000219,none,0.250
33,1787294978.863329,camera_init,6.094812,-0.009086,0.000000,0.004582,-0.001670,0.003392,0.999982,0.006769,none,0.250
34,1787294979.163338,camera_init,6.292293,-0.019936,0.000000,0.004788,-0.003020,-0.002042,0.999982,-0.004114,none,0.250
35,1787294979.463334,camera_init,6.495592,-0.027070,0.000000,0.005143,0.001852,-0.000350,0.999985,-0.000680,none,0.250
36,1787294979.763455,camera_init,6.697473,-0.056388,0.000000,0.006426,-0.000822,-0.004428,0.999969,-0.008866,none,0.250
37,1787294980.063226,camera_init,6.891210,-0.068648,0.000000,0.005102,-0.000832,-0.008284,0.999952,-0.016576,none,0.250
38,1787294980.363449,camera_init,7.067891,-0.074033,0.000000,0.002953,-0.001720,-0.009921,0.999945,-0.019853,none,0.250
39,1787294980.663388,camera_init,7.247313,-0.077301,0.000000,0.004470,-0.002617,-0.011145,0.999924,-0.022313,none,0.250
40,1787294980.963444,camera_init,7.439427,-0.079368,0.000000,0.005220,0.000425,-0.008063,0.999954,-0.016122,none,0.250
41,1787294981.263371,camera_init,7.606020,-0.089347,0.000000,0.006006,-0.000742,-0.005415,0.999967,-0.010839,none,0.250
42,1787294981.563279,camera_init,7.807056,-0.101165,0.000000,0.002778,0.001667,-0.005156,0.999981,-0.010303,none,0.250
43,1787294981.863354,camera_init,7.967594,-0.092513,0.000000,0.003045,-0.000723,0.001353,0.999994,0.002701,none,0.250
44,1787294982.163249,camera_init,8.127960,-0.094164,0.000000,0.003030,-0.000253,0.004038,0.999987,0.008074,none,0.250
45,1787294982.463283,camera_init,8.327294,-0.108633,0.000000,0.002822,0.002063,0.001166,0.999993,0.002343,none,0.250
46,1787294982.763020,camera_init,8.526627,-0.116216,0.000000,0.002235,0.000955,0.002152,0.999995,0.004308,none,0.250
47,1787294983.063362,camera_init,8.723149,-0.125981,0.000000,0.000379,0.003099,0.000898,0.999995,0.001799,none,0.250
48,1787294983.363440,camera_init,8.903713,-0.133155,0.000000,0.003690,0.001615,-0.002170,0.999990,-0.004328,none,0.250
49,1787294983.663421,camera_init,9.057126,-0.134276,0.000000,0.003587,0.003784,-0.002789,0.999983,-0.005551,none,0.250
50,1787294983.963297,camera_init,9.213944,-0.145125,0.000000,0.003098,-0.001046,0.000521,0.999995,0.001035,none,0.250
51,1787294984.263292,camera_init,9.406028,-0.149830,0.000000,0.001825,0.000908,0.001200,0.999997,0.002404,none,0.250
52,1787294984.663256,camera_init,9.610164,-0.157490,0.000000,0.000730,0.000640,0.003835,0.999992,0.007672,none,0.250
53,1787294984.963228,camera_init,9.809683,-0.161691,0.000000,0.003105,0.001871,0.002786,0.999990,0.005583,none,0.250
54,1787294985.263265,camera_init,10.004476,-0.165824,0.000000,0.004617,0.001098,-0.000100,0.999989,-0.000191,none,0.250
55,1787294985.563404,camera_init,10.190201,-0.174717,0.000000,0.003453,0.004176,-0.002990,0.999981,-0.005951,none,0.250
56,1787294992.363286,camera_init,10.283186,-0.176170,0.000000,0.002488,0.001587,-0.004919,0.999984,-0.009831,ext:traffic_light,0.250
57,1787295004.363353,camera_init,10.470101,-0.179843,0.000000,0.002263,0.001902,-0.002979,0.999991,-0.005949,none,0.250
58,1787295004.763345,camera_init,10.626994,-0.183292,0.000000,0.004729,-0.002301,-0.004232,0.999977,-0.008486,none,0.250
59,1787295005.063327,camera_init,10.804971,-0.197958,0.000000,0.002819,-0.000616,-0.002208,0.999993,-0.004420,none,0.250
60,1787295005.363333,camera_init,10.990760,-0.206120,0.000000,0.002670,0.000011,0.000306,0.999996,0.000612,none,0.250
61,1787295005.663278,camera_init,11.169222,-0.200649,0.000000,0.002679,0.000330,0.002619,0.999993,0.005239,none,0.250
62,1787295005.963264,camera_init,11.387129,-0.203078,0.000000,0.003248,0.002481,0.005913,0.999974,0.011842,none,0.250
63,1787295006.263275,camera_init,11.599546,-0.211107,0.000000,0.005359,0.002305,0.003148,0.999978,0.006321,none,0.250
64,1787295006.463264,camera_init,11.757688,-0.217705,0.000000,0.004579,0.002561,0.001886,0.999984,0.003795,none,0.250
65,1787295006.763258,camera_init,11.974820,-0.217316,0.000000,0.005455,0.001014,0.000971,0.999984,0.001954,none,0.250
66,1787295007.063353,camera_init,12.175254,-0.232818,0.000000,0.004901,-0.000247,-0.002327,0.999985,-0.004657,none,0.250
67,1787295007.263316,camera_init,12.325846,-0.237780,0.000000,0.004342,-0.000294,-0.003158,0.999986,-0.006319,none,0.250
68,1787295007.563275,camera_init,12.537179,-0.241138,0.000000,0.005333,0.000113,-0.000582,0.999986,-0.001163,none,0.250
69,1787295007.862129,camera_init,12.740339,-0.248814,0.000000,0.005548,-0.000887,0.000794,0.999984,0.001578,none,0.250
70,1787295008.163385,camera_init,12.963099,-0.251500,0.000000,0.005668,0.001212,0.002439,0.999980,0.004891,none,0.250
71,1787295008.363447,camera_init,13.119332,-0.260389,0.000000,0.006426,0.002020,0.004078,0.999969,0.008183,none,0.250
72,1787295008.563480,camera_init,13.272924,-0.270000,0.000000,0.006438,0.003725,0.000695,0.999972,0.001438,none,0.250
73,1787295008.763298,camera_init,13.448039,-0.273854,0.000000,0.006678,0.001698,-0.000482,0.999976,-0.000941,none,0.250
74,1787295009.063270,camera_init,13.666551,-0.277267,0.000000,0.005351,0.004511,-0.000438,0.999975,-0.000828,none,0.250
75,1787295009.263393,camera_init,13.819150,-0.285378,0.000000,0.003749,0.006071,-0.000931,0.999974,-0.001817,none,0.250
76,1787295009.463423,camera_init,13.985011,-0.294288,0.000000,0.005533,0.007019,-0.002281,0.999957,-0.004484,none,0.250
77,1787295009.663428,camera_init,14.149252,-0.301430,0.000000,0.007078,0.007134,-0.003211,0.999944,-0.006322,none,0.250
78,1787295009.963398,camera_init,14.362394,-0.310642,0.000000,0.004553,0.003929,-0.002899,0.999978,-0.005762,none,0.250
79,1787295010.263350,camera_init,14.578837,-0.307652,0.000000,0.005692,0.005488,0.004561,0.999958,0.009184,none,0.250
80,1787295010.463430,camera_init,14.730478,-0.313408,0.000000,0.006690,0.005236,0.004347,0.999954,0.008765,none,0.250
81,1787295010.663263,camera_init,14.885188,-0.318463,0.000000,0.006228,0.005912,0.001292,0.999962,0.002657,none,0.250
82,1787295010.863299,camera_init,15.062037,-0.326638,0.000000,0.006351,0.002866,-0.003348,0.999970,-0.006659,none,0.250
83,1787295011.063355,camera_init,15.248266,-0.332147,0.000000,0.004222,0.002665,-0.003467,0.999982,-0.006911,none,0.250
84,1787295011.263516,camera_init,15.412266,-0.339945,0.000000,0.003609,0.003157,-0.004249,0.999979,-0.008476,none,0.250
85,1787295011.563300,camera_init,15.630559,-0.345479,0.000000,0.004632,0.003614,0.000771,0.999982,0.001575,none,0.250
86,1787295011.763265,camera_init,15.783405,-0.354935,0.000000,0.005943,0.002065,-0.000946,0.999980,-0.001867,none,0.250
87,1787295011.963318,camera_init,15.934090,-0.357475,0.000000,0.004208,0.004174,-0.000021,0.999982,-0.000007,none,0.250
88,1787295012.263273,camera_init,16.150331,-0.359958,0.000000,0.005050,0.003314,0.003524,0.999976,0.007082,none,0.250
89,1787295012.463289,camera_init,16.306002,-0.358301,0.000000,0.003754,0.002819,0.005832,0.999972,0.011686,none,0.250
90,1787295012.763289,camera_init,16.541839,-0.369579,0.000000,0.004916,0.002638,0.002082,0.999982,0.004191,none,0.250
91,1787295012.963311,camera_init,16.716330,-0.377253,0.000000,0.004108,0.001142,0.006841,0.999968,0.013692,none,0.250
92,1787295013.163326,camera_init,16.867656,-0.377292,0.000000,0.002594,0.001761,0.006617,0.999973,0.013243,none,0.250
93,1787295013.463492,camera_init,17.087471,-0.377377,0.000000,0.005738,0.001867,0.005214,0.999968,0.010450,none,0.250
94,1787295013.763300,camera_init,17.319688,-0.374916,0.000000,0.005413,0.003959,0.012616,0.999898,0.025276,none,0.250
95,1787295013.963471,camera_init,17.472231,-0.375312,0.000000,0.005517,0.001882,0.012965,0.999899,0.025950,none,0.250
96,1787295014.163389,camera_init,17.625822,-0.380776,0.000000,0.005364,0.003390,0.012858,0.999897,0.025753,none,0.250
97,1787295014.463474,camera_init,17.848103,-0.379116,0.000000,0.005019,0.002326,0.015337,0.999867,0.030699,none,0.250
98,1787295014.663399,camera_init,17.998800,-0.378469,0.000000,0.005126,0.002798,0.016842,0.999841,0.033714,none,0.250
99,1787295014.963417,camera_init,18.188078,-0.387516,0.000000,0.006988,0.002748,0.009568,0.999926,0.019175,none,0.250
100,1787295015.263353,camera_init,18.385977,-0.384702,0.000000,0.006519,0.001663,0.009166,0.999935,0.018355,none,0.250
101,1787295015.463426,camera_init,18.536205,-0.384770,0.000000,0.005318,0.002736,0.010030,0.999932,0.020089,none,0.250
102,1787295015.663268,camera_init,18.690441,-0.387635,0.000000,0.005848,0.001595,0.008053,0.999949,0.016124,none,0.250
103,1787295015.863322,camera_init,18.856835,-0.390820,0.000000,0.005791,0.002233,0.003770,0.999974,0.007566,none,0.250
104,1787295016.063464,camera_init,19.016094,-0.393152,0.000000,0.006433,0.003287,0.003248,0.999969,0.006538,none,0.250
105,1787295016.363357,camera_init,19.228703,-0.397544,0.000000,0.006882,0.002537,0.001789,0.999971,0.003612,none,0.250
106,1787295016.663279,camera_init,19.412375,-0.398504,0.000000,0.005603,0.000359,0.003688,0.999977,0.007381,none,0.250
107,1787295016.963293,camera_init,19.628375,-0.402555,0.000000,0.008082,0.001526,0.006042,0.999948,0.012108,none,0.250
108,1787295017.263338,camera_init,19.834960,-0.410484,0.000000,0.008587,0.001266,-0.000292,0.999962,-0.000561,none,0.250
109,1787295017.463362,camera_init,19.996555,-0.413769,0.000000,0.008267,0.002472,0.000616,0.999963,0.001273,none,0.250
110,1787295017.763388,camera_init,20.202268,-0.414114,0.000000,0.008321,0.002439,0.001946,0.999961,0.003933,none,0.250
111,1787295018.063416,camera_init,20.380959,-0.419614,0.000000,0.008063,-0.000216,0.001399,0.999966,0.002795,none,0.250
112,1787295018.363297,camera_init,20.584729,-0.422939,0.000000,0.006823,0.001313,0.001817,0.999974,0.003651,none,0.250
113,1787295018.663463,camera_init,20.791386,-0.427542,0.000000,0.007497,0.001489,0.002167,0.999968,0.004357,none,0.250
114,1787295018.963291,camera_init,20.975392,-0.431065,0.000000,0.006980,0.002724,0.002042,0.999970,0.004123,none,0.250
115,1787295019.263489,camera_init,21.160589,-0.430459,0.000000,0.005764,0.001366,0.004539,0.999972,0.009094,none,0.250
116,1787295019.563509,camera_init,21.360880,-0.438365,0.000000,0.008646,0.000729,0.002679,0.999959,0.005370,none,0.250
117,1787295019.863489,camera_init,21.539103,-0.444104,0.000000,0.007493,0.003026,0.001291,0.999967,0.002628,none,0.250
118,1787295020.163439,camera_init,21.706099,-0.448858,0.000000,0.006528,0.002247,0.002752,0.999972,0.005533,none,0.250
119,1787295020.463451,camera_init,21.875988,-0.446287,0.000000,0.005233,0.001817,0.001686,0.999983,0.003391,none,0.250
120,1787295020.763378,camera_init,22.040596,-0.455225,0.000000,0.006265,0.000415,0.000835,0.999980,0.001676,none,0.250
121,1787295021.063401,camera_init,22.220877,-0.458560,0.000000,0.006504,0.003159,0.001602,0.999973,0.003246,none,0.250
122,1787295021.363358,camera_init,22.396152,-0.461589,0.000000,0.005819,0.003878,0.000235,0.999976,0.000514,none,0.250
123,1787295021.663354,camera_init,22.570482,-0.467095,0.000000,0.006388,0.003574,-0.000613,0.999973,-0.001181,none,0.250
124,1787295021.963321,camera_init,22.734273,-0.467080,0.000000,0.004859,0.002893,0.001079,0.999983,0.002186,none,0.250
125,1787295022.263339,camera_init,22.907870,-0.471568,0.000000,0.006369,0.000387,0.000903,0.999979,0.001812,none,0.250
126,1787295022.563393,camera_init,23.058279,-0.483449,0.000000,0.007274,-0.000256,-0.001001,0.999973,-0.002006,none,0.250
127,1787295022.863374,camera_init,23.215339,-0.485738,0.000000,0.005977,0.002031,-0.000333,0.999980,-0.000642,none,0.250
128,1787295023.163394,camera_init,23.395975,-0.483668,0.000000,0.002820,0.002830,0.002659,0.999988,0.005335,none,0.250
129,1787295023.463503,camera_init,23.571930,-0.487240,0.000000,0.004802,0.002590,0.001580,0.999984,0.003186,none,0.250
130,1787295023.763333,camera_init,23.747734,-0.489276,0.000000,0.006121,0.003681,-0.002941,0.999970,-0.005837,none,0.250
131,1787295024.163419,camera_init,23.940690,-0.504587,0.000000,0.005927,0.002169,-0.004314,0.999971,-0.008602,none,0.250
132,1787295024.563439,camera_init,24.112487,-0.507795,0.000000,0.006818,0.002130,-0.001927,0.999973,-0.003825,none,0.250
133,1787295025.063507,camera_init,24.282840,-0.514906,0.000000,0.006448,0.001700,-0.006866,0.999954,-0.013709,none,0.250
134,1787295033.163470,camera_init,24.371451,-0.519042,0.000000,0.004565,0.001018,-0.008868,0.999950,-0.017727,ext:traffic_light,0.250
135,1787295042.763553,camera_init,24.552524,-0.532516,0.000000,0.004930,0.002232,-0.002187,0.999983,-0.004352,none,0.250
136,1787295043.063530,camera_init,24.721894,-0.540928,0.000000,0.006280,0.005356,-0.003146,0.999961,-0.006224,none,0.250
137,1787295043.363523,camera_init,24.879978,-0.548176,0.000000,0.006998,0.002517,-0.002159,0.999970,-0.004282,none,0.250
138,1787295043.663518,camera_init,25.051400,-0.554481,0.000000,0.003411,0.002244,-0.001792,0.999990,-0.003568,none,0.250
139,1787295043.963523,camera_init,25.244783,-0.560163,0.000000,0.005243,0.002086,-0.002640,0.999981,-0.005259,none,0.250
140,1787295044.263616,camera_init,25.456305,-0.561910,0.000000,0.007128,0.001678,-0.004191,0.999964,-0.008358,none,0.250
141,1787295044.563637,camera_init,25.662458,-0.571500,0.000000,0.006824,0.003128,-0.003513,0.999966,-0.006984,none,0.250
142,1787295044.763503,camera_init,25.819672,-0.573637,0.000000,0.004726,0.003468,-0.003757,0.999976,-0.007482,none,0.250
143,1787295044.963536,camera_init,25.993813,-0.580317,0.000000,0.004738,0.002997,-0.002196,0.999982,-0.004363,none,0.250
144,1787295045.163616,camera_init,26.156486,-0.586671,0.000000,0.004842,0.002789,-0.002517,0.999981,-0.005007,none,0.250
145,1787295045.363552,camera_init,26.307698,-0.590125,0.000000,0.005130,0.003807,-0.003235,0.999974,-0.006431,none,0.250
146,1787295045.663617,camera_init,26.540427,-0.605428,0.000000,0.005331,0.003395,-0.003834,0.999973,-0.007632,none,0.250
147,1787295045.863488,camera_init,26.704740,-0.609446,0.000000,0.004082,0.002013,-0.002019,0.999988,-0.004021,none,0.250
148,1787295046.063533,camera_init,26.869544,-0.617059,0.000000,0.005022,0.002874,-0.001343,0.999982,-0.002657,none,0.250
149,1787295046.263571,camera_init,27.038537,-0.623731,0.000000,0.005608,0.003625,-0.001765,0.999976,-0.003490,none,0.250
150,1787295046.463630,camera_init,27.204658,-0.630821,0.000000,0.005166,0.003340,-0.002923,0.999977,-0.005812,none,0.250
151,1787295046.663494,camera_init,27.379074,-0.641180,0.000000,0.005168,0.004559,-0.001837,0.999975,-0.003627,none,0.250
152,1787295046.863661,camera_init,27.543845,-0.643797,0.000000,0.001931,0.002482,-0.002584,0.999992,-0.005159,none,0.250
153,1787295047.063586,camera_init,27.705987,-0.647438,0.000000,0.003386,0.003193,-0.002824,0.999985,-0.005627,none,0.250
154,1787295047.263638,camera_init,27.877438,-0.655365,0.000000,0.003472,0.002328,-0.003405,0.999985,-0.006793,none,0.250
155,1787295047.463527,camera_init,28.031523,-0.666229,0.000000,0.004971,0.001521,-0.005958,0.999969,-0.011900,none,0.250
156,1787295047.663595,camera_init,28.210078,-0.671190,0.000000,0.004687,0.002690,-0.006920,0.999961,-0.013815,none,0.250
157,1787295047.863535,camera_init,28.378685,-0.676654,0.000000,0.003881,-0.000177,-0.004839,0.999981,-0.009679,none,0.250
158,1787295048.063511,camera_init,28.537726,-0.680023,0.000000,0.005495,0.000032,-0.005049,0.999972,-0.010098,none,0.250
159,1787295048.263468,camera_init,28.705558,-0.684706,0.000000,0.004846,0.001099,-0.005435,0.999973,-0.010858,none,0.250
160,1787295048.462693,camera_init,28.867700,-0.695402,0.000000,0.006040,-0.000091,-0.005663,0.999966,-0.011327,none,0.250
161,1787295048.663739,camera_init,29.033776,-0.705940,0.000000,0.006633,0.000533,-0.003888,0.999970,-0.007768,none,0.250
162,1787295048.863561,camera_init,29.225007,-0.712058,0.000000,0.004130,0.000377,-0.003585,0.999985,-0.007166,none,0.250
163,1787295049.063540,camera_init,29.409758,-0.717967,0.000000,0.004980,0.001427,-0.004189,0.999978,-0.008365,none,0.250
164,1787295049.263636,camera_init,29.583765,-0.727268,0.000000,0.007748,0.000882,-0.005585,0.999954,-0.011156,none,0.250
165,1787295049.463556,camera_init,29.758439,-0.733132,0.000000,0.006120,-0.000332,-0.007797,0.999951,-0.015599,none,0.250
166,1787295049.663633,camera_init,29.926364,-0.739821,0.000000,0.007097,0.001039,-0.007000,0.999950,-0.013985,none,0.250
167,1787295049.863678,camera_init,30.094258,-0.742833,0.000000,0.008554,0.000059,-0.004876,0.999952,-0.009750,none,0.250
168,1787295050.063646,camera_init,30.280930,-0.741396,0.000000,0.009165,-0.000185,-0.004577,0.999948,-0.009157,none,0.250
169,1787295050.263532,camera_init,30.458257,-0.752733,0.000000,0.008880,0.001543,-0.004067,0.999951,-0.008105,none,0.250
170,1787295050.463781,camera_init,30.650486,-0.765056,0.000000,0.009418,0.000904,-0.003806,0.999948,-0.007595,none,0.250
171,1787295050.663482,camera_init,30.833797,-0.778507,0.000000,0.004952,0.004963,-0.003598,0.999969,-0.007148,none,0.250
172,1787295050.863696,camera_init,31.013687,-0.781981,0.000000,0.006700,0.002102,-0.002872,0.999971,-0.005715,none,0.250
173,1787295051.063547,camera_init,31.198109,-0.789567,0.000000,0.007175,0.003000,-0.001794,0.999968,-0.003545,none,0.250
174,1787295051.263618,camera_init,31.383064,-0.796045,0.000000,0.008797,0.004620,-0.002132,0.999948,-0.004183,none,0.250
175,1787295051.463650,camera_init,31.577380,-0.795856,0.000000,0.009334,0.003856,0.000089,0.999949,0.000251,none,0.250
176,1787295051.663705,camera_init,31.759529,-0.802303,0.000000,0.008689,0.006309,0.001423,0.999941,0.002956,none,0.250
177,1787295051.863571,camera_init,31.933571,-0.806826,0.000000,0.007204,0.004624,0.000815,0.999963,0.001696,none,0.250
178,1787295052.063582,camera_init,32.117106,-0.813512,0.000000,0.007877,0.006107,0.002452,0.999947,0.005000,none,0.250
179,1787295052.263671,camera_init,32.306438,-0.821981,0.000000,0.007449,0.004972,0.002991,0.999955,0.006055,none,0.250
180,1787295052.463663,camera_init,32.494783,-0.823124,0.000000,0.007947,0.003896,0.004301,0.999952,0.008663,none,0.250
181,1787295052.663587,camera_init,32.691135,-0.827080,0.000000,0.006703,0.005084,0.003432,0.999959,0.006932,none,0.250
182,1787295052.863626,camera_init,32.884938,-0.830639,0.000000,0.008219,0.008365,0.001683,0.999930,0.003503,none,0.250
183,1787295053.063665,camera_init,33.076354,-0.838632,0.000000,0.011693,0.007693,-0.000926,0.999902,-0.001672,none,0.250
184,1787295053.263633,camera_init,33.258869,-0.839060,0.000000,0.007632,0.007536,0.001004,0.999942,0.002122,none,0.250
185,1787295053.463708,camera_init,33.439892,-0.843941,0.000000,0.006778,0.008478,0.001745,0.999940,0.003605,none,0.250
186,1787295053.663633,camera_init,33.632494,-0.844623,0.000000,0.008488,0.010450,0.003995,0.999901,0.008168,none,0.250
187,1787295053.863564,camera_init,33.811513,-0.848077,0.000000,0.006455,0.009321,0.005693,0.999920,0.011509,none,0.250
188,1787295054.063493,camera_init,33.992655,-0.850018,0.000000,0.007207,0.009215,0.005999,0.999914,0.012133,none,0.250
189,1787295054.263694,camera_init,34.178167,-0.853814,0.000000,0.006958,0.008326,0.006409,0.999921,0.012936,none,0.250
190,1787295054.463644,camera_init,34.360523,-0.860309,0.000000,0.006442,0.007143,0.005715,0.999937,0.011522,none,0.250
191,1787295054.663576,camera_init,34.553129,-0.863983,0.000000,0.007511,0.008897,0.003895,0.999925,0.007925,none,0.250
192,1787295054.863609,camera_init,34.727103,-0.874171,0.000000,0.006993,0.006498,0.000574,0.999954,0.001238,none,0.250
193,1787295055.063620,camera_init,34.901416,-0.873400,0.000000,0.006714,0.006151,0.001938,0.999957,0.003958,none,0.250
194,1787295055.263557,camera_init,35.082113,-0.880917,0.000000,0.006876,0.007068,0.001895,0.999950,0.003888,none,0.250
195,1787295055.463520,camera_init,35.248892,-0.879037,0.000000,0.007700,0.006995,0.003670,0.999939,0.007448,none,0.250
196,1787295055.663575,camera_init,35.428895,-0.884857,0.000000,0.006117,0.008392,0.005071,0.999933,0.010246,none,0.250
197,1787295055.863752,camera_init,35.609414,-0.883733,0.000000,0.005000,0.007702,0.005769,0.999941,0.011616,none,0.250
198,1787295056.063550,camera_init,35.784137,-0.887229,0.000000,0.006571,0.007344,0.005646,0.999935,0.011389,none,0.250
199,1787295056.263553,camera_init,35.968202,-0.889071,0.000000,0.005691,0.008754,0.005570,0.999930,0.011241,none,0.250
200,1787295056.463591,camera_init,36.151482,-0.892450,0.000000,0.007656,0.011003,0.003859,0.999903,0.007888,none,0.250
201,1787295056.663686,camera_init,36.318084,-0.899601,0.000000,0.011354,0.009350,-0.000523,0.999892,-0.000834,none,0.250
202,1787295056.863796,camera_init,36.492887,-0.904104,0.000000,0.008110,0.008277,-0.000826,0.999933,-0.001517,none,0.250
203,1787295057.063637,camera_init,36.671352,-0.907356,0.000000,0.007954,0.007518,0.000081,0.999940,0.000282,none,0.250
204,1787295057.263659,camera_init,36.856253,-0.913390,0.000000,0.008600,0.006672,0.003285,0.999935,0.006685,none,0.250
205,1787295057.463570,camera_init,37.033464,-0.910465,0.000000,0.006994,0.008106,0.005418,0.999928,0.010951,none,0.250
206,1787295057.663728,camera_init,37.218287,-0.912386,0.000000,0.008252,0.008159,0.007623,0.999904,0.015382,none,0.250
207,1787295057.863632,camera_init,37.388066,-0.916375,0.000000,0.006972,0.007018,0.006646,0.999929,0.013392,none,0.250
208,1787295058.063602,camera_init,37.571835,-0.918329,0.000000,0.005589,0.007444,0.007608,0.999928,0.015299,none,0.250
209,1787295058.263581,camera_init,37.750692,-0.918812,0.000000,0.007222,0.007859,0.009096,0.999902,0.018306,none,0.250
210,1787295058.463678,camera_init,37.920487,-0.929180,0.000000,0.007642,0.008384,0.003955,0.999928,0.008038,none,0.250
211,1787295058.663604,camera_init,38.095298,-0.931046,0.000000,0.007277,0.006970,0.001970,0.999947,0.004041,none,0.250
212,1787295058.863678,camera_init,38.276959,-0.932578,0.000000,0.006923,0.005527,0.002167,0.999958,0.004411,none,0.250
213,1787295059.063604,camera_init,38.447221,-0.935373,0.000000,0.007603,0.005800,0.002088,0.999952,0.004265,none,0.250
214,1787295059.263643,camera_init,38.626876,-0.935213,0.000000,0.008693,0.007739,0.003263,0.999927,0.006661,none,0.250
215,1787295059.463667,camera_init,38.791038,-0.936835,0.000000,0.008912,0.006699,0.003682,0.999931,0.007483,none,0.250
216,1787295059.663615,camera_init,38.957304,-0.939235,0.000000,0.008576,0.005946,0.005167,0.999932,0.010436,none,0.250
217,1787295059.863593,camera_init,39.130006,-0.943811,0.000000,0.008274,0.006426,0.004718,0.999934,0.009542,none,0.250
218,1787295060.063663,camera_init,39.298886,-0.951365,0.000000,0.008953,0.005777,-0.001113,0.999943,-0.002123,none,0.250
219,1787295060.263701,camera_init,39.470236,-0.972800,0.000000,0.009852,0.007822,-0.016445,0.999786,-0.032739,none,0.250
220,1787295060.463603,camera_init,39.637350,-1.002308,0.000000,0.010113,0.006844,-0.044252,0.998946,-0.088397,none,0.250
221,1787295060.663665,camera_init,39.801063,-1.040200,0.000000,0.011320,0.007627,-0.073035,0.997236,-0.146034,none,0.250
222,1787295060.863672,camera_init,39.967939,-1.083598,0.000000,0.010568,0.006551,-0.096626,0.995243,-0.193420,none,0.250
223,1787295061.063725,camera_init,40.119793,-1.137362,0.000000,0.012952,0.007426,-0.124513,0.992106,-0.249487,none,0.250
224,1787295061.263561,camera_init,40.259716,-1.201380,0.000000,0.013085,0.008536,-0.157297,0.987428,-0.315702,none,0.250
225,1787295061.463657,camera_init,40.402808,-1.277987,0.000000,0.016426,0.007977,-0.195586,0.980517,-0.393455,none,0.250
226,1787295061.663717,camera_init,40.533712,-1.372448,0.000000,0.016013,0.005447,-0.241962,0.970138,-0.488586,none,0.250
227,1787295061.863737,camera_init,40.647550,-1.482030,0.000000,0.016366,0.004244,-0.285312,0.958286,-0.578495,none,0.250
228,1787295062.063619,camera_init,40.765175,-1.596451,0.000000,0.018149,0.004596,-0.323968,0.945883,-0.659640,none,0.250
229,1787295062.263695,camera_init,40.866102,-1.720996,0.000000,0.019307,0.005304,-0.368269,0.929504,-0.754067,none,0.250
230,1787295062.463717,camera_init,40.953568,-1.857318,0.000000,0.020637,0.003782,-0.415925,0.909157,-0.857707,none,0.250
231,1787295062.663691,camera_init,41.017261,-1.994995,0.000000,0.019263,0.003945,-0.465528,0.884815,-0.968285,none,0.250
232,1787295062.963585,camera_init,41.063067,-2.197562,0.000000,0.020495,-0.001759,-0.549925,0.834961,-1.164473,none,0.250
233,1787295063.263622,camera_init,41.078134,-2.422649,0.000000,0.023084,-0.002889,-0.623949,0.781119,-1.347522,none,0.250
234,1787295063.463760,camera_init,41.071992,-2.577130,0.000000,0.021405,-0.001413,-0.665872,0.745758,-1.457288,none,0.250
235,1787295063.663757,camera_init,41.076677,-2.734454,0.000000,0.020549,-0.004453,-0.679569,0.733310,-1.494373,none,0.250
236,1787295063.863608,camera_init,41.087533,-2.896927,0.000000,0.019570,-0.004048,-0.681356,0.731680,-1.499244,none,0.250
237,1787295064.063611,camera_init,41.099376,-3.058292,0.000000,0.020105,-0.005518,-0.683033,0.730090,-1.503862,none,0.250
238,1787295064.263690,camera_init,41.112736,-3.216191,0.000000,0.021049,-0.006557,-0.683051,0.730038,-1.503937,none,0.250
239,1787295064.463618,camera_init,41.108400,-3.388323,0.000000,0.020429,-0.006572,-0.682208,0.730843,-1.501632,none,0.250
240,1787295064.663669,camera_init,41.111529,-3.564616,0.000000,0.020254,-0.005613,-0.680645,0.732312,-1.497335,none,0.250
241,1787295064.863726,camera_init,41.118801,-3.748419,0.000000,0.022683,-0.002913,-0.679120,0.733670,-1.493117,none,0.250
242,1787295065.063672,camera_init,41.119768,-3.931382,0.000000,0.025077,-0.002376,-0.685502,0.727635,-1.510569,none,0.250
243,1787295065.263624,camera_init,41.126865,-4.107746,0.000000,0.026371,-0.001173,-0.689737,0.723579,-1.522224,none,0.250
244,1787295065.463785,camera_init,41.133896,-4.283543,0.000000,0.023835,-0.004753,-0.690542,0.722884,-1.524506,none,0.250
245,1787295065.663609,camera_init,41.132979,-4.464530,0.000000,0.022562,-0.005442,-0.694484,0.719133,-1.535456,none,0.250
246,1787295065.863714,camera_init,41.131083,-4.649247,0.000000,0.022039,-0.003392,-0.698882,0.714889,-1.547682,none,0.250
247,1787295066.063692,camera_init,41.129462,-4.829228,0.000000,0.024332,-0.005871,-0.700750,0.712968,-1.552958,none,0.250
248,1787295066.263599,camera_init,41.126991,-5.017950,0.000000,0.023699,-0.006156,-0.702260,0.711500,-1.557205,none,0.250
249,1787295066.463696,camera_init,41.121714,-5.199691,0.000000,0.021472,-0.006713,-0.702392,0.711435,-1.557591,none,0.250
250,1787295066.663641,camera_init,41.118128,-5.382252,0.000000,0.019917,-0.005253,-0.701834,0.712042,-1.555990,none,0.250
251,1787295066.863719,camera_init,41.119742,-5.560779,0.000000,0.023465,-0.002830,-0.700123,0.713631,-1.551149,none,0.250
252,1787295067.063709,camera_init,41.111563,-5.749092,0.000000,0.026330,-0.002079,-0.701639,0.712043,-1.555389,none,0.250
253,1787295067.263577,camera_init,41.107394,-5.934935,0.000000,0.024702,-0.003786,-0.700373,0.713340,-1.551860,none,0.250
254,1787295067.463625,camera_init,41.108095,-6.119274,0.000000,0.023604,-0.003612,-0.701035,0.712727,-1.553715,none,0.250
255,1787295067.663304,camera_init,41.110057,-6.299955,0.000000,0.023547,-0.004001,-0.701553,0.712217,-1.555175,none,0.250
256,1787295067.863684,camera_init,41.112550,-6.483598,0.000000,0.026198,-0.003623,-0.702266,0.711423,-1.557170,none,0.250
257,1787295068.063669,camera_init,41.104669,-6.668844,0.000000,0.026312,-0.002324,-0.701919,0.711767,-1.556180,none,0.250
258,1787295068.263684,camera_init,41.101104,-6.844667,0.000000,0.023382,-0.000834,-0.702600,0.711201,-1.558083,none,0.250
259,1787295068.463569,camera_init,41.094245,-7.023820,0.000000,0.021859,-0.001903,-0.703757,0.710102,-1.561347,none,0.250
260,1787295068.663601,camera_init,41.089945,-7.211655,0.000000,0.023377,-0.002860,-0.703699,0.710107,-1.561194,none,0.250
261,1787295068.863713,camera_init,41.084598,-7.400807,0.000000,0.024204,-0.002649,-0.705676,0.708116,-1.566767,none,0.250
262,1787295069.063614,camera_init,41.085487,-7.592525,0.000000,0.025382,-0.003011,-0.704549,0.709195,-1.563590,none,0.250
263,1787295069.263660,camera_init,41.081713,-7.787769,0.000000,0.023638,-0.001962,-0.705283,0.708529,-1.565650,none,0.250
264,1787295069.463747,camera_init,41.077572,-7.969717,0.000000,0.023226,-0.002549,-0.705731,0.708095,-1.566919,none,0.250
265,1787295069.663713,camera_init,41.076083,-8.143951,0.000000,0.020351,0.000492,-0.704346,0.709565,-1.562999,none,0.250
266,1787295069.863711,camera_init,41.073482,-8.320985,0.000000,0.022712,-0.001250,-0.705022,0.708821,-1.564909,none,0.250
267,1787295070.063752,camera_init,41.069912,-8.512991,0.000000,0.020626,-0.000378,-0.704685,0.709220,-1.563956,none,0.250
268,1787295070.263758,camera_init,41.069583,-8.701167,0.000000,0.021764,-0.001805,-0.703801,0.710061,-1.561472,none,0.250
269,1787295070.463911,camera_init,41.059782,-8.885537,0.000000,0.022923,-0.001054,-0.704374,0.709458,-1.563082,none,0.250
270,1787295070.663763,camera_init,41.054689,-9.075633,0.000000,0.021725,0.000195,-0.706513,0.707367,-1.569115,none,0.250
271,1787295070.863671,camera_init,41.052642,-9.262780,0.000000,0.019300,0.000732,-0.705233,0.708713,-1.565501,none,0.250
272,1787295071.063765,camera_init,41.047738,-9.459072,0.000000,0.018842,0.000117,-0.705669,0.708292,-1.566731,none,0.250
273,1787295071.263790,camera_init,41.043433,-9.652183,0.000000,0.020698,-0.001158,-0.706034,0.707875,-1.567766,none,0.250
274,1787295071.463728,camera_init,41.037968,-9.836060,0.000000,0.021419,0.000084,-0.708478,0.705408,-1.574681,none,0.250
275,1787295071.663777,camera_init,41.030590,-10.025344,0.000000,0.021697,0.000415,-0.709193,0.704680,-1.576710,none,0.250
276,1787295071.863757,camera_init,41.026372,-10.225466,0.000000,0.024587,-0.000088,-0.709937,0.703835,-1.578824,none,0.250
277,1787295072.063725,camera_init,41.020186,-10.411931,0.000000,0.024450,-0.000220,-0.708923,0.704862,-1.575942,none,0.250
278,1787295072.263744,camera_init,41.004618,-10.600210,0.000000,0.025360,0.000847,-0.710906,0.702829,-1.581580,none,0.250
279,1787295072.463660,camera_init,40.996286,-10.790241,0.000000,0.022735,-0.000261,-0.712621,0.701181,-1.586463,none,0.250
280,1787295072.663672,camera_init,40.992284,-10.984167,0.000000,0.022604,-0.000572,-0.711356,0.702468,-1.582858,none,0.250
281,1787295072.863683,camera_init,40.981526,-11.174729,0.000000,0.021481,-0.003914,-0.713855,0.699954,-1.590011,none,0.250
282,1787295073.063712,camera_init,40.972017,-11.362360,0.000000,0.022907,-0.003498,-0.714736,0.699010,-1.592526,none,0.250
283,1787295073.263722,camera_init,40.962562,-11.545609,0.000000,0.024031,-0.002815,-0.714326,0.699395,-1.591345,none,0.250
284,1787295073.463699,camera_init,40.951701,-11.733306,0.000000,0.022708,-0.003689,-0.715392,0.698345,-1.594405,none,0.250
285,1787295073.663713,camera_init,40.947651,-11.928113,0.000000,0.022157,-0.002591,-0.710975,0.702863,-1.581785,none,0.250
286,1787295073.863642,camera_init,40.940981,-12.117108,0.000000,0.022904,-0.004227,-0.709489,0.704332,-1.577583,none,0.250
287,1787295074.063734,camera_init,40.929143,-12.298520,0.000000,0.027207,-0.003731,-0.711588,0.702060,-1.583546,none,0.250
288,1787295074.263692,camera_init,40.923934,-12.478624,0.000000,0.023784,-0.002200,-0.711068,0.702717,-1.582047,none,0.250
289,1787295074.463673,camera_init,40.920069,-12.664134,0.000000,0.024942,-0.000703,-0.709308,0.704457,-1.577035,none,0.250
290,1787295074.663824,camera_init,40.912659,-12.853959,0.000000,0.023997,-0.001865,-0.710046,0.703743,-1.579139,none,0.250
291,1787295074.863630,camera_init,40.907487,-13.036474,0.000000,0.023692,-0.003138,-0.707977,0.705831,-1.573280,none,0.250
292,1787295075.063775,camera_init,40.899219,-13.223058,0.000000,0.020632,-0.005627,-0.707839,0.706050,-1.572932,none,0.250
293,1787295075.263719,camera_init,40.896680,-13.404186,0.000000,0.024143,-0.003331,-0.706367,0.707426,-1.568727,none,0.250
294,1787295075.463805,camera_init,40.894316,-13.595035,0.000000,0.027191,-0.000754,-0.703607,0.710068,-1.560917,none,0.250
295,1787295075.663704,camera_init,40.893197,-13.792285,0.000000,0.025878,-0.000700,-0.702198,0.711510,-1.556954,none,0.250
296,1787295075.863792,camera_init,40.885057,-13.973584,0.000000,0.026604,-0.003480,-0.704466,0.709230,-1.563361,none,0.250
297,1787295076.063675,camera_init,40.885436,-14.161653,0.000000,0.024661,-0.004008,-0.703153,0.710599,-1.559673,none,0.250
298,1787295076.263661,camera_init,40.880661,-14.343317,0.000000,0.023940,-0.005031,-0.703999,0.709779,-1.562074,none,0.250
299,1787295076.463820,camera_init,40.879757,-14.526456,0.000000,0.023122,-0.007055,-0.704147,0.709643,-1.562540,none,0.250
300,1787295076.663772,camera_init,40.872973,-14.726138,0.000000,0.025216,-0.005606,-0.705137,0.708601,-1.565293,none,0.250
301,1787295076.863801,camera_init,40.869010,-14.923719,0.000000,0.026430,-0.004114,-0.704434,0.709266,-1.563280,none,0.250
302,1787295077.063761,camera_init,40.866246,-15.114816,0.000000,0.026383,-0.003319,-0.704513,0.709193,-1.563491,none,0.250
303,1787295077.263754,camera_init,40.858584,-15.307018,0.000000,0.026287,-0.005479,-0.704768,0.708929,-1.564251,none,0.250
304,1787295077.463263,camera_init,40.849375,-15.495289,0.000000,0.026787,-0.005052,-0.707540,0.706148,-1.572073,none,0.250
305,1787295077.663479,camera_init,40.841736,-15.689680,0.000000,0.026352,-0.006612,-0.708857,0.704828,-1.575844,none,0.250
306,1787295077.863270,camera_init,40.840728,-15.876642,0.000000,0.024164,-0.004478,-0.706991,0.706796,-1.570509,none,0.250
307,1787295078.063775,camera_init,40.837896,-16.059593,0.000000,0.026380,-0.005141,-0.707626,0.706076,-1.572320,none,0.250
308,1787295078.263764,camera_init,40.833142,-16.244618,0.000000,0.026540,-0.004678,-0.706438,0.707262,-1.568948,none,0.250
309,1787295078.463817,camera_init,40.827825,-16.433208,0.000000,0.025015,-0.005369,-0.705771,0.707978,-1.567078,none,0.250
310,1787295078.663812,camera_init,40.822223,-16.618983,0.000000,0.025634,-0.004007,-0.705153,0.708581,-1.565306,none,0.250
311,1787295078.863848,camera_init,40.823070,-16.807952,0.000000,0.024365,-0.003304,-0.705117,0.708664,-1.565197,none,0.250
312,1787295079.063722,camera_init,40.820168,-17.001435,0.000000,0.028533,-0.003108,-0.704310,0.709312,-1.562915,none,0.250
313,1787295079.263693,camera_init,40.809251,-17.202918,0.000000,0.028341,-0.002399,-0.708072,0.705567,-1.573543,none,0.250
314,1787295079.463685,camera_init,40.802317,-17.388463,0.000000,0.026009,-0.003268,-0.708200,0.705525,-1.573915,none,0.250
315,1787295079.663870,camera_init,40.796324,-17.595748,0.000000,0.024274,-0.001386,-0.707058,0.706738,-1.570662,none,0.250
316,1787295079.863776,camera_init,40.792597,-17.771871,0.000000,0.025976,-0.002650,-0.706832,0.706899,-1.570033,none,0.250
317,1787295080.063830,camera_init,40.790280,-17.962269,0.000000,0.026795,-0.005556,-0.706109,0.707574,-1.568037,none,0.250
318,1787295080.263805,camera_init,40.784706,-18.145180,0.000000,0.027303,-0.004921,-0.706506,0.707163,-1.569146,none,0.250
319,1787295080.463730,camera_init,40.781109,-18.333315,0.000000,0.025072,-0.004702,-0.704770,0.708977,-1.564239,none,0.250
320,1787295080.663737,camera_init,40.776169,-18.524905,0.000000,0.024682,-0.002818,-0.704638,0.709132,-1.563837,none,0.250
321,1787295080.863733,camera_init,40.778487,-18.713243,0.000000,0.025718,-0.003446,-0.700563,0.713119,-1.552387,none,0.250
322,1787295081.063869,camera_init,40.772611,-18.896671,0.000000,0.024987,-0.006244,-0.703954,0.709778,-1.561973,none,0.250
323,1787295081.263825,camera_init,40.771071,-19.089584,0.000000,0.024752,-0.004796,-0.702112,0.711620,-1.556759,none,0.250
324,1787295081.463726,camera_init,40.775180,-19.286134,0.000000,0.024552,-0.002838,-0.695375,0.718222,-1.537883,none,0.250
325,1787295081.663707,camera_init,40.774134,-19.471495,0.000000,0.022203,-0.005395,-0.694400,0.719227,-1.535219,none,0.250
326,1787295081.863720,camera_init,40.774125,-19.654047,0.000000,0.021000,-0.005406,-0.693595,0.720038,-1.532986,none,0.250
327,1787295082.063842,camera_init,40.776855,-19.843834,0.000000,0.021850,-0.006986,-0.693879,0.719726,-1.533814,none,0.250
328,1787295082.263796,camera_init,40.773544,-20.033852,0.000000,0.022178,-0.008031,-0.693315,0.720249,-1.532279,none,0.250
329,1787295082.463757,camera_init,40.777432,-20.225378,0.000000,0.022173,-0.006014,-0.693859,0.719744,-1.533733,none,0.250
330,1787295082.663665,camera_init,40.776606,-20.425916,0.000000,0.024124,-0.006769,-0.694543,0.719015,-1.535651,none,0.250
331,1787295082.863869,camera_init,40.773415,-20.631358,0.000000,0.024190,-0.004702,-0.697050,0.716599,-1.542585,none,0.250
332,1787295083.063767,camera_init,40.780713,-20.836669,0.000000,0.023835,-0.003495,-0.695427,0.718192,-1.538041,none,0.250
333,1787295083.263713,camera_init,40.778331,-21.035609,0.000000,0.025001,-0.003625,-0.695101,0.718469,-1.537131,none,0.250
334,1787295083.463777,camera_init,40.780846,-21.245021,0.000000,0.023656,-0.004306,-0.695969,0.717669,-1.539563,none,0.250
335,1787295083.663880,camera_init,40.778181,-21.476786,0.000000,0.026227,-0.003101,-0.695929,0.717625,-1.539427,none,0.250
336,1787295083.863837,camera_init,40.777634,-21.695854,0.000000,0.024460,-0.002706,-0.696269,0.717359,-1.540374,none,0.250
337,1787295084.063787,camera_init,40.771667,-21.895037,0.000000,0.024249,-0.002396,-0.704067,0.709715,-1.562225,none,0.250
338,1787295084.263711,camera_init,40.759450,-22.069939,0.000000,0.021705,-0.004820,-0.713849,0.699947,-1.590010,none,0.250
339,1787295084.463756,camera_init,40.747200,-22.255104,0.000000,0.022819,-0.006090,-0.717515,0.696143,-1.600538,none,0.250
340,1787295084.663805,camera_init,40.740339,-22.450782,0.000000,0.021843,-0.004736,-0.718765,0.694894,-1.604104,none,0.250
341,1787295084.863786,camera_init,40.730586,-22.640561,0.000000,0.020613,-0.007006,-0.717732,0.695979,-1.601185,none,0.250
342,1787295085.063725,camera_init,40.719523,-22.827552,0.000000,0.018030,-0.008892,-0.716470,0.697328,-1.597618,none,0.250
343,1787295085.263749,camera_init,40.711885,-23.022696,0.000000,0.023125,-0.006520,-0.715621,0.698076,-1.595116,none,0.250
344,1787295085.463912,camera_init,40.706553,-23.208854,0.000000,0.023278,-0.005699,-0.714666,0.699055,-1.592366,none,0.250
345,1787295085.663872,camera_init,40.695719,-23.396806,0.000000,0.025014,-0.006531,-0.715150,0.698492,-1.593772,none,0.250
346,1787295085.863966,camera_init,40.684617,-23.589114,0.000000,0.025421,-0.005013,-0.714399,0.699258,-1.591590,none,0.250
347,1787295086.063736,camera_init,40.672176,-23.776490,0.000000,0.029231,-0.003711,-0.716663,0.696796,-1.598059,none,0.250
348,1787295086.263835,camera_init,40.658797,-23.962290,0.000000,0.026845,-0.005951,-0.716517,0.697027,-1.597677,none,0.250
349,1787295086.463816,camera_init,40.647180,-24.144750,0.000000,0.023842,-0.001186,-0.716736,0.696936,-1.598237,none,0.250
350,1787295086.663884,camera_init,40.635531,-24.316101,0.000000,0.025606,-0.003390,-0.714685,0.698969,-1.592381,none,0.250
351,1787295086.863777,camera_init,40.631929,-24.476460,0.000000,0.025207,-0.004975,-0.712791,0.700906,-1.586996,none,0.250
352,1787295087.063883,camera_init,40.627022,-24.639605,0.000000,0.027224,-0.004572,-0.712306,0.701326,-1.585606,none,0.250
353,1787295087.263781,camera_init,40.620591,-24.811704,0.000000,0.025399,-0.004302,-0.710454,0.703272,-1.580329,none,0.250
354,1787295087.463778,camera_init,40.612182,-24.993692,0.000000,0.026910,-0.003737,-0.710961,0.702706,-1.581763,none,0.250
355,1787295087.663740,camera_init,40.602793,-25.151668,0.000000,0.024601,-0.005545,-0.711489,0.702244,-1.583296,none,0.250
356,1787295087.863171,camera_init,40.591774,-25.314403,0.000000,0.026062,-0.005080,-0.711875,0.701804,-1.584387,none,0.250
357,1787295088.063716,camera_init,40.579946,-25.494792,0.000000,0.026638,-0.004341,-0.714317,0.699302,-1.591344,none,0.250
358,1787295088.263720,camera_init,40.574820,-25.686635,0.000000,0.026437,-0.004534,-0.714148,0.699481,-1.590863,none,0.250
359,1787295088.463876,camera_init,40.569628,-25.871918,0.000000,0.024874,-0.003104,-0.712294,0.701433,-1.585549,none,0.250
360,1787295088.663923,camera_init,40.564152,-26.037586,0.000000,0.024478,-0.004284,-0.709092,0.704677,-1.576460,none,0.250
361,1787295088.863847,camera_init,40.560382,-26.198264,0.000000,0.023745,-0.003716,-0.706038,0.707766,-1.567801,none,0.250
362,1787295089.063793,camera_init,40.550193,-26.350562,0.000000,0.024297,-0.006340,-0.704462,0.709298,-1.563407,none,0.250
363,1787295089.263759,camera_init,40.553013,-26.519695,0.000000,0.023240,-0.004915,-0.697053,0.716626,-1.542597,none,0.250
364,1787295089.463884,camera_init,40.555543,-26.676407,0.000000,0.022839,-0.004110,-0.695036,0.718600,-1.536963,none,0.250
365,1787295089.663816,camera_init,40.558455,-26.850529,0.000000,0.025883,-0.002907,-0.693067,0.720403,-1.531466,none,0.250
366,1787295089.863852,camera_init,40.559368,-27.012127,0.000000,0.028295,-0.003669,-0.693365,0.720021,-1.532302,none,0.250
367,1787295090.063752,camera_init,40.556096,-27.170919,0.000000,0.026662,-0.004441,-0.695846,0.717683,-1.539218,none,0.250
368,1787295090.363718,camera_init,40.557160,-27.387580,0.000000,0.024434,-0.004215,-0.691982,0.721489,-1.528481,none,0.250
369,1787295090.563761,camera_init,40.556127,-27.541111,0.000000,0.025537,-0.003123,-0.689904,0.723443,-1.522710,none,0.250
370,1787295090.863889,camera_init,40.561128,-27.768590,0.000000,0.025722,-0.005075,-0.688627,0.724642,-1.519218,none,0.250
371,1787295091.063720,camera_init,40.564700,-27.931174,0.000000,0.026573,-0.004084,-0.687197,0.725973,-1.515255,none,0.250
372,1787295091.263719,camera_init,40.571545,-28.089313,0.000000,0.025017,-0.005209,-0.687343,0.725884,-1.515682,none,0.250
373,1787295091.463770,camera_init,40.574746,-28.241822,0.000000,0.025898,-0.004682,-0.687194,0.725997,-1.515259,none,0.250
374,1787295091.763773,camera_init,40.566340,-28.440564,0.000000,0.027838,-0.004012,-0.703068,0.710566,-1.559432,none,0.250
375,1787295092.063755,camera_init,40.537819,-28.622416,0.000000,0.028057,-0.005809,-0.727179,0.685850,-1.628505,none,0.250
376,1787295092.363736,camera_init,40.485641,-28.805535,0.000000,0.031716,-0.006425,-0.757262,0.652309,-1.718421,none,0.250
377,1787295092.663759,camera_init,40.425876,-28.980128,0.000000,0.032440,-0.007336,-0.779899,0.625021,-1.789310,none,0.250
378,1787295092.963822,camera_init,40.351059,-29.133309,0.000000,0.029892,-0.007634,-0.803164,0.594958,-1.865527,none,0.250
379,1787295093.263733,camera_init,40.267305,-29.277506,0.000000,0.030386,-0.008750,-0.828097,0.559692,-1.951903,none,0.250
380,1787295093.563774,camera_init,40.172031,-29.413475,0.000000,0.029723,-0.007318,-0.854210,0.519026,-2.048662,none,0.250
381,1787295093.863794,camera_init,40.060773,-29.537013,0.000000,-0.031686,0.008875,0.881461,-0.471110,-2.158834,none,0.250
382,1787295094.163789,camera_init,39.934052,-29.647751,0.000000,-0.029051,0.007164,0.910386,-0.412677,-2.289533,none,0.250
383,1787295094.463811,camera_init,39.774226,-29.747620,0.000000,-0.031126,0.006630,0.934871,-0.353558,-2.417543,none,0.250
384,1787295094.763797,camera_init,39.618407,-29.827310,0.000000,-0.027518,0.006468,0.952348,-0.303701,-2.523482,none,0.250
385,1787295095.063851,camera_init,39.457651,-29.865847,0.000000,-0.028518,0.006119,0.972205,-0.232309,-2.671824,none,0.250
386,1787295095.363870,camera_init,39.289638,-29.890141,0.000000,-0.028408,0.008528,0.986133,-0.163282,-2.812717,none,0.250
387,1787295095.663815,camera_init,39.106335,-29.900729,0.000000,-0.027208,0.008491,0.995263,-0.092943,-2.954784,none,0.250
388,1787295095.963851,camera_init,38.929815,-29.892507,0.000000,-0.025332,0.010490,0.998940,-0.036973,-3.067031,none,0.250
389,1787295096.263856,camera_init,38.742360,-29.864707,0.000000,-0.025105,0.013414,0.999583,0.004879,3.132500,none,0.250
390,1787295096.563838,camera_init,38.563781,-29.828858,0.000000,-0.024887,0.012516,0.998532,0.046446,3.049208,none,0.250
391,1787295096.863923,camera_init,38.394047,-29.774666,0.000000,-0.023578,0.011599,0.995603,0.089918,2.961915,none,0.250
392,1787295097.163789,camera_init,38.213569,-29.716911,0.000000,-0.023290,0.011968,0.992949,0.115614,2.910217,none,0.250
393,1787295097.463835,camera_init,38.024808,-29.671797,0.000000,-0.024260,0.013334,0.992568,0.118499,2.904477,none,0.250
394,1787295097.763939,camera_init,37.855000,-29.618936,0.000000,-0.020403,0.012455,0.992557,0.119409,2.902567,none,0.250
395,1787295098.063947,camera_init,37.649163,-29.565740,0.000000,-0.022666,0.012079,0.992681,0.118007,2.905396,none,0.250
396,1787295098.362543,camera_init,37.470165,-29.526345,0.000000,-0.023828,0.013572,0.992787,0.116715,2.908082,none,0.250
397,1787295098.663935,camera_init,37.323027,-29.493352,0.000000,-0.024642,0.010671,0.994221,0.103943,2.933669,none,0.250
398,1787295099.064000,camera_init,37.147629,-29.472554,0.000000,-0.024714,0.012283,0.997043,0.071715,2.998521,none,0.250
399,1787295099.563927,camera_init,36.985609,-29.495612,0.000000,-0.026766,0.011757,0.999571,0.001982,3.138255,none,0.250
400,1787295099.963959,camera_init,36.806763,-29.494632,0.000000,-0.025583,0.010453,0.999581,-0.008547,-3.123946,none,0.250
401,1787295100.363894,camera_init,36.620990,-29.492449,0.000000,-0.024706,0.011277,0.999542,-0.013363,-3.114285,none,0.250
402,1787295100.763883,camera_init,36.437981,-29.490488,0.000000,-0.027164,0.012176,0.999416,-0.016778,-3.107338,none,0.250
403,1787295101.163832,camera_init,36.253594,-29.502080,0.000000,-0.027321,0.012058,0.999295,-0.022772,-3.095337,none,0.250
404,1787295101.563868,camera_init,36.076259,-29.503119,0.000000,-0.027794,0.011271,0.999248,-0.024588,-3.091732,none,0.250
405,1787295101.963929,camera_init,35.897249,-29.503188,0.000000,-0.026840,0.011064,0.999404,-0.018668,-3.103621,none,0.250
406,1787295102.263836,camera_init,35.745389,-29.502322,0.000000,-0.027001,0.012777,0.999395,-0.017790,-3.105284,none,0.250
407,1787295102.663716,camera_init,35.568518,-29.499482,0.000000,-0.028311,0.013755,0.999431,-0.012163,-3.116459,none,0.250
408,1787295103.063878,camera_init,35.394850,-29.492107,0.000000,-0.025194,0.014134,0.999553,-0.007681,-3.125504,none,0.250
409,1787295103.463945,camera_init,35.218289,-29.488516,0.000000,-0.025973,0.011778,0.999582,-0.004802,-3.131366,none,0.250
410,1787295103.863977,camera_init,35.050443,-29.488385,0.000000,-0.025507,0.013328,0.999582,-0.002750,-3.135406,none,0.250
411,1787295104.264000,camera_init,34.889594,-29.483016,0.000000,-0.024565,0.013301,0.999608,-0.002114,-3.136708,none,0.250
412,1787295126.264050,camera_init,34.730666,-29.477830,0.000000,-0.024614,0.013711,0.999603,0.000371,3.141526,none,0.250
413,1787295127.263185,camera_init,34.570272,-29.478856,0.000000,-0.024725,0.013972,0.999591,-0.003376,-3.134143,none,0.250
414,1787295128.363987,camera_init,34.412882,-29.472621,0.000000,-0.025676,0.014347,0.999563,-0.003018,-3.134813,none,0.250
415,1787295129.363276,camera_init,34.259822,-29.467298,0.000000,-0.027163,0.012095,0.999546,-0.004912,-3.131100,none,0.250
416,1787295130.264222,camera_init,34.106246,-29.465922,0.000000,-0.025123,0.014088,0.999579,-0.003603,-3.133672,none,0.250
417,1787295131.163157,camera_init,33.943536,-29.456838,0.000000,-0.028106,0.016020,0.999466,0.004498,3.133490,none,0.250
418,1787295132.164096,camera_init,33.771692,-29.446963,0.000000,-0.025486,0.013875,0.999552,0.007304,3.127680,none,0.250
419,1787295132.963091,camera_init,33.614001,-29.442153,0.000000,-0.027728,0.014548,0.999487,0.006669,3.129048,none,0.250
420,1787295134.063239,camera_init,33.450420,-29.435561,0.000000,-0.026800,0.010697,0.999551,0.008096,3.125958,none,0.250
421,1787295141.864093,camera_init,33.410989,-29.436078,0.000000,-0.025936,0.014061,0.999521,0.009400,3.123505,ext:piper_stop_1,0.250
422,1787295157.864362,camera_init,33.252267,-29.440086,0.000000,-0.027078,0.014136,0.999459,-0.012186,-3.116429,none,0.250
423,1787295158.763357,camera_init,33.096982,-29.440989,0.000000,-0.027299,0.013944,0.999433,-0.013903,-3.112995,none,0.250
424,1787295159.663441,camera_init,32.945948,-29.435370,0.000000,-0.027714,0.013668,0.999510,-0.004962,-3.130898,none,0.250
425,1787295160.764216,camera_init,32.791433,-29.424608,0.000000,-0.027218,0.015355,0.999499,0.005108,3.132203,none,0.250
426,1787295161.864253,camera_init,32.632893,-29.426068,0.000000,-0.026422,0.012018,0.999571,0.003865,3.134491,none,0.250
427,1787295173.463295,camera_init,32.473829,-29.420044,0.000000,-0.026524,0.014527,0.999536,0.003661,3.135035,none,0.250
428,1787295175.163325,camera_init,32.316530,-29.416829,0.000000,-0.027869,0.015990,0.999475,0.004080,3.134316,none,0.250
429,1787295182.663470,camera_init,32.242515,-29.413219,0.000000,-0.028640,0.014802,0.999466,0.005381,3.131667,ext:piper_stop_2,0.250
430,1787295193.363272,camera_init,32.085253,-29.403625,0.000000,-0.027968,0.015187,0.999415,0.012502,3.117413,none,0.250
431,1787295195.163291,camera_init,31.932511,-29.393840,0.000000,-0.025955,0.014330,0.999464,0.013851,3.114609,none,0.250
432,1787295202.763632,camera_init,31.820399,-29.384666,0.000000,-0.026881,0.012019,0.999474,0.013587,3.115037,ext:piper_stop_3,0.250
433,1787295214.663392,camera_init,31.655862,-29.379991,0.000000,-0.027086,0.013324,0.999461,0.012929,3.116431,none,0.250
434,1787295215.863658,camera_init,31.500863,-29.375076,0.000000,-0.024497,0.013506,0.999535,0.012163,3.117910,none,0.250
435,1787295224.663196,camera_init,31.417987,-29.367654,0.000000,-0.027029,0.013379,0.999471,0.012203,3.117885,ext:piper_stop_4,0.250
436,1787295255.363339,camera_init,31.258860,-29.364414,0.000000,-0.027660,0.013019,0.999483,0.009919,3.122454,none,0.250
437,1787295255.863476,camera_init,31.096366,-29.361232,0.000000,-0.026650,0.010541,0.999527,0.011142,3.119847,none,0.250
438,1787295256.363232,camera_init,30.910865,-29.371387,0.000000,-0.027889,0.011838,0.999465,-0.012325,-3.116253,none,0.250
439,1787295256.763358,camera_init,30.712242,-29.374869,0.000000,-0.028897,0.013655,0.999344,-0.017019,-3.106724,none,0.250
440,1787295257.163323,camera_init,30.509868,-29.394217,0.000000,-0.028521,0.013590,0.998574,-0.043039,-3.054617,none,0.250
441,1787295257.563313,camera_init,30.322406,-29.445148,0.000000,-0.026273,0.012248,0.994390,-0.101731,-2.936952,none,0.250
442,1787295257.863252,camera_init,30.180320,-29.505310,0.000000,-0.027014,0.009994,0.988050,-0.151420,-2.836752,none,0.250
443,1787295258.163301,camera_init,30.033512,-29.587211,0.000000,-0.027369,0.009671,0.978554,-0.203936,-2.729916,none,0.250
444,1787295258.463470,camera_init,29.880961,-29.672003,0.000000,-0.026295,0.010326,0.973664,-0.226231,-2.684247,none,0.250
445,1787295258.763016,camera_init,29.702423,-29.754666,0.000000,-0.027110,0.007626,0.972744,-0.230167,-2.676232,none,0.250
446,1787295259.063418,camera_init,29.520333,-29.853868,0.000000,-0.026848,0.008379,0.967467,-0.251427,-2.632367,none,0.250
447,1787295259.363298,camera_init,29.352250,-29.954712,0.000000,-0.027907,0.009680,0.963539,-0.265931,-2.602196,none,0.250
448,1787295259.663394,camera_init,29.175288,-30.049338,0.000000,-0.026765,0.012868,0.964379,-0.262851,-2.608527,none,0.250
449,1787295259.963387,camera_init,29.005809,-30.146048,0.000000,-0.027104,0.008422,0.963848,-0.264935,-2.604366,none,0.250
450,1787295260.263263,camera_init,28.835334,-30.236286,0.000000,-0.028151,0.009001,0.963722,-0.265266,-2.603592,none,0.250
451,1787295260.563237,camera_init,28.654471,-30.338566,0.000000,-0.028375,0.010639,0.963709,-0.265228,-2.603584,none,0.250
452,1787295260.863250,camera_init,28.479875,-30.432987,0.000000,-0.029507,0.012181,0.963299,-0.266526,-2.600749,none,0.250
453,1787295261.163426,camera_init,28.313337,-30.528506,0.000000,-0.030630,0.011191,0.963884,-0.264319,-2.605300,none,0.250
454,1787295261.463399,camera_init,28.142811,-30.621644,0.000000,-0.029007,0.013502,0.964634,-0.261642,-2.610858,none,0.250
455,1787295261.763253,camera_init,27.973915,-30.714182,0.000000,-0.028831,0.013289,0.964640,-0.261652,-2.610859,none,0.250
456,1787295262.063163,camera_init,27.793802,-30.800771,0.000000,-0.029612,0.013250,0.965905,-0.256855,-2.620748,none,0.250
457,1787295262.363410,camera_init,27.620784,-30.878475,0.000000,-0.029398,0.014822,0.969959,-0.241030,-2.653397,none,0.250
458,1787295262.663259,camera_init,27.448488,-30.943110,0.000000,-0.028772,0.012513,0.977477,-0.208696,-2.719966,none,0.250
459,1787295262.963192,camera_init,27.271594,-30.981865,0.000000,-0.029784,0.010295,0.986700,-0.159470,-2.820295,none,0.250
460,1787295263.263207,camera_init,27.080305,-31.005691,0.000000,-0.029299,0.014022,0.992905,-0.114392,-2.911233,none,0.250
461,1787295263.563272,camera_init,26.887945,-31.010209,0.000000,-0.026229,0.013048,0.997597,-0.062783,-3.015144,none,0.250
462,1787295263.863272,camera_init,26.697518,-30.996864,0.000000,-0.027324,0.015065,0.999403,-0.014826,-3.111087,none,0.250
463,1787295264.163455,camera_init,26.504524,-30.965384,0.000000,-0.023422,0.012598,0.999200,0.029867,3.082395,none,0.250
464,1787295264.463276,camera_init,26.302167,-30.902395,0.000000,-0.024635,0.012588,0.997082,0.071146,2.999677,none,0.250
465,1787295264.763334,camera_init,26.096224,-30.867646,0.000000,-0.024750,0.013842,0.997048,0.071348,2.999337,none,0.250
466,1787295265.063228,camera_init,25.888244,-30.829842,0.000000,-0.024124,0.013325,0.996585,0.077837,2.986274,none,0.250
467,1787295265.363338,camera_init,25.679837,-30.776811,0.000000,-0.025559,0.012185,0.994227,0.103496,2.934652,none,0.250
468,1787295265.663347,camera_init,25.480958,-30.697881,0.000000,-0.025621,0.012944,0.988597,0.147825,2.845223,none,0.250
469,1787295265.963216,camera_init,25.304874,-30.600236,0.000000,-0.025369,0.014889,0.980093,0.196348,2.746691,none,0.250
470,1787295266.263364,camera_init,25.128208,-30.483830,0.000000,-0.024846,0.014783,0.970645,0.238775,2.659646,none,0.250
471,1787295266.563329,camera_init,24.954015,-30.359603,0.000000,-0.024436,0.014169,0.963963,0.264533,2.606328,none,0.250
472,1787295266.863441,camera_init,24.781396,-30.238171,0.000000,-0.024139,0.012786,0.959804,0.279337,2.575464,none,0.250
473,1787295267.163350,camera_init,24.615717,-30.133051,0.000000,-0.023563,0.010997,0.959542,0.280362,2.573256,none,0.250
474,1787295267.463214,camera_init,24.456217,-30.018585,0.000000,-0.022995,0.012146,0.959120,0.281802,2.570315,none,0.250
475,1787295267.763322,camera_init,24.286464,-29.898775,0.000000,-0.023146,0.007411,0.959478,0.280733,2.572334,none,0.250
476,1787295268.063305,camera_init,24.106338,-29.788432,0.000000,-0.024315,0.007299,0.960059,0.278645,2.576651,none,0.250
477,1787295268.363396,camera_init,23.936742,-29.671751,0.000000,-0.020982,0.008984,0.959833,0.279644,2.574720,none,0.250
478,1787295268.663324,camera_init,23.764426,-29.547587,0.000000,-0.022012,0.009558,0.959476,0.280765,2.572384,none,0.250
479,1787295268.963343,camera_init,23.580638,-29.433268,0.000000,-0.023027,0.011009,0.962774,0.269100,2.596715,none,0.250
480,1787295269.263347,camera_init,23.384120,-29.343310,0.000000,-0.023314,0.010456,0.971809,0.234381,2.668509,none,0.250
481,1787295269.563501,camera_init,23.198451,-29.259467,0.000000,-0.025503,0.013297,0.976126,0.215293,2.707843,none,0.250
482,1787295269.863271,camera_init,23.014572,-29.165657,0.000000,-0.025476,0.015302,0.976777,0.212189,2.714310,none,0.250
483,1787295270.163252,camera_init,22.839358,-29.077020,0.000000,-0.023707,0.013881,0.977264,0.210238,2.718242,none,0.250
484,1787295270.463280,camera_init,22.651497,-28.986529,0.000000,-0.024918,0.012163,0.979556,0.199250,2.740624,none,0.250
485,1787295270.763405,camera_init,22.463653,-28.904682,0.000000,-0.024843,0.012933,0.980546,0.194278,2.750817,none,0.250
486,1787295271.063303,camera_init,22.262641,-28.846848,0.000000,-0.025955,0.013985,0.986171,0.163084,2.814351,none,0.250
487,1787295271.363289,camera_init,22.077569,-28.798673,0.000000,-0.025644,0.013319,0.991122,0.129776,2.881734,none,0.250
488,1787295271.663354,camera_init,21.882885,-28.736980,0.000000,-0.028398,0.010975,0.991502,0.126482,2.888264,none,0.250
489,1787295271.963254,camera_init,21.683156,-28.675788,0.000000,-0.027878,0.012579,0.991713,0.124778,2.891794,none,0.250
490,1787295272.263372,camera_init,21.487741,-28.629798,0.000000,-0.030124,0.011313,0.992918,0.114364,2.912731,none,0.250
491,1787295272.563213,camera_init,21.301996,-28.602931,0.000000,-0.027927,0.011978,0.995690,0.087623,2.966590,none,0.250
492,1787295272.863348,camera_init,21.116611,-28.568696,0.000000,-0.028172,0.012591,0.996502,0.077662,2.986641,none,0.250
493,1787295273.163320,camera_init,20.928025,-28.542085,0.000000,-0.026693,0.015949,0.997095,0.069526,3.003143,none,0.250
494,1787295273.463290,camera_init,20.732346,-28.529332,0.000000,-0.028198,0.016624,0.998634,0.040728,3.060964,none,0.250
495,1787295273.763064,camera_init,20.537873,-28.507471,0.000000,-0.029511,0.014575,0.998824,0.035593,3.071165,none,0.250
496,1787295274.063422,camera_init,20.338236,-28.490085,0.000000,-0.028112,0.014152,0.998964,0.032865,3.076575,none,0.250
497,1787295274.363398,camera_init,20.139878,-28.471984,0.000000,-0.028436,0.014122,0.999131,0.026986,3.088358,none,0.250
498,1787295274.663301,camera_init,19.950302,-28.458676,0.000000,-0.030827,0.016610,0.999230,0.017680,3.107211,none,0.250
499,1787295274.963336,camera_init,19.758081,-28.447273,0.000000,-0.029228,0.014293,0.999382,0.013300,3.115797,none,0.250
500,1787295275.263433,camera_init,19.582760,-28.456306,0.000000,-0.027750,0.013724,0.999498,-0.006792,-3.127232,none,0.250
501,1787295275.563357,camera_init,19.411541,-28.455564,0.000000,-0.027720,0.015523,0.999381,-0.015105,-3.110489,none,0.250
502,1787295275.863270,camera_init,19.219079,-28.451397,0.000000,-0.028192,0.013464,0.999318,-0.019707,-3.101373,none,0.250
503,1787295276.163448,camera_init,19.018612,-28.474513,0.000000,-0.028082,0.014355,0.998732,-0.039232,-3.062219,none,0.250
504,1787295276.463445,camera_init,18.825974,-28.517904,0.000000,-0.028550,0.013857,0.996344,-0.079317,-2.981830,none,0.250
505,1787295276.763389,camera_init,18.641558,-28.570795,0.000000,-0.028348,0.015520,0.991640,-0.124922,-2.889969,none,0.250
506,1787295277.063261,camera_init,18.472361,-28.621065,0.000000,-0.029238,0.016353,0.988375,-0.148299,-2.842641,none,0.250
507,1787295277.363407,camera_init,18.290355,-28.684599,0.000000,-0.028328,0.015841,0.985854,-0.164433,-2.810020,none,0.250
508,1787295277.663342,camera_init,18.107364,-28.734891,0.000000,-0.028528,0.014514,0.985131,-0.168799,-2.801213,none,0.250
509,1787295277.963265,camera_init,17.929009,-28.791579,0.000000,-0.029332,0.013134,0.985102,-0.168940,-2.800951,none,0.250
510,1787295278.263386,camera_init,17.759676,-28.841806,0.000000,-0.029801,0.012048,0.986663,-0.159570,-2.819998,none,0.250
511,1787295278.563374,camera_init,17.593424,-28.879225,0.000000,-0.030249,0.013144,0.989337,-0.141862,-2.855779,none,0.250
512,1787295278.863225,camera_init,17.423641,-28.892126,0.000000,-0.031619,0.012961,0.994153,-0.102431,-2.935277,none,0.250
513,1787295279.263321,camera_init,17.264445,-28.890033,0.000000,-0.028384,0.011929,0.998280,-0.049881,-3.041000,none,0.250
514,1787295279.663421,camera_init,17.085203,-28.904829,0.000000,-0.026751,0.012089,0.998362,-0.049100,-3.042610,none,0.250
515,1787295279.963236,camera_init,16.918896,-28.918280,0.000000,-0.027719,0.013701,0.998506,-0.045043,-3.050623,none,0.250
516,1787295280.363272,camera_init,16.757940,-28.910582,0.000000,-0.029179,0.014683,0.999177,-0.024068,-3.092539,none,0.250
517,1787295280.763420,camera_init,16.600037,-28.882756,0.000000,-0.029110,0.012848,0.999447,0.009703,3.122912,none,0.250
518,1787295281.163284,camera_init,16.433200,-28.883862,0.000000,-0.028206,0.013173,0.999426,0.013396,3.115515,none,0.250
519,1787295281.663310,camera_init,16.262086,-28.875737,0.000000,-0.026812,0.011488,0.999558,0.005799,3.130600,none,0.250
520,1787295282.263282,camera_init,16.100963,-28.869168,0.000000,-0.027456,0.012360,0.999542,0.003005,3.136255,none,0.250
521,1787295283.063321,camera_init,15.945297,-28.867022,0.000000,-0.028457,0.012843,0.999511,-0.001673,-3.137511,none,0.250
522,1787295307.363581,camera_init,15.790434,-28.860017,0.000000,-0.028233,0.012135,0.999528,-0.000192,-3.140522,none,0.250
523,1787295308.263612,camera_init,15.635951,-28.861725,0.000000,-0.030278,0.013058,0.999427,-0.007590,-3.125601,none,0.250
524,1787295309.263505,camera_init,15.476267,-28.883345,0.000000,-0.028631,0.012788,0.999013,-0.031457,-3.077863,none,0.250
525,1787295310.163609,camera_init,15.320636,-28.871523,0.000000,-0.028576,0.014763,0.999313,-0.018407,-3.103890,none,0.250
526,1787295311.063522,camera_init,15.163684,-28.870879,0.000000,-0.029968,0.014526,0.999359,-0.013119,-3.114450,none,0.250
527,1787295311.963486,camera_init,15.005053,-28.851551,0.000000,-0.029111,0.013899,0.999473,-0.003546,-3.133681,none,0.250
528,1787295312.863507,camera_init,14.837859,-28.855337,0.000000,-0.029415,0.011326,0.999502,0.001282,3.139693,none,0.250
529,1787295314.063528,camera_init,14.673024,-28.850124,0.000000,-0.029659,0.012388,0.999480,-0.002380,-3.136091,none,0.250
530,1787295315.063619,camera_init,14.506752,-28.846499,0.000000,-0.028318,0.011275,0.999530,-0.003327,-3.134292,none,0.250
531,1787295315.863516,camera_init,14.354148,-28.852307,0.000000,-0.030325,0.013328,0.999438,-0.005065,-3.130640,none,0.250
532,1787295316.763603,camera_init,14.190298,-28.852152,0.000000,-0.030066,0.012127,0.999449,-0.007065,-3.126714,none,0.250
533,1787295317.763552,camera_init,14.030095,-28.851214,0.000000,-0.030661,0.011845,0.999436,-0.006938,-3.126970,none,0.250
534,1787295326.363599,camera_init,13.910565,-28.853230,0.000000,-0.030658,0.010239,0.999444,-0.008179,-3.124584,ext:piper_stop_5,0.250
535,1787295338.763718,camera_init,13.753522,-28.846650,0.000000,-0.031422,0.009939,0.999456,-0.001202,-3.138559,none,0.250
536,1787295340.563713,camera_init,13.597711,-28.826275,0.000000,-0.028953,0.011633,0.999345,0.018318,3.105586,none,0.250
537,1787295347.963982,camera_init,13.515051,-28.817521,0.000000,-0.031771,0.011254,0.999290,0.016819,3.108621,ext:piper_stop_6,0.250
538,1787295358.463990,camera_init,13.358342,-28.806444,0.000000,-0.030385,0.012418,0.999297,0.018125,3.106049,none,0.250
539,1787295359.363998,camera_init,13.206084,-28.801550,0.000000,-0.029997,0.009856,0.999355,0.017114,3.107909,none,0.250
540,1787295366.664018,camera_init,13.167128,-28.794509,0.000000,-0.031195,0.006828,0.999314,0.018777,3.104409,ext:piper_stop_7,0.250
541,1787295393.963256,camera_init,13.054423,-28.870801,0.000000,0.032080,-0.002856,-0.948105,0.316321,-2.496787,none,0.250
542,1787295394.363229,camera_init,12.955185,-28.953899,0.000000,0.032397,-0.005853,-0.924332,0.380166,-2.360210,none,0.250
543,1787295394.764209,camera_init,12.875067,-29.048722,0.000000,0.034035,-0.005101,-0.883701,0.466784,-2.168532,none,0.250
544,1787295395.164223,camera_init,12.816579,-29.157485,0.000000,0.033060,-0.002238,-0.828980,0.558296,-1.955126,none,0.250
545,1787295395.563308,camera_init,12.781490,-29.280094,0.000000,0.032732,-0.001805,-0.765686,0.642379,-1.744421,none,0.250
546,1787295395.964371,camera_init,12.771758,-29.413039,0.000000,0.032221,-0.002132,-0.696800,0.716539,-1.541836,none,0.250
547,1787295396.364283,camera_init,12.789320,-29.550380,0.000000,0.032098,-0.002564,-0.623985,0.780772,-1.347531,none,0.250
548,1787295396.763326,camera_init,12.834100,-29.687614,0.000000,0.029726,-0.004884,-0.549806,0.834749,-1.164186,none,0.250
549,1787295397.063312,camera_init,12.905716,-29.820686,0.000000,0.028667,-0.002403,-0.475259,0.879375,-0.990357,none,0.250
550,1787295397.463442,camera_init,13.004265,-29.947092,0.000000,0.024626,-0.004136,-0.402144,0.915236,-0.827692,none,0.250
551,1787295397.863214,camera_init,13.126889,-30.061406,0.000000,0.021329,-0.004266,-0.330864,0.943428,-0.674473,none,0.250
552,1787295398.264364,camera_init,13.267941,-30.157917,0.000000,0.020195,-0.004289,-0.263886,0.964333,-0.534164,none,0.250
553,1787295398.563293,camera_init,13.421130,-30.235457,0.000000,0.017646,-0.003906,-0.206833,0.978209,-0.416749,none,0.250
554,1787295398.863342,camera_init,13.582663,-30.297238,0.000000,0.017766,-0.001344,-0.163777,0.986336,-0.329033,none,0.250
555,1787295399.164405,camera_init,13.748952,-30.347390,0.000000,0.017285,-0.002985,-0.132933,0.990970,-0.266720,none,0.250
556,1787295399.463243,camera_init,13.917574,-30.388745,0.000000,0.012138,-0.003257,-0.109046,0.993957,-0.218592,none,0.250
557,1787295399.763324,camera_init,14.086898,-30.422462,0.000000,0.011960,-0.002819,-0.090284,0.995840,-0.180871,none,0.250
558,1787295400.064363,camera_init,14.255763,-30.450590,0.000000,0.013205,-0.002209,-0.077163,0.996929,-0.154524,none,0.250
559,1787295400.363282,camera_init,14.424317,-30.475020,0.000000,0.011984,-0.002640,-0.068391,0.997583,-0.136944,none,0.250
560,1787295400.663347,camera_init,14.592670,-30.497018,0.000000,0.010244,-0.001372,-0.062767,0.997975,-0.125638,none,0.250
561,1787295400.963226,camera_init,14.761417,-30.517597,0.000000,0.008845,-0.001323,-0.061170,0.998087,-0.122436,none,0.250
562,1787295401.263268,camera_init,14.930325,-30.538567,0.000000,0.009758,0.000647,-0.065224,0.997823,-0.130522,none,0.250
563,1787295401.563260,camera_init,15.099239,-30.561942,0.000000,0.009934,0.000271,-0.073684,0.997232,-0.147489,none,0.250
564,1787295401.864375,camera_init,15.267752,-30.588697,0.000000,0.010080,0.000202,-0.084638,0.996361,-0.169466,none,0.250
565,1787295402.163296,camera_init,15.436228,-30.619604,0.000000,0.008281,-0.000992,-0.096269,0.995320,-0.192846,none,0.250
566,1787295402.463305,camera_init,15.605522,-30.654655,0.000000,0.011120,-0.001948,-0.106643,0.994233,-0.213722,none,0.250
567,1787295402.764396,camera_init,15.775656,-30.693272,0.000000,0.011783,-0.001049,-0.115540,0.993232,-0.231606,none,0.250
568,1787295403.063285,camera_init,15.945687,-30.734878,0.000000,0.011327,-0.001217,-0.123817,0.992240,-0.248283,none,0.250
569,1787295403.364390,camera_init,16.114932,-30.779283,0.000000,0.014542,0.001219,-0.130731,0.991310,-0.262152,none,0.250
570,1787295403.664396,camera_init,16.284196,-30.825710,0.000000,0.013234,0.000480,-0.134983,0.990759,-0.270758,none,0.250
571,1787295403.963287,camera_init,16.454051,-30.873414,0.000000,0.013473,-0.000209,-0.139150,0.990180,-0.279188,none,0.250
572,1787295404.263252,camera_init,16.624473,-30.923259,0.000000,0.013639,0.000071,-0.146313,0.989144,-0.293651,none,0.250
573,1787295404.564405,camera_init,16.796194,-30.976876,0.000000,0.013942,-0.003606,-0.155593,0.987716,-0.312528,none,0.250
574,1787295404.863291,camera_init,16.969990,-31.034901,0.000000,0.013876,-0.001932,-0.164105,0.986343,-0.329723,none,0.250
575,1787295405.163271,camera_init,17.145981,-31.096579,0.000000,0.013287,-0.003387,-0.169343,0.985462,-0.340388,none,0.250
576,1787295405.463251,camera_init,17.323419,-31.160076,0.000000,0.011357,-0.001128,-0.171556,0.985108,-0.344822,none,0.250
577,1787295405.763351,camera_init,17.502022,-31.224458,0.000000,0.011945,-0.002244,-0.171186,0.985164,-0.344097,none,0.250
578,1787295406.063408,camera_init,17.681232,-31.288300,0.000000,0.011495,-0.002273,-0.167029,0.985882,-0.335662,none,0.250
579,1787295406.363392,camera_init,17.860742,-31.349602,0.000000,0.008028,-0.000308,-0.157948,0.987415,-0.317219,none,0.250
580,1787295406.663382,camera_init,18.040523,-31.406257,0.000000,0.007337,0.000072,-0.144035,0.989545,-0.289067,none,0.250
581,1787295406.963440,camera_init,18.220920,-31.456718,0.000000,0.008816,-0.000341,-0.127093,0.991852,-0.254871,none,0.250
582,1787295407.263288,camera_init,18.401295,-31.500252,0.000000,0.009926,0.001944,-0.110910,0.993779,-0.222229,none,0.250
583,1787295407.563353,camera_init,18.581071,-31.538098,0.000000,0.009167,0.001588,-0.098855,0.995058,-0.197996,none,0.250
584,1787295407.863378,camera_init,18.762046,-31.572627,0.000000,0.007851,0.001563,-0.090505,0.995864,-0.181230,none,0.250
585,1787295408.163360,camera_init,18.947295,-31.605205,0.000000,0.010301,-0.000262,-0.083067,0.996491,-0.166323,none,0.250
586,1787295408.463325,camera_init,19.139038,-31.635914,0.000000,0.011901,-0.000487,-0.073942,0.997191,-0.148020,none,0.250
587,1787295408.763308,camera_init,19.336423,-31.663228,0.000000,0.011322,0.001209,-0.061285,0.998055,-0.122612,none,0.250
588,1787295409.064369,camera_init,19.536740,-31.684923,0.000000,0.009583,-0.000419,-0.044294,0.998973,-0.088620,none,0.250
589,1787295409.364340,camera_init,19.738565,-31.698960,0.000000,0.007028,0.001440,-0.026637,0.999619,-0.053258,none,0.250
590,1787295409.663394,camera_init,19.940070,-31.706424,0.000000,0.008706,0.003069,-0.015620,0.999835,-0.031187,none,0.250
591,1787295409.963361,camera_init,20.140462,-31.711498,0.000000,0.008612,0.000450,-0.013920,0.999866,-0.027831,none,0.250
592,1787295410.263304,camera_init,20.340172,-31.717563,0.000000,0.005918,0.000193,-0.017463,0.999830,-0.034926,none,0.250
593,1787295410.563366,camera_init,20.539375,-31.725436,0.000000,0.007710,-0.000564,-0.021645,0.999736,-0.043301,none,0.250
594,1787295410.863374,camera_init,20.738451,-31.734819,0.000000,0.009217,0.001241,-0.024826,0.999649,-0.049632,none,0.250
595,1787295411.164387,camera_init,20.936828,-31.745179,0.000000,0.007456,0.001724,-0.026278,0.999625,-0.052536,none,0.250
596,1787295411.464370,camera_init,21.133786,-31.755607,0.000000,0.007362,0.003261,-0.026354,0.999620,-0.052666,none,0.250
597,1787295411.763413,camera_init,21.329667,-31.765887,0.000000,0.007330,0.001728,-0.026406,0.999623,-0.052791,none,0.250
598,1787295412.063313,camera_init,21.524622,-31.776259,0.000000,0.007762,0.002798,-0.027233,0.999595,-0.054428,none,0.250
599,1787295412.363311,camera_init,21.719389,-31.787120,0.000000,0.008753,0.000801,-0.028933,0.999543,-0.057859,none,0.250
600,1787295412.663327,camera_init,21.914714,-31.798855,0.000000,0.007473,0.000941,-0.030596,0.999503,-0.061186,none,0.250
601,1787295412.963263,camera_init,22.110455,-31.811077,0.000000,0.006438,-0.000174,-0.030663,0.999509,-0.061336,none,0.250
602,1787295413.263495,camera_init,22.306037,-31.822887,0.000000,0.009147,-0.000083,-0.029468,0.999524,-0.058944,none,0.250
603,1787295413.563419,camera_init,22.501369,-31.834146,0.000000,0.009714,-0.000766,-0.027449,0.999576,-0.054918,none,0.250
604,1787295413.863401,camera_init,22.697237,-31.844392,0.000000,0.006957,-0.003874,-0.023831,0.999684,-0.047720,none,0.250
605,1787295414.163351,camera_init,22.893877,-31.852891,0.000000,0.008511,0.001203,-0.018386,0.999794,-0.036752,none,0.250
606,1787295414.463391,camera_init,23.090678,-31.858859,0.000000,0.010073,0.002885,-0.012186,0.999871,-0.024314,none,0.250
607,1787295414.763411,camera_init,23.287120,-31.862454,0.000000,0.010629,0.001832,-0.007027,0.999917,-0.014014,none,0.250
608,1787295415.063349,camera_init,23.482817,-31.864354,0.000000,0.010851,-0.000133,-0.004189,0.999932,-0.008381,none,0.250
609,1787295415.363472,camera_init,23.677938,-31.865730,0.000000,0.009686,0.001958,-0.003343,0.999946,-0.006647,none,0.250
610,1787295415.664444,camera_init,23.873553,-31.866952,0.000000,0.010715,0.004603,-0.002867,0.999928,-0.005636,none,0.250
611,1787295415.963352,camera_init,24.069772,-31.867938,0.000000,0.009161,0.002685,-0.001772,0.999953,-0.003494,none,0.250
612,1787295416.264457,camera_init,24.266938,-31.868326,0.000000,0.009339,0.001648,-0.000517,0.999955,-0.001003,none,0.250
613,1787295416.563419,camera_init,24.464818,-31.868334,0.000000,0.008987,0.002542,-0.000019,0.999956,0.000008,none,0.250
614,1787295416.863370,camera_init,24.663264,-31.868323,0.000000,0.008946,0.003124,0.000472,0.999955,0.001001,none,0.250
615,1787295417.163475,camera_init,24.862150,-31.867937,0.000000,0.010839,0.000721,0.001534,0.999940,0.003083,none,0.250
616,1787295417.463400,camera_init,25.060934,-31.867097,0.000000,0.009600,0.000288,0.002534,0.999951,0.005073,none,0.250
617,1787295417.763467,camera_init,25.258911,-31.865924,0.000000,0.007102,-0.000388,0.002579,0.999971,0.005153,none,0.250
618,1787295418.063373,camera_init,25.456690,-31.865057,0.000000,0.007959,0.000100,0.001824,0.999967,0.003649,none,0.250
619,1787295418.363490,camera_init,25.655350,-31.864477,0.000000,0.008847,0.000550,0.001532,0.999960,0.003073,none,0.250
620,1787295418.663445,camera_init,25.855282,-31.863832,0.000000,0.009303,-0.000074,0.001534,0.999956,0.003066,none,0.250
621,1787295418.963526,camera_init,26.056751,-31.863246,0.000000,0.007274,0.002014,0.001392,0.999971,0.002813,none,0.250
622,1787295419.263489,camera_init,26.259044,-31.862696,0.000000,0.007984,0.001620,0.001825,0.999965,0.003675,none,0.250
623,1787295419.563416,camera_init,26.461413,-31.861759,0.000000,0.007630,0.002560,0.003522,0.999961,0.007082,none,0.250
624,1787295419.863468,camera_init,26.663366,-31.859833,0.000000,0.006243,0.002761,0.006160,0.999958,0.012355,none,0.250
625,1787295420.163453,camera_init,26.864548,-31.856778,0.000000,0.005687,0.002200,0.008208,0.999948,0.016441,none,0.250
626,1787295420.463317,camera_init,27.064870,-31.853231,0.000000,0.006700,0.001069,0.009213,0.999935,0.018440,none,0.250
627,1787295420.763433,camera_init,27.265396,-31.849386,0.000000,0.004232,0.002743,0.009930,0.999938,0.019884,none,0.250
628,1787295421.063475,camera_init,27.466389,-31.845246,0.000000,0.004350,0.001914,0.009861,0.999940,0.019739,none,0.250
629,1787295421.363437,camera_init,27.667368,-31.841450,0.000000,0.004358,0.001236,0.007600,0.999961,0.015210,none,0.250
630,1787295421.663473,camera_init,27.868445,-31.839130,0.000000,0.003165,0.001801,0.003929,0.999986,0.007870,none,0.250
631,1787295421.963477,camera_init,28.069657,-31.838284,0.000000,0.004504,0.001476,0.000673,0.999989,0.001359,none,0.250
632,1787295422.263443,camera_init,28.269699,-31.838585,0.000000,0.004440,0.000203,-0.001523,0.999989,-0.003045,none,0.250
633,1787295422.563488,camera_init,28.468619,-31.839499,0.000000,0.004099,-0.000678,-0.003006,0.999987,-0.006018,none,0.250
634,1787295422.863512,camera_init,28.667456,-31.840979,0.000000,0.004313,0.000830,-0.004402,0.999981,-0.008797,none,0.250
635,1787295423.163478,camera_init,28.867349,-31.843007,0.000000,0.005481,0.001910,-0.005831,0.999966,-0.011641,none,0.250
636,1787295423.463464,camera_init,29.068117,-31.845643,0.000000,0.006003,0.002103,-0.008015,0.999948,-0.016004,none,0.250
637,1787295423.763504,camera_init,29.269198,-31.849439,0.000000,0.004713,0.000610,-0.011269,0.999925,-0.022533,none,0.250
638,1787295424.063459,camera_init,29.470486,-31.854711,0.000000,0.003452,0.004896,-0.015288,0.999865,-0.030545,none,0.250
639,1787295424.363440,camera_init,29.671148,-31.861720,0.000000,0.006669,0.004333,-0.019386,0.999780,-0.038718,none,0.250
640,1787295424.663314,camera_init,29.870135,-31.870192,0.000000,0.006621,0.004998,-0.022643,0.999709,-0.045224,none,0.250
641,1787295424.963236,camera_init,30.067183,-31.879643,0.000000,0.004320,0.004715,-0.025006,0.999667,-0.049978,none,0.250
642,1787295425.263282,camera_init,30.262997,-31.889843,0.000000,0.004185,0.003955,-0.027051,0.999617,-0.054076,none,0.250
643,1787295425.563253,camera_init,30.458364,-31.900817,0.000000,0.005543,0.003936,-0.029357,0.999546,-0.058679,none,0.250
644,1787295425.863240,camera_init,30.653356,-31.912776,0.000000,0.006968,0.003363,-0.032645,0.999437,-0.065255,none,0.250
645,1787295426.164504,camera_init,30.848426,-31.926307,0.000000,0.005410,0.002527,-0.038325,0.999247,-0.076641,none,0.250
646,1787295426.463634,camera_init,31.044136,-31.942784,0.000000,0.004994,-0.000441,-0.046814,0.998891,-0.093665,none,0.250
647,1787295426.763459,camera_init,31.240480,-31.963136,0.000000,0.004238,-0.000356,-0.055390,0.998456,-0.110838,none,0.250
648,1787295427.063573,camera_init,31.436009,-31.986398,0.000000,0.006970,-0.000014,-0.058263,0.998277,-0.116589,none,0.250
649,1787295427.363617,camera_init,31.629381,-32.008684,0.000000,0.006447,-0.001605,-0.053773,0.998531,-0.107618,none,0.250
650,1787295427.663371,camera_init,31.819497,-32.027828,0.000000,0.005582,-0.000176,-0.046345,0.998910,-0.092725,none,0.250
651,1787295427.963474,camera_init,32.005739,-32.043682,0.000000,0.004813,-0.000756,-0.040410,0.999171,-0.080848,none,0.250
652,1787295428.263606,camera_init,32.188472,-32.057724,0.000000,0.004705,-0.000659,-0.036898,0.999308,-0.073818,none,0.250
653,1787295428.563129,camera_init,32.368824,-32.070533,0.000000,0.004962,0.001842,-0.033714,0.999417,-0.067423,none,0.250
654,1787295428.863644,camera_init,32.548196,-32.082015,0.000000,0.005443,0.001689,-0.030622,0.999515,-0.061235,none,0.250
655,1787295429.163569,camera_init,32.727355,-32.092515,0.000000,0.003912,0.002796,-0.028787,0.999574,-0.057560,none,0.250
656,1787295429.463562,camera_init,32.906276,-32.102649,0.000000,0.004021,0.002784,-0.027533,0.999609,-0.055052,none,0.250
657,1787295429.763500,camera_init,33.084336,-32.112188,0.000000,0.006681,0.004635,-0.025629,0.999638,-0.051202,none,0.250
658,1787295430.063588,camera_init,33.261336,-32.120844,0.000000,0.005835,0.002607,-0.023845,0.999695,-0.047665,none,0.250
659,1787295430.363499,camera_init,33.437898,-32.129053,0.000000,0.004684,0.001433,-0.023243,0.999718,-0.046477,none,0.250
660,1787295430.663489,camera_init,33.614433,-32.137267,0.000000,0.006739,0.003668,-0.023937,0.999684,-0.047830,none,0.250
661,1787295430.963530,camera_init,33.790914,-32.145950,0.000000,0.007199,0.002874,-0.025934,0.999634,-0.051832,none,0.250
662,1787295431.263393,camera_init,33.967142,-32.155565,0.000000,0.006950,0.002990,-0.028347,0.999570,-0.056659,none,0.250
663,1787295431.563509,camera_init,34.143037,-32.165923,0.000000,0.007037,0.002725,-0.029939,0.999523,-0.059848,none,0.250
664,1787295431.863545,camera_init,34.318292,-32.176606,0.000000,0.006500,0.001160,-0.030455,0.999514,-0.060903,none,0.250
665,1787295432.163582,camera_init,34.493670,-32.187304,0.000000,0.006718,0.002751,-0.028837,0.999558,-0.057645,none,0.250
666,1787295432.463537,camera_init,34.669856,-32.196894,0.000000,0.006779,0.002120,-0.020806,0.999758,-0.041585,none,0.250
667,1787295432.763561,camera_init,34.847323,-32.202019,0.000000,0.007826,0.003492,-0.001858,0.999962,-0.003660,none,0.250
668,1787295433.063643,camera_init,35.026144,-32.198198,0.000000,0.004087,0.002170,0.028511,0.999583,0.057047,none,0.250
669,1787295433.363579,camera_init,35.206047,-32.181533,0.000000,0.003395,0.004252,0.067817,0.997683,0.135770,none,0.250
670,1787295433.663581,camera_init,35.385415,-32.149118,0.000000,0.003465,0.004487,0.113865,0.993480,0.228261,none,0.250
671,1787295433.963540,camera_init,35.562684,-32.098682,0.000000,0.001605,0.005158,0.165284,0.986231,0.332121,none,0.250
672,1787295434.263591,camera_init,35.736068,-32.028179,0.000000,-0.000744,0.006005,0.220476,0.975374,0.444619,none,0.250
673,1787295434.563607,camera_init,35.902428,-31.936816,0.000000,-0.002062,0.006457,0.276819,0.960898,0.560975,none,0.250
674,1787295434.863593,camera_init,36.058175,-31.825796,0.000000,-0.005142,0.008342,0.332018,0.943222,0.676879,none,0.250
675,1787295435.163484,camera_init,36.200225,-31.697532,0.000000,-0.004298,0.008742,0.386330,0.922309,0.793328,none,0.250
676,1787295435.463647,camera_init,36.325536,-31.554161,0.000000,-0.005561,0.009633,0.441100,0.897389,0.913691,none,0.250
677,1787295435.763617,camera_init,36.431073,-31.398304,0.000000,-0.006878,0.009786,0.497736,0.867246,1.042029,none,0.250
678,1787295436.063516,camera_init,36.513584,-31.232305,0.000000,-0.004723,0.008770,0.555058,0.831752,1.176951,none,0.250
679,1787295436.363621,camera_init,36.572004,-31.059166,0.000000,-0.004164,0.007819,0.607427,0.794326,1.305721,none,0.250
680,1787295436.663657,camera_init,36.608842,-30.881402,0.000000,-0.005001,0.009049,0.651151,0.758877,1.418335,none,0.250
681,1787295436.963564,camera_init,36.626826,-30.702375,0.000000,-0.007160,0.009302,0.690125,0.723595,1.523483,none,0.250
682,1787295437.263590,camera_init,36.625690,-30.525566,0.000000,-0.005162,0.007657,0.729249,0.684186,1.634576,none,0.250
683,1787295437.563678,camera_init,36.604516,-30.353054,0.000000,-0.010713,0.006527,0.769498,0.638526,1.756254,none,0.250
684,1787295437.862860,camera_init,36.562159,-30.186938,0.000000,-0.014233,0.007635,0.809732,0.586578,1.887681,none,0.250
685,1787295438.263331,camera_init,36.497862,-30.027823,0.000000,-0.015177,0.009536,0.846362,0.532307,2.018744,none,0.250
686,1787295438.563538,camera_init,36.412904,-29.876332,0.000000,-0.018686,0.009181,0.877192,0.479688,2.140719,none,0.250
687,1787295438.963329,camera_init,36.309191,-29.733420,0.000000,-0.019017,0.007840,0.902124,0.430987,2.250173,none,0.250
688,1787295439.363274,camera_init,36.191700,-29.602439,0.000000,-0.019792,0.010569,0.922280,0.385871,2.349173,none,0.250
689,1787295439.763399,camera_init,36.068252,-29.489073,0.000000,-0.021949,0.012219,0.941006,0.337456,2.453144,none,0.250
690,1787295440.163618,camera_init,35.945337,-29.399749,0.000000,-0.023195,0.011733,0.961531,0.273463,2.587669,none,0.250
691,1787295440.763385,camera_init,35.828526,-29.340799,0.000000,-0.024930,0.009803,0.983406,0.179428,2.780925,none,0.250
692,1787295441.663750,camera_init,35.718616,-29.314237,0.000000,-0.027487,0.011784,0.997386,0.065775,3.010451,none,0.250
693,1787295443.663682,camera_init,35.607819,-29.311688,0.000000,0.027092,-0.010006,-0.999364,0.020917,-3.099168,none,0.250
694,1787295444.263280,camera_init,35.487196,-29.324061,0.000000,0.026841,-0.008989,-0.997784,0.060221,-3.020473,none,0.250
695,1787295445.063264,camera_init,35.351824,-29.342847,0.000000,0.027064,-0.010393,-0.997074,0.070736,-2.999296,none,0.250
696,1787295445.863427,camera_init,35.205177,-29.364464,0.000000,0.026778,-0.010013,-0.996882,0.073549,-2.993680,none,0.250
697,1787295450.063682,camera_init,35.051701,-29.387565,0.000000,0.025298,-0.013499,-0.996945,0.072657,-2.995348,none,0.250
698,1787295451.163181,camera_init,34.894891,-29.410168,0.000000,0.023525,-0.012487,-0.997659,0.062980,-3.014871,none,0.250
699,1787295451.963226,camera_init,34.735868,-29.427804,0.000000,0.027158,-0.016945,-0.998599,0.042144,-3.056280,none,0.250
700,1787295452.763302,camera_init,34.575761,-29.437460,0.000000,0.026047,-0.015895,-0.999380,0.017592,-3.105547,none,0.250
701,1787295453.763800,camera_init,34.415421,-29.439359,0.000000,-0.024864,0.014517,0.999585,0.001282,3.139749,none,0.250
702,1787295455.063274,camera_init,34.255775,-29.436871,0.000000,-0.022980,0.013970,0.999588,0.010016,3.122188,none,0.250
703,1787295456.163438,camera_init,34.097731,-29.433194,0.000000,-0.024970,0.012883,0.999541,0.011308,3.119601,none,0.250
704,1787295484.663382,camera_init,33.943121,-29.429994,0.000000,-0.025600,0.014408,0.999523,0.009551,3.123213,none,0.250
705,1787295486.063232,camera_init,33.793979,-29.427611,0.000000,-0.027266,0.014858,0.999459,0.010800,3.120783,none,0.250
706,1787295487.463225,camera_init,33.653105,-29.423958,0.000000,-0.027959,0.015685,0.999331,0.017591,3.107250,none,0.250
707,1787295489.763326,camera_init,33.522282,-29.418276,0.000000,-0.026164,0.015128,0.999231,0.025000,3.092334,none,0.250
708,1787295498.363386,camera_init,33.400182,-29.411489,0.000000,-0.027275,0.012198,0.999492,0.011125,3.119985,ext:piper_stop_1,0.250
709,1787295510.963326,camera_init,33.238436,-29.407338,0.000000,-0.025986,0.011427,0.999577,0.006365,3.129446,none,0.250
710,1787295512.063325,camera_init,33.077034,-29.411346,0.000000,-0.027230,0.013974,0.999486,-0.009559,-3.121693,none,0.250
711,1787295513.063482,camera_init,32.922914,-29.410524,0.000000,-0.026007,0.015392,0.999529,-0.005432,-3.129918,none,0.250
712,1787295514.163309,camera_init,32.767586,-29.406901,0.000000,-0.025271,0.010214,0.999628,-0.000884,-3.139305,none,0.250
713,1787295515.163372,camera_init,32.617644,-29.398075,0.000000,-0.027230,0.014663,0.999519,0.002317,3.137754,none,0.250
714,1787295516.263365,camera_init,32.456535,-29.398455,0.000000,-0.026255,0.012933,0.999566,0.003338,3.135590,none,0.250
715,1787295517.163377,camera_init,32.292031,-29.394359,0.000000,-0.026716,0.013686,0.999540,0.004380,3.133557,none,0.250
716,1787295526.763501,camera_init,32.204699,-29.386421,0.000000,-0.029537,0.014180,0.999437,0.007251,3.127912,ext:piper_stop_2,0.250
717,1787295541.263745,camera_init,32.045865,-29.377902,0.000000,-0.027954,0.015612,0.999459,0.007487,3.127477,none,0.250
718,1787295543.163600,camera_init,31.894844,-29.371267,0.000000,-0.027497,0.012999,0.999509,0.007572,3.127148,none,0.250
719,1787295551.063794,camera_init,31.823376,-29.373183,0.000000,-0.026901,0.013050,0.999516,0.008642,3.124993,ext:piper_stop_3,0.250
720,1787295562.163888,camera_init,31.669380,-29.350927,0.000000,-0.027474,0.013521,0.999499,0.007958,3.126404,none,0.250
721,1787295563.763828,camera_init,31.514055,-29.345320,0.000000,-0.027661,0.012904,0.999494,0.008933,3.124422,none,0.250
722,1787295573.663949,camera_init,31.411387,-29.343584,0.000000,-0.027340,0.013015,0.999456,0.013036,3.116206,ext:piper_stop_4,0.250
723,1787295596.063409,camera_init,31.241216,-29.332477,0.000000,-0.027043,0.012376,0.999465,0.013579,3.115075,none,0.250
724,1787295596.764171,camera_init,31.075666,-29.325284,0.000000,-0.026769,0.011307,0.999479,0.014039,3.114091,none,0.250
725,1787295597.463492,camera_init,30.894571,-29.320391,0.000000,-0.027705,0.012143,0.999453,0.013406,3.115425,none,0.250
726,1787295597.964176,camera_init,30.718739,-29.318633,0.000000,-0.027323,0.012784,0.999538,0.003794,3.134697,none,0.250
727,1787295598.363517,camera_init,30.568690,-29.337166,0.000000,-0.028572,0.013626,0.998657,-0.041022,-3.058656,none,0.250
728,1787295598.763436,camera_init,30.406417,-29.390633,0.000000,-0.026572,0.011532,0.994435,-0.101292,-2.937857,none,0.250
729,1787295599.164286,camera_init,30.244156,-29.454386,0.000000,-0.026665,0.009612,0.985951,-0.164614,-2.810039,none,0.250
730,1787295599.563450,camera_init,30.086403,-29.567994,0.000000,-0.026902,0.009060,0.972056,-0.233025,-2.670298,none,0.250
731,1787295599.964318,camera_init,29.942021,-29.681738,0.000000,-0.027531,0.010136,0.959891,-0.278834,-2.575359,none,0.250
732,1787295600.363567,camera_init,29.771313,-29.783942,0.000000,-0.027160,0.007643,0.958563,-0.283479,-2.565798,none,0.250
733,1787295600.663596,camera_init,29.624961,-29.873687,0.000000,-0.026767,0.010071,0.957235,-0.287893,-2.556504,none,0.250
734,1787295600.964317,camera_init,29.492632,-29.968971,0.000000,-0.026954,0.009120,0.954719,-0.296147,-2.539260,none,0.250
735,1787295601.263621,camera_init,29.337268,-30.070786,0.000000,-0.026845,0.011689,0.953930,-0.298597,-2.534031,none,0.250
736,1787295601.564211,camera_init,29.179672,-30.181856,0.000000,-0.028393,0.009707,0.954056,-0.298121,-2.535005,none,0.250
737,1787295601.864197,camera_init,29.020950,-30.291269,0.000000,-0.029186,0.009231,0.953310,-0.300439,-2.530110,none,0.250
738,1787295602.163573,camera_init,28.857129,-30.398287,0.000000,-0.029593,0.009239,0.953386,-0.300156,-2.530675,none,0.250
739,1787295602.464225,camera_init,28.689608,-30.498259,0.000000,-0.028697,0.011088,0.954761,-0.295778,-2.539837,none,0.250
740,1787295602.764248,camera_init,28.507793,-30.594587,0.000000,-0.030740,0.012947,0.961092,-0.274209,-2.584654,none,0.250
741,1787295603.063459,camera_init,28.338106,-30.667226,0.000000,-0.029634,0.012179,0.969639,-0.242432,-2.650610,none,0.250
742,1787295603.364290,camera_init,28.153039,-30.716261,0.000000,-0.028079,0.012597,0.979064,-0.201213,-2.735307,none,0.250
743,1787295603.664283,camera_init,27.981267,-30.753288,0.000000,-0.028093,0.013402,0.986244,-0.162342,-2.814396,none,0.250
744,1787295603.963588,camera_init,27.817568,-30.799468,0.000000,-0.028401,0.012547,0.987314,-0.155715,-2.827859,none,0.250
745,1787295604.263184,camera_init,27.634831,-30.852557,0.000000,-0.026522,0.013142,0.987164,-0.156945,-2.825431,none,0.250
746,1787295604.564278,camera_init,27.447358,-30.897483,0.000000,-0.029178,0.011541,0.989767,-0.139198,-2.861304,none,0.250
747,1787295604.864244,camera_init,27.259312,-30.928693,0.000000,-0.029948,0.012136,0.993774,-0.106624,-2.926956,none,0.250
748,1787295605.164249,camera_init,27.061638,-30.957522,0.000000,-0.028804,0.014436,0.996523,-0.076841,-2.986760,none,0.250
749,1787295605.464259,camera_init,26.890823,-30.951335,0.000000,-0.026701,0.015389,0.998503,-0.045187,-3.050282,none,0.250
750,1787295605.764270,camera_init,26.719626,-30.952390,0.000000,-0.026188,0.014063,0.998931,-0.035399,-3.069979,none,0.250
751,1787295606.063630,camera_init,26.524221,-30.952863,0.000000,-0.024848,0.012920,0.999141,-0.030538,-3.079814,none,0.250
752,1787295606.364308,camera_init,26.341105,-30.953853,0.000000,-0.028051,0.012307,0.999302,-0.021372,-3.098108,none,0.250
753,1787295606.663698,camera_init,26.155268,-30.953877,0.000000,-0.025174,0.011631,0.999474,-0.016799,-3.107378,none,0.250
754,1787295606.963657,camera_init,25.975238,-30.948024,0.000000,-0.025337,0.013925,0.999569,-0.005035,-3.130808,none,0.250
755,1787295607.264297,camera_init,25.788736,-30.948049,0.000000,-0.026150,0.014833,0.999541,-0.003772,-3.133265,none,0.250
756,1787295607.563676,camera_init,25.590816,-30.946534,0.000000,-0.026911,0.014397,0.999526,-0.003914,-3.132981,none,0.250
757,1787295607.864282,camera_init,25.395971,-30.943901,0.000000,-0.027205,0.014988,0.999517,0.001422,3.139563,none,0.250
758,1787295608.164291,camera_init,25.189126,-30.917701,0.000000,-0.026460,0.015185,0.999118,0.028867,3.084599,none,0.250
759,1787295608.464365,camera_init,24.987569,-30.865423,0.000000,-0.024730,0.014168,0.997177,0.069473,3.003117,none,0.250
760,1787295608.764333,camera_init,24.795931,-30.805623,0.000000,-0.024408,0.013128,0.993791,0.107753,2.926121,none,0.250
761,1787295609.064278,camera_init,24.605956,-30.723047,0.000000,-0.024550,0.015341,0.987205,0.156805,2.827152,none,0.250
762,1787295609.263532,camera_init,24.473039,-30.652199,0.000000,-0.025300,0.014969,0.982561,0.183600,2.772692,none,0.250
763,1787295609.563540,camera_init,24.291681,-30.543249,0.000000,-0.025894,0.017080,0.973581,0.226225,2.685596,none,0.250
764,1787295609.863520,camera_init,24.119553,-30.414311,0.000000,-0.024098,0.013223,0.965673,0.258302,2.619213,none,0.250
765,1787295610.063650,camera_init,23.994912,-30.322998,0.000000,-0.025210,0.012207,0.960280,0.277629,2.578976,none,0.250
766,1787295610.364325,camera_init,23.838836,-30.186964,0.000000,-0.022985,0.011261,0.950965,0.308239,2.514882,none,0.250
767,1787295610.664303,camera_init,23.668509,-30.049742,0.000000,-0.022242,0.011058,0.948203,0.316693,2.497074,none,0.250
768,1787295610.963627,camera_init,23.496423,-29.914296,0.000000,-0.021293,0.010450,0.947228,0.319681,2.490764,none,0.250
769,1787295611.164389,camera_init,23.373222,-29.828014,0.000000,-0.021700,0.008161,0.947116,0.320052,2.489878,none,0.250
770,1787295611.463656,camera_init,23.210673,-29.701591,0.000000,-0.021315,0.008456,0.946694,0.321318,2.487224,none,0.250
771,1787295611.764392,camera_init,23.049396,-29.567760,0.000000,-0.020963,0.009725,0.946954,0.320538,2.488931,none,0.250
772,1787295612.064397,camera_init,22.884369,-29.440780,0.000000,-0.022062,0.012036,0.950857,0.308608,2.514158,none,0.250
773,1787295612.363616,camera_init,22.704658,-29.331341,0.000000,-0.024280,0.009862,0.961158,0.274753,2.584876,none,0.250
774,1787295612.664312,camera_init,22.533651,-29.268262,0.000000,-0.023165,0.010845,0.976263,0.215071,2.708199,none,0.250
775,1787295612.963555,camera_init,22.357273,-29.202453,0.000000,-0.024765,0.014043,0.982015,0.186642,2.766449,none,0.250
776,1787295613.263615,camera_init,22.182525,-29.126875,0.000000,-0.026801,0.014311,0.982024,0.186296,2.767162,none,0.250
777,1787295613.563284,camera_init,21.996588,-29.046127,0.000000,-0.023717,0.011432,0.982769,0.182956,2.773830,none,0.250
778,1787295613.863610,camera_init,21.806612,-28.965151,0.000000,-0.024227,0.013727,0.982756,0.182799,2.774261,none,0.250
779,1787295614.164438,camera_init,21.615449,-28.884004,0.000000,-0.025887,0.014210,0.982812,0.182235,2.775433,none,0.250
780,1787295614.463217,camera_init,21.428796,-28.808413,0.000000,-0.027453,0.013390,0.983062,0.180708,2.778493,none,0.250
781,1787295614.763458,camera_init,21.223976,-28.743342,0.000000,-0.027813,0.012187,0.986696,0.159715,2.821086,none,0.250
782,1787295615.063250,camera_init,21.039923,-28.685809,0.000000,-0.026510,0.013477,0.988774,0.146429,2.848081,none,0.250
783,1787295615.363295,camera_init,20.859486,-28.635496,0.000000,-0.027345,0.012744,0.991712,0.124886,2.891584,none,0.250
784,1787295615.664416,camera_init,20.666396,-28.581806,0.000000,-0.027428,0.014803,0.992235,0.120412,2.900726,none,0.250
785,1787295615.964455,camera_init,20.488205,-28.542814,0.000000,-0.027375,0.013049,0.993633,0.108510,2.924618,none,0.250
786,1787295616.263605,camera_init,20.317176,-28.509164,0.000000,-0.028577,0.013218,0.995162,0.093062,2.955730,none,0.250
787,1787295616.563285,camera_init,20.135318,-28.476892,0.000000,-0.026486,0.014358,0.996487,0.078143,2.985751,none,0.250
788,1787295616.863307,camera_init,19.961992,-28.456767,0.000000,-0.027668,0.014077,0.998002,0.055027,3.032143,none,0.250
789,1787295617.163485,camera_init,19.783750,-28.453398,0.000000,-0.028312,0.014995,0.999111,0.027413,3.087550,none,0.250
790,1787295617.463491,camera_init,19.606242,-28.452087,0.000000,-0.027455,0.013584,0.999465,0.011457,3.119401,none,0.250
791,1787295617.763298,camera_init,19.428140,-28.453509,0.000000,-0.027511,0.014768,0.999502,-0.004658,-3.131454,none,0.250
792,1787295618.063174,camera_init,19.276220,-28.451032,0.000000,-0.027585,0.015257,0.999431,-0.011961,-3.116802,none,0.250
793,1787295618.363247,camera_init,19.115389,-28.465740,0.000000,-0.028010,0.014006,0.999036,-0.030749,-3.079234,none,0.250
794,1787295618.663263,camera_init,18.938035,-28.486304,0.000000,-0.027967,0.015299,0.998370,-0.047334,-3.045936,none,0.250
795,1787295618.963289,camera_init,18.763726,-28.505878,0.000000,-0.027399,0.014200,0.997510,-0.063420,-3.013764,none,0.250
796,1787295619.263329,camera_init,18.596600,-28.532486,0.000000,-0.029583,0.015638,0.996167,-0.080820,-2.978670,none,0.250
797,1787295619.563344,camera_init,18.452009,-28.574052,0.000000,-0.028585,0.016971,0.992600,-0.116791,-2.906278,none,0.250
798,1787295619.863262,camera_init,18.296490,-28.613610,0.000000,-0.028890,0.012877,0.990637,-0.132811,-2.874154,none,0.250
799,1787295620.163290,camera_init,18.134104,-28.651312,0.000000,-0.027546,0.014827,0.990304,-0.135348,-2.868996,none,0.250
800,1787295620.463619,camera_init,17.978015,-28.693351,0.000000,-0.027551,0.015101,0.990022,-0.137365,-2.864907,none,0.250
801,1787295620.763428,camera_init,17.809998,-28.731823,0.000000,-0.029611,0.015083,0.990463,-0.133711,-2.872183,none,0.250
802,1787295621.064435,camera_init,17.653592,-28.758142,0.000000,-0.031380,0.012900,0.991471,-0.125837,-2.888113,none,0.250
803,1787295621.463335,camera_init,17.458029,-28.808379,0.000000,-0.029837,0.014179,0.991996,-0.121871,-2.896119,none,0.250
804,1787295621.763337,camera_init,17.308785,-28.842138,0.000000,-0.029408,0.012922,0.992172,-0.120674,-2.898623,none,0.250
805,1787295622.163627,camera_init,17.130434,-28.858754,0.000000,-0.031077,0.012643,0.995047,-0.093578,-2.953133,none,0.250
806,1787295622.663315,camera_init,16.948659,-28.880084,0.000000,-0.029452,0.012497,0.996290,-0.079886,-2.980728,none,0.250
807,1787295623.163355,camera_init,16.781794,-28.887979,0.000000,-0.030245,0.012753,0.997683,-0.059595,-3.021410,none,0.250
808,1787295623.563299,camera_init,16.627559,-28.900811,0.000000,-0.028427,0.010263,0.998058,-0.054460,-3.031912,none,0.250
809,1787295623.963670,camera_init,16.460400,-28.906016,0.000000,-0.027991,0.012251,0.998745,-0.039674,-3.061452,none,0.250
810,1787295624.563393,camera_init,16.271747,-28.897990,0.000000,-0.029048,0.011362,0.999377,-0.016506,-3.107878,none,0.250
811,1787295625.063652,camera_init,16.118998,-28.887031,0.000000,-0.027152,0.014762,0.999516,0.003565,3.135257,none,0.250
812,1787295625.563292,camera_init,15.962922,-28.873791,0.000000,-0.027520,0.014943,0.999451,0.010848,3.120698,none,0.250
813,1787295626.063244,camera_init,15.812787,-28.872459,0.000000,-0.028703,0.012204,0.999509,0.002840,3.136608,none,0.250
814,1787295626.564505,camera_init,15.655543,-28.879190,0.000000,-0.028167,0.013318,0.999506,-0.004154,-3.132525,none,0.250
815,1787295627.163626,camera_init,15.474793,-28.876124,0.000000,-0.028205,0.015232,0.999466,-0.006320,-3.128078,none,0.250
816,1787295627.664455,camera_init,15.316702,-28.869635,0.000000,-0.029245,0.012492,0.999476,-0.006077,-3.128691,none,0.250
817,1787295628.163204,camera_init,15.166342,-28.870074,0.000000,-0.028780,0.014789,0.999443,-0.008173,-3.124375,none,0.250
818,1787295628.763429,camera_init,14.983554,-28.859599,0.000000,-0.028522,0.010416,0.999512,-0.007316,-3.126348,none,0.250
819,1787295658.163709,camera_init,14.821412,-28.865545,0.000000,-0.028327,0.012541,0.999502,-0.006052,-3.128764,none,0.250
820,1787295659.563332,camera_init,14.671267,-28.857059,0.000000,-0.028438,0.010741,0.999531,-0.003572,-3.133829,none,0.250
821,1787295660.863444,camera_init,14.519218,-28.846860,0.000000,-0.027614,0.012608,0.999532,-0.003879,-3.133128,none,0.250
822,1787295661.863294,camera_init,14.367556,-28.846604,0.000000,-0.029226,0.013319,0.999483,-0.001142,-3.138525,none,0.250
823,1787295662.963420,camera_init,14.207107,-28.837351,0.000000,-0.029639,0.010915,0.999500,0.001323,3.139591,none,0.250
824,1787295664.263282,camera_init,14.045836,-28.835404,0.000000,-0.031693,0.011729,0.999429,-0.000093,-3.140661,none,0.250
825,1787295665.863278,camera_init,13.891974,-28.835690,0.000000,-0.031895,0.010520,0.999436,0.000519,3.141225,none,0.250
826,1787295674.263330,camera_init,13.887951,-28.833549,0.000000,-0.032412,0.009849,0.999425,0.001139,3.139952,ext:piper_stop_5,0.250
827,1787295686.663321,camera_init,13.736547,-28.830792,0.000000,-0.030819,0.010674,0.999456,0.004803,3.132633,none,0.250
828,1787295689.163353,camera_init,13.583581,-28.818593,0.000000,-0.029519,0.008576,0.999512,0.005471,3.131144,none,0.250
829,1787295695.863307,camera_init,13.533743,-28.816725,0.000000,-0.030590,0.008519,0.999480,0.005532,3.131035,ext:piper_stop_6,0.250
830,1787295706.763583,camera_init,13.377593,-28.819579,0.000000,-0.028790,0.009659,0.999534,0.002984,3.136176,none,0.250
831,1787295709.063555,camera_init,13.226022,-28.807179,0.000000,-0.028600,0.008942,0.999510,0.009037,3.124010,none,0.250
832,1787295717.063646,camera_init,13.169270,-28.806637,0.000000,-0.028180,0.010125,0.999522,0.007688,3.126771,ext:piper_stop_7,0.250
833,1787295742.363784,camera_init,13.005477,-28.803083,0.000000,-0.029787,0.009871,0.999501,0.003641,3.134890,none,0.250
834,1787295742.963891,camera_init,12.831057,-28.799132,0.000000,-0.028954,0.010623,0.999519,0.003277,3.135648,none,0.250
835,1787295743.463827,camera_init,12.676019,-28.780694,0.000000,-0.030385,0.009908,0.999473,0.005623,3.130936,none,0.250
836,1787295743.963825,camera_init,12.508498,-28.781479,0.000000,-0.029996,0.011399,0.999464,0.006481,3.129299,none,0.250
837,1787295744.363796,camera_init,12.350154,-28.782525,0.000000,-0.030010,0.010469,0.999489,-0.003441,-3.134073,none,0.250
838,1787295744.863932,camera_init,12.164629,-28.790292,0.000000,-0.028580,0.012021,0.999129,-0.027936,-3.084961,none,0.250
839,1787295745.263882,camera_init,12.003784,-28.803542,0.000000,-0.030670,0.010110,0.998901,-0.033962,-3.072944,none,0.250
840,1787295745.664033,camera_init,11.827696,-28.807608,0.000000,-0.029746,0.012802,0.998873,-0.034690,-3.071351,none,0.250
841,1787295745.963965,camera_init,11.675800,-28.816640,0.000000,-0.030669,0.010970,0.998725,-0.038568,-3.063662,none,0.250
842,1787295746.263966,camera_init,11.511432,-28.826974,0.000000,-0.029317,0.012880,0.998736,-0.038739,-3.063246,none,0.250
843,1787295746.563889,camera_init,11.351424,-28.836996,0.000000,-0.028722,0.011889,0.998723,-0.039832,-3.061134,none,0.250
844,1787295746.964061,camera_init,11.156019,-28.836437,0.000000,-0.031161,0.011240,0.998586,-0.041572,-3.057610,none,0.250
845,1787295747.263933,camera_init,10.992039,-28.843979,0.000000,-0.032072,0.010751,0.998523,-0.042527,-3.055697,none,0.250
846,1787295747.563821,camera_init,10.837459,-28.859280,0.000000,-0.031880,0.012369,0.998565,-0.041225,-3.058213,none,0.250
847,1787295747.864021,camera_init,10.680953,-28.875022,0.000000,-0.029481,0.011531,0.998285,-0.049254,-3.042246,none,0.250
848,1787295748.263858,camera_init,10.485026,-28.891080,0.000000,-0.029733,0.011083,0.997951,-0.055558,-3.029622,none,0.250
849,1787295748.563914,camera_init,10.323726,-28.908995,0.000000,-0.030125,0.014175,0.997811,-0.057136,-3.026265,none,0.250
850,1787295748.963995,camera_init,10.130191,-28.921069,0.000000,-0.031176,0.013228,0.997641,-0.059714,-3.021109,none,0.250
851,1787295749.364044,camera_init,9.929740,-28.939806,0.000000,-0.030507,0.009580,0.997490,-0.063183,-3.014392,none,0.250
852,1787295749.664023,camera_init,9.760916,-28.952844,0.000000,-0.029472,0.011356,0.997521,-0.062883,-3.014923,none,0.250
853,1787295749.964024,camera_init,9.604006,-28.951750,0.000000,-0.029362,0.010836,0.998074,-0.053569,-3.033637,none,0.250
854,1787295750.263994,camera_init,9.451488,-28.971295,0.000000,-0.029992,0.012510,0.998281,-0.048777,-3.043128,none,0.250
855,1787295750.564042,camera_init,9.294160,-28.991304,0.000000,-0.029844,0.013311,0.998414,-0.045850,-3.048953,none,0.250
856,1787295750.864047,camera_init,9.132225,-28.990778,0.000000,-0.032155,0.008525,0.998435,-0.044945,-3.050990,none,0.250
857,1787295751.164061,camera_init,8.968359,-29.003845,0.000000,-0.029659,0.012552,0.998541,-0.043354,-3.054007,none,0.250
858,1787295751.464028,camera_init,8.799649,-29.013831,0.000000,-0.028006,0.012519,0.998799,-0.038204,-3.064381,none,0.250
859,1787295751.764039,camera_init,8.643168,-29.023431,0.000000,-0.029780,0.012976,0.999030,-0.029738,-3.081261,none,0.250
860,1787295752.064065,camera_init,8.475401,-29.026831,0.000000,-0.030574,0.012931,0.998990,-0.030285,-3.080143,none,0.250
861,1787295752.364040,camera_init,8.307018,-29.026264,0.000000,-0.029932,0.011662,0.999036,-0.029929,-3.080950,none,0.250
862,1787295752.664038,camera_init,8.143562,-29.035135,0.000000,-0.029416,0.011207,0.999017,-0.031208,-3.078431,none,0.250
863,1787295752.964082,camera_init,7.975177,-29.039155,0.000000,-0.029683,0.010332,0.999049,-0.030222,-3.080449,none,0.250
864,1787295753.264066,camera_init,7.808779,-29.052953,0.000000,-0.029447,0.013076,0.999078,-0.028371,-3.084004,none,0.250
865,1787295753.564069,camera_init,7.640504,-29.056139,0.000000,-0.030597,0.014084,0.999069,-0.026968,-3.086717,none,0.250
866,1787295753.864071,camera_init,7.477323,-29.061969,0.000000,-0.028552,0.012009,0.999183,-0.025948,-3.088945,none,0.250
867,1787295754.164090,camera_init,7.311432,-29.057890,0.000000,-0.028432,0.012381,0.999290,-0.021419,-3.097998,none,0.250
868,1787295754.464074,camera_init,7.139357,-29.052529,0.000000,-0.028951,0.009091,0.999300,-0.021886,-3.097237,none,0.250
869,1787295754.764070,camera_init,6.972456,-29.066594,0.000000,-0.029669,0.013167,0.999213,-0.022789,-3.095173,none,0.250
870,1787295755.064207,camera_init,6.813244,-29.077805,0.000000,-0.030456,0.009849,0.999116,-0.027238,-3.086436,none,0.250
871,1787295755.364110,camera_init,6.645891,-29.076187,0.000000,-0.027892,0.009040,0.999249,-0.025328,-3.090369,none,0.250
872,1787295755.664115,camera_init,6.478299,-29.077120,0.000000,-0.030926,0.008773,0.999298,-0.019239,-3.102516,none,0.250
873,1787295755.964060,camera_init,6.302307,-29.079542,0.000000,-0.029412,0.009227,0.999339,-0.019256,-3.102487,none,0.250
874,1787295756.264128,camera_init,6.135364,-29.075525,0.000000,-0.027956,0.009540,0.999427,-0.016514,-3.107991,none,0.250
875,1787295756.564063,camera_init,5.965062,-29.075744,0.000000,-0.029156,0.007510,0.999444,-0.014352,-3.112414,none,0.250
876,1787295756.864001,camera_init,5.793373,-29.077921,0.000000,-0.029390,0.006975,0.999441,-0.014321,-3.112503,none,0.250
877,1787295757.164071,camera_init,5.618363,-29.074088,0.000000,-0.028320,0.006772,0.999498,-0.012462,-3.116254,none,0.250
878,1787295757.464109,camera_init,5.459298,-29.070929,0.000000,-0.028727,0.006164,0.999482,-0.013156,-3.114893,none,0.250
879,1787295757.764090,camera_init,5.301981,-29.086289,0.000000,-0.028016,0.008479,0.999432,-0.016675,-3.107727,none,0.250
880,1787295758.064043,camera_init,5.137695,-29.090382,0.000000,-0.029250,0.008668,0.999327,-0.020385,-3.100262,none,0.250
881,1787295758.364065,camera_init,4.969910,-29.091146,0.000000,-0.029644,0.008536,0.999313,-0.020527,-3.099977,none,0.250
882,1787295758.664104,camera_init,4.804316,-29.089917,0.000000,-0.029377,0.008917,0.999293,-0.021695,-3.097620,none,0.250
883,1787295758.964079,camera_init,4.635093,-29.092272,0.000000,-0.029127,0.009897,0.999314,-0.020640,-3.099683,none,0.250
884,1787295759.264140,camera_init,4.479042,-29.090381,0.000000,-0.027068,0.007960,0.999448,-0.017550,-3.106023,none,0.250
885,1787295759.564147,camera_init,4.319378,-29.089315,0.000000,-0.025921,0.007933,0.999530,-0.014303,-3.112547,none,0.250
886,1787295759.864067,camera_init,4.161869,-29.085375,0.000000,-0.026353,0.008939,0.999612,0.000674,3.140715,none,0.250
887,1787295760.164025,camera_init,3.988472,-29.047677,0.000000,-0.027297,0.008680,0.998925,0.036440,3.069092,none,0.250
888,1787295760.464125,camera_init,3.828907,-28.999371,0.000000,-0.026706,0.007664,0.996453,0.079434,2.982796,none,0.250
889,1787295760.764119,camera_init,3.677056,-28.945081,0.000000,-0.027606,0.009850,0.992948,0.114869,2.911625,none,0.250
890,1787295761.064079,camera_init,3.539272,-28.877937,0.000000,-0.027796,0.009169,0.987114,0.157320,2.825775,none,0.250
891,1787295761.364164,camera_init,3.408354,-28.777834,0.000000,-0.028345,0.010343,0.975067,0.219850,2.698296,none,0.250
892,1787295761.664121,camera_init,3.283237,-28.677266,0.000000,-0.026615,0.008536,0.961741,0.272532,2.589378,none,0.250
893,1787295761.964124,camera_init,3.175944,-28.549155,0.000000,-0.023278,0.006122,0.943431,0.330694,2.467220,none,0.250
894,1787295762.264163,camera_init,3.084161,-28.417273,0.000000,-0.024409,0.006874,0.922781,0.384491,2.351860,none,0.250
895,1787295762.564111,camera_init,3.017677,-28.276418,0.000000,-0.022505,0.008758,0.898601,0.438102,2.234239,none,0.250
896,1787295762.864151,camera_init,2.955075,-28.127163,0.000000,-0.019989,0.008320,0.872884,0.487447,2.122898,none,0.250
897,1787295763.164215,camera_init,2.906848,-27.982124,0.000000,-0.021126,0.010413,0.856092,0.516286,2.056147,none,0.250
898,1787295763.564041,camera_init,2.847309,-27.791587,0.000000,-0.019182,0.009677,0.833013,0.552836,1.969650,none,0.250
899,1787295763.964031,camera_init,2.815017,-27.598523,0.000000,-0.017910,0.007405,0.801713,0.597395,1.860636,none,0.250
900,1787295764.364216,camera_init,2.800393,-27.411282,0.000000,-0.016216,0.006561,0.767352,0.640987,1.749591,none,0.250
901,1787295764.764169,camera_init,2.777362,-27.226091,0.000000,-0.016285,0.007503,0.760232,0.649404,1.727549,none,0.250
902,1787295765.164056,camera_init,2.762858,-27.046214,0.000000,-0.014788,0.006143,0.750884,0.660240,1.698936,none,0.250
903,1787295765.564076,camera_init,2.776294,-26.871747,0.000000,-0.013035,0.007956,0.722273,0.691439,1.614313,none,0.250
904,1787295778.164312,camera_init,2.773179,-26.703561,0.000000,-0.015111,0.009258,0.719393,0.694377,1.606049,none,0.250
905,1787295779.063259,camera_init,2.760274,-26.549475,0.000000,-0.012376,0.010648,0.718979,0.694840,1.604909,none,0.250
906,1787295779.964352,camera_init,2.778006,-26.399850,0.000000,-0.010224,0.007170,0.713299,0.700749,1.588496,none,0.250
907,1787295785.564510,camera_init,2.776390,-26.281228,0.000000,-0.008387,0.007331,0.711838,0.702256,1.584333,avoid_start,0.250
908,1787295816.963455,camera_init,2.776143,-26.127688,0.000000,-0.004994,0.006651,0.711229,0.702912,1.582579,none,0.250
909,1787295817.663542,camera_init,2.776206,-25.952187,0.000000,-0.007108,0.006311,0.712406,0.701703,1.585924,none,0.250
910,1787295818.163426,camera_init,2.773071,-25.785340,0.000000,-0.008617,0.005500,0.713116,0.700971,1.587931,none,0.250
911,1787295818.763562,camera_init,2.782073,-25.608224,0.000000,-0.007799,0.008301,0.705327,0.708791,1.565905,none,0.250
912,1787295819.263522,camera_init,2.779711,-25.424108,0.000000,-0.006390,0.006487,0.706127,0.708026,1.568112,none,0.250
913,1787295819.663576,camera_init,2.787171,-25.240976,0.000000,-0.006247,0.007748,0.705426,0.708713,1.566168,none,0.250
914,1787295819.963546,camera_init,2.795057,-25.062019,0.000000,-0.008327,0.008335,0.705098,0.709012,1.565259,none,0.250
915,1787295820.263486,camera_init,2.798055,-24.901584,0.000000,-0.007017,0.008068,0.705706,0.708424,1.566967,none,0.250
916,1787295820.563494,camera_init,2.803114,-24.738328,0.000000,-0.008295,0.006922,0.706588,0.707543,1.569425,none,0.250
917,1787295820.863513,camera_init,2.812967,-24.566885,0.000000,-0.006703,0.009440,0.705162,0.708952,1.565480,none,0.250
918,1787295821.163462,camera_init,2.813153,-24.398964,0.000000,-0.006922,0.010417,0.704006,0.710083,1.562261,none,0.250
919,1787295821.463239,camera_init,2.824851,-24.247663,0.000000,-0.007728,0.009577,0.703795,0.710296,1.561632,none,0.250
920,1787295821.763452,camera_init,2.824957,-24.072349,0.000000,-0.007889,0.007981,0.703869,0.710242,1.561783,none,0.250
921,1787295822.063465,camera_init,2.830671,-23.902031,0.000000,-0.004109,0.007901,0.704422,0.709726,1.563340,none,0.250
922,1787295822.363512,camera_init,2.831567,-23.717899,0.000000,-0.004452,0.009774,0.704520,0.709602,1.563684,none,0.250
923,1787295822.663530,camera_init,2.839865,-23.519649,0.000000,-0.003523,0.009075,0.705135,0.709006,1.565391,none,0.250
924,1787295822.963488,camera_init,2.841580,-23.343198,0.000000,-0.005787,0.005963,0.708582,0.705579,1.575046,none,0.250
925,1787295823.263512,camera_init,2.849331,-23.166442,0.000000,-0.007278,0.007707,0.709935,0.704187,1.578934,none,0.250
926,1787295823.563560,camera_init,2.851611,-22.965580,0.000000,-0.008806,0.010256,0.711646,0.702408,1.583892,none,0.250
927,1787295823.863500,camera_init,2.861927,-22.782742,0.000000,-0.006817,0.010988,0.709553,0.704533,1.577972,none,0.250
928,1787295824.163641,camera_init,2.867012,-22.576530,0.000000,-0.007021,0.008347,0.710280,0.703835,1.579933,none,0.250
929,1787295824.463252,camera_init,2.865007,-22.374304,0.000000,-0.008140,0.009541,0.711580,0.702494,1.583674,none,0.250
930,1787295824.763629,camera_init,2.868313,-22.177528,0.000000,-0.009396,0.009817,0.710861,0.703201,1.581640,none,0.250
931,1787295825.063601,camera_init,2.864022,-21.974434,0.000000,-0.004073,0.008773,0.710665,0.703464,1.581041,none,0.250
932,1787295825.363635,camera_init,2.875914,-21.778207,0.000000,-0.008032,0.005627,0.710590,0.703538,1.580739,none,0.250
933,1787295825.663563,camera_init,2.879230,-21.569657,0.000000,-0.007177,0.005837,0.711703,0.702420,1.583909,none,0.250
934,1787295825.963594,camera_init,2.880928,-21.370849,0.000000,-0.008023,0.007164,0.711886,0.702213,1.584465,none,0.250
935,1787295826.263626,camera_init,2.884392,-21.173482,0.000000,-0.006570,0.007844,0.709653,0.704477,1.578136,none,0.250
936,1787295826.563574,camera_init,2.890774,-20.973994,0.000000,-0.006623,0.006531,0.710710,0.703423,1.581102,none,0.250
937,1787295826.863510,camera_init,2.894137,-20.769970,0.000000,-0.009653,0.007227,0.710890,0.703200,1.581633,none,0.250
938,1787295827.163537,camera_init,2.896123,-20.571359,0.000000,-0.009655,0.007754,0.711486,0.702591,1.583345,none,0.250
939,1787295827.463552,camera_init,2.896285,-20.385449,0.000000,-0.008644,0.007072,0.711039,0.703064,1.582051,none,0.250
940,1787295827.763369,camera_init,2.903268,-20.193932,0.000000,-0.008534,0.008043,0.712313,0.701764,1.585709,none,0.250
941,1787295828.063545,camera_init,2.906232,-19.995150,0.000000,-0.009232,0.009442,0.712679,0.701366,1.586802,none,0.250
942,1787295828.363635,camera_init,2.911258,-19.791091,0.000000,-0.007591,0.009524,0.712081,0.701992,1.585101,none,0.250
943,1787295828.663526,camera_init,2.916240,-19.594890,0.000000,-0.009058,0.013082,0.710647,0.703369,1.581182,none,0.250
944,1787295828.963657,camera_init,2.916186,-19.401349,0.000000,-0.008591,0.014219,0.709332,0.704679,1.577508,none,0.250
945,1787295829.263668,camera_init,2.910695,-19.223617,0.000000,-0.008359,0.006491,0.712222,0.701874,1.585406,none,0.250
946,1787295829.563612,camera_init,2.910386,-19.037370,0.000000,-0.006653,0.009607,0.711700,0.702386,1.584020,none,0.250
947,1787295829.863608,camera_init,2.919562,-18.848267,0.000000,-0.008246,0.008816,0.711837,0.702241,1.584380,none,0.250
948,1787295830.163629,camera_init,2.923078,-18.676548,0.000000,-0.007732,0.009507,0.712216,0.701854,1.585485,none,0.250
949,1787295830.463565,camera_init,2.931151,-18.493909,0.000000,-0.008786,0.007838,0.712528,0.701545,1.586316,none,0.250
950,1787295830.663651,camera_init,2.935056,-18.342245,0.000000,-0.011536,0.009333,0.713748,0.700246,1.589852,none,0.250
951,1787295830.963636,camera_init,2.935974,-18.125298,0.000000,-0.012152,0.008855,0.714054,0.699929,1.590711,none,0.250
952,1787295831.263636,camera_init,2.938910,-17.926750,0.000000,-0.008648,0.010558,0.712022,0.702025,1.584974,none,0.250
953,1787295831.563610,camera_init,2.948059,-17.750360,0.000000,-0.010443,0.007797,0.708270,0.705822,1.574211,none,0.250
954,1787295831.863659,camera_init,2.949187,-17.556212,0.000000,-0.011024,0.008294,0.707829,0.706249,1.572979,none,0.250
955,1787295832.163676,camera_init,2.959122,-17.345788,0.000000,-0.011059,0.007536,0.706291,0.707795,1.568603,none,0.250
956,1787295832.463671,camera_init,2.958005,-17.147972,0.000000,-0.014051,0.009258,0.708014,0.705998,1.573537,none,0.250
957,1787295832.763680,camera_init,2.963947,-16.940193,0.000000,-0.011950,0.009154,0.709570,0.704474,1.577946,none,0.250
958,1787295833.063617,camera_init,2.971782,-16.742505,0.000000,-0.013136,0.005347,0.710477,0.703578,1.580412,none,0.250
959,1787295833.363683,camera_init,2.977133,-16.549825,0.000000,-0.010925,0.005003,0.709365,0.704739,1.577244,none,0.250
960,1787295833.663268,camera_init,2.983502,-16.343172,0.000000,-0.013331,0.006148,0.705199,0.708858,1.565480,none,0.250
961,1787295833.963284,camera_init,2.987733,-16.148827,0.000000,-0.013093,0.009244,0.703907,0.710111,1.561933,none,0.250
962,1787295834.263343,camera_init,2.995030,-15.938469,0.000000,-0.013416,0.006916,0.704933,0.709113,1.564752,none,0.250
963,1787295834.563607,camera_init,2.997196,-15.752439,0.000000,-0.012168,0.006076,0.705580,0.708500,1.566555,none,0.250
964,1787295834.863305,camera_init,3.009427,-15.551746,0.000000,-0.013775,0.004555,0.707086,0.706979,1.570779,none,0.250
965,1787295835.163393,camera_init,3.015981,-15.371727,0.000000,-0.010849,0.007730,0.707413,0.706675,1.571783,none,0.250
966,1787295835.463366,camera_init,3.016969,-15.187535,0.000000,-0.010977,0.007358,0.706926,0.707164,1.570393,none,0.250
967,1787295835.763375,camera_init,3.019234,-14.979821,0.000000,-0.014552,0.007514,0.707658,0.706366,1.572469,none,0.250
968,1787295836.063360,camera_init,3.028707,-14.785359,0.000000,-0.015800,0.007582,0.707604,0.706391,1.572320,none,0.250
969,1787295836.363319,camera_init,3.038383,-14.581543,0.000000,-0.012318,0.012409,0.705343,0.708651,1.566119,none,0.250
970,1787295836.663301,camera_init,3.042133,-14.372772,0.000000,-0.014446,0.009433,0.705232,0.708767,1.565675,none,0.250
971,1787295836.963293,camera_init,3.053425,-14.182905,0.000000,-0.017114,0.006919,0.706380,0.707592,1.568835,none,0.250
972,1787295837.263244,camera_init,3.059285,-14.000344,0.000000,-0.015640,0.004166,0.707663,0.706364,1.572406,none,0.250
973,1787295837.563244,camera_init,3.056553,-13.814442,0.000000,-0.009848,0.004231,0.708705,0.705423,1.575360,none,0.250
974,1787295837.863276,camera_init,3.061819,-13.617447,0.000000,-0.011461,0.005262,0.707436,0.706665,1.571783,none,0.250
975,1787295845.263308,camera_init,3.073391,-13.461457,0.000000,-0.009965,0.002042,0.707257,0.706884,1.571229,none,0.250
976,1787295846.163259,camera_init,3.078604,-13.300615,0.000000,-0.013484,0.004740,0.708156,0.705911,1.573813,none,0.250
977,1787295846.963248,camera_init,3.080095,-13.137412,0.000000,-0.013141,0.006137,0.707374,0.706691,1.571627,none,0.250
978,1787295853.063357,camera_init,3.091017,-13.040610,0.000000,-0.016231,0.005655,0.704324,0.709671,1.563001,avoid_end,0.250
979,1787295865.463452,camera_init,3.090852,-12.866436,0.000000,-0.014557,0.006878,0.709219,0.704804,1.576877,none,0.250
980,1787295865.963124,camera_init,3.100860,-12.698905,0.000000,-0.018753,-0.000027,0.712803,0.701114,1.586979,none,0.250
981,1787295866.463257,camera_init,3.091684,-12.541279,0.000000,-0.011586,0.002849,0.714797,0.699230,1.592688,none,0.250
982,1787295866.963458,camera_init,3.088171,-12.367772,0.000000,-0.010108,0.004990,0.718973,0.694947,1.604704,none,0.250
983,1787295867.363191,camera_init,3.045800,-12.220728,0.000000,-0.012128,0.004825,0.759297,0.650613,1.724559,none,0.250
984,1787295867.863415,camera_init,2.965616,-12.062085,0.000000,-0.011363,0.007559,0.802077,0.597064,1.861762,none,0.250
985,1787295868.263235,camera_init,2.914807,-11.874898,0.000000,-0.016379,0.007901,0.804063,0.594266,1.868522,none,0.250
986,1787295868.563477,camera_init,2.865799,-11.732565,0.000000,-0.014934,0.011092,0.810294,0.585728,1.889796,none,0.250
987,1787295868.963261,camera_init,2.795278,-11.567669,0.000000,-0.018132,0.010154,0.827141,0.561610,1.948564,none,0.250
988,1787295869.263242,camera_init,2.730734,-11.421559,0.000000,-0.018240,0.010126,0.838023,0.545235,1.987909,none,0.250
989,1787295869.663342,camera_init,2.622500,-11.259468,0.000000,-0.018350,0.009690,0.864873,0.501561,2.090503,none,0.250
990,1787295870.063430,camera_init,2.528258,-11.088126,0.000000,-0.019900,0.007103,0.873532,0.486307,2.125482,none,0.250
991,1787295870.463364,camera_init,2.417518,-10.930092,0.000000,-0.019172,0.008021,0.876151,0.481589,2.136330,none,0.250
992,1787295870.863375,camera_init,2.321694,-10.768523,0.000000,-0.023825,0.006330,0.878275,0.477519,2.145325,none,0.250
993,1787295871.263187,camera_init,2.203401,-10.606474,0.000000,-0.020545,0.006788,0.879848,0.474763,2.151789,none,0.250
994,1787295871.663484,camera_init,2.095061,-10.435662,0.000000,-0.020653,0.005915,0.881116,0.472412,2.157104,none,0.250
995,1787295871.963233,camera_init,2.015772,-10.279892,0.000000,-0.019510,0.007064,0.880605,0.473396,2.154953,none,0.250
996,1787295872.363302,camera_init,1.915036,-10.105621,0.000000,-0.018530,0.008800,0.879006,0.476370,2.148277,none,0.250
997,1787295872.663312,camera_init,1.834057,-9.976587,0.000000,-0.018592,0.010457,0.877649,0.478830,2.142714,none,0.250
998,1787295872.963079,camera_init,1.760053,-9.842390,0.000000,-0.019451,0.008492,0.876460,0.481007,2.137657,none,0.250
999,1787295873.263321,camera_init,1.690440,-9.707263,0.000000,-0.023786,0.009416,0.875776,0.482039,2.135107,none,0.250
1000,1787295873.663235,camera_init,1.578734,-9.553368,0.000000,-0.022620,0.012467,0.875972,0.481671,2.136107,none,0.250
1001,1787295873.963225,camera_init,1.497008,-9.412083,0.000000,-0.018837,0.011441,0.873411,0.486485,2.125234,none,0.250
1002,1787295874.263320,camera_init,1.433509,-9.268985,0.000000,-0.020360,0.008167,0.862384,0.505779,2.080598,none,0.250
1003,1787295874.563228,camera_init,1.399856,-9.112282,0.000000,-0.021781,0.005079,0.842626,0.538035,2.004751,none,0.250
1004,1787295874.963431,camera_init,1.366062,-8.926665,0.000000,-0.021201,0.003972,0.810567,0.585248,1.890526,none,0.250
1005,1787295875.263379,camera_init,1.344242,-8.769105,0.000000,-0.019537,0.004923,0.789912,0.612889,1.821556,none,0.250
1006,1787295875.663331,camera_init,1.331581,-8.577313,0.000000,-0.026164,0.008571,0.771731,0.635353,1.763523,none,0.250
1007,1787295876.063346,camera_init,1.295910,-8.396495,0.000000,-0.020168,0.008304,0.766664,0.641678,1.747553,none,0.250
1008,1787295876.463266,camera_init,1.265479,-8.210068,0.000000,-0.022665,0.010912,0.766449,0.641812,1.747043,none,0.250
1009,1787295876.863236,camera_init,1.245945,-8.018798,0.000000,-0.024531,0.009112,0.760901,0.648340,1.729764,none,0.250
1010,1787295877.163405,camera_init,1.233787,-7.867810,0.000000,-0.024240,0.009156,0.761255,0.647935,1.730854,none,0.250
1011,1787295877.563461,camera_init,1.196474,-7.692552,0.000000,-0.021672,0.009369,0.761498,0.647737,1.731587,none,0.250
1012,1787295877.963299,camera_init,1.167277,-7.508742,0.000000,-0.020993,0.010477,0.762790,0.646220,1.735630,none,0.250
1013,1787295878.263246,camera_init,1.137526,-7.343660,0.000000,-0.020178,0.011959,0.763949,0.644850,1.739294,none,0.250
1014,1787295878.663188,camera_init,1.125395,-7.169851,0.000000,-0.022206,0.009053,0.757106,0.652852,1.718061,none,0.250
1015,1787295879.063346,camera_init,1.130922,-6.991023,0.000000,-0.020570,0.010462,0.735380,0.677262,1.652756,none,0.250
1016,1787295879.463351,camera_init,1.127382,-6.812885,0.000000,-0.019879,0.012194,0.724166,0.689231,1.619997,none,0.250
1017,1787295879.863154,camera_init,1.133585,-6.657060,0.000000,-0.020530,0.010109,0.719497,0.694119,1.606394,none,0.250
1018,1787295880.263306,camera_init,1.133740,-6.487959,0.000000,-0.021029,0.006403,0.719795,0.693838,1.607125,none,0.250
1019,1787295880.663419,camera_init,1.119021,-6.308889,0.000000,-0.018536,0.008250,0.719845,0.693838,1.607321,none,0.250
1020,1787295881.063405,camera_init,1.117955,-6.113826,0.000000,-0.018966,0.008564,0.721840,0.691747,1.613095,none,0.250
1021,1787295881.463313,camera_init,1.113146,-5.941987,0.000000,-0.020513,0.010807,0.722582,0.690896,1.615340,none,0.250
1022,1787295881.863282,camera_init,1.102520,-5.781021,0.000000,-0.019953,0.010012,0.724913,0.688479,1.622062,none,0.250
1023,1787295882.263373,camera_init,1.097732,-5.610491,0.000000,-0.020890,0.008382,0.725708,0.687634,1.624314,none,0.250
1024,1787295882.663240,camera_init,1.118914,-5.429768,0.000000,-0.019109,0.007515,0.713225,0.700635,1.588301,none,0.250
1025,1787295883.163378,camera_init,1.122802,-5.259900,0.000000,-0.024060,0.016030,0.704335,0.709279,1.563474,none,0.250
1026,1787295887.263319,camera_init,1.125768,-5.098793,0.000000,-0.020617,0.011609,0.701697,0.712083,1.555807,ext:finish,0.250
