seq,stamp,frame_id,x,y,z,qx,qy,qz,qw,yaw,task,tol
0,1787234006.593418,camera_init,-0.091144,0.189461,0.000000,0.004913,-0.003509,-0.001514,0.999981,-0.003063,none,0.250
1,1787234010.093464,camera_init,0.064159,0.185624,0.000000,0.001498,-0.003578,-0.000788,0.999992,-0.001587,none,0.250
2,1787234010.893418,camera_init,0.221122,0.188007,0.000000,0.002599,-0.003434,-0.000131,0.999991,-0.000280,none,0.250
3,1787234011.694441,camera_init,0.383991,0.180076,0.000000,0.001805,-0.003895,0.001137,0.999990,0.002260,none,0.250
4,1787234012.394376,camera_init,0.551740,0.169712,0.000000,0.001982,-0.000459,0.000155,0.999998,0.000307,none,0.250
5,1787234013.094470,camera_init,0.705747,0.163832,0.000000,0.002807,-0.000403,-0.004540,0.999986,-0.009081,none,0.250
6,1787234013.894289,camera_init,0.880837,0.158835,0.000000,0.002574,-0.002313,-0.004258,0.999985,-0.008527,none,0.250
7,1787234014.394274,camera_init,1.061466,0.162101,0.000000,0.005029,-0.003702,-0.002759,0.999977,-0.005555,none,0.250
8,1787234015.094138,camera_init,1.230176,0.153265,0.000000,0.001554,-0.001124,-0.003504,0.999992,-0.007011,none,0.250
9,1787234015.694013,camera_init,1.386243,0.143810,0.000000,0.001839,-0.001863,-0.001456,0.999996,-0.002919,none,0.250
10,1787234016.194060,camera_init,1.551599,0.144533,0.000000,0.003775,-0.000422,-0.000197,0.999993,-0.000397,none,0.250
11,1787234016.694056,camera_init,1.705875,0.130734,0.000000,0.001912,-0.002273,0.001026,0.999995,0.002044,none,0.250
12,1787234017.193881,camera_init,1.862969,0.126654,0.000000,0.002199,-0.001890,0.002366,0.999993,0.004723,none,0.250
13,1787234017.693850,camera_init,2.039361,0.132742,0.000000,0.001945,-0.001601,0.001282,0.999996,0.002558,none,0.250
14,1787234018.293801,camera_init,2.212612,0.122595,0.000000,0.003178,-0.001367,-0.001510,0.999993,-0.003028,none,0.250
15,1787234018.793844,camera_init,2.368963,0.110875,0.000000,0.005886,-0.000181,-0.003615,0.999976,-0.007232,none,0.250
16,1787234019.293754,camera_init,2.550025,0.102282,0.000000,0.004935,-0.000834,-0.003465,0.999981,-0.006938,none,0.250
17,1787234019.793568,camera_init,2.720518,0.096568,0.000000,0.001500,-0.002026,-0.002844,0.999993,-0.005693,none,0.250
18,1787234020.293575,camera_init,2.875620,0.090982,0.000000,0.003371,-0.002227,-0.002658,0.999988,-0.005332,none,0.250
19,1787234020.793568,camera_init,3.049994,0.091187,0.000000,0.001247,-0.001216,-0.000206,0.999998,-0.000415,none,0.250
20,1787234021.293495,camera_init,3.219583,0.086572,0.000000,0.003953,-0.002069,0.001940,0.999988,0.003865,none,0.250
21,1787234021.793390,camera_init,3.389678,0.076213,0.000000,0.002836,-0.003445,0.002147,0.999988,0.004275,none,0.250
22,1787234022.293368,camera_init,3.564172,0.076496,0.000000,0.003327,-0.004953,0.002120,0.999980,0.004208,none,0.250
23,1787234022.793304,camera_init,3.741496,0.077623,0.000000,0.000356,-0.001754,0.002700,0.999995,0.005399,none,0.250
24,1787234023.293352,camera_init,3.917528,0.068231,0.000000,0.003179,-0.001124,0.003012,0.999990,0.006017,none,0.250
25,1787234023.793511,camera_init,4.103465,0.051423,0.000000,0.002677,0.000094,-0.003450,0.999990,-0.006899,none,0.250
26,1787234024.293427,camera_init,4.283995,0.055344,0.000000,0.003214,-0.002307,-0.003596,0.999986,-0.007206,none,0.250
27,1787234024.793476,camera_init,4.453925,0.052693,0.000000,0.002473,-0.001717,-0.003007,0.999991,-0.006023,none,0.250
28,1787234025.193511,camera_init,4.605838,0.040617,0.000000,0.004754,-0.002774,-0.000652,0.999985,-0.001330,none,0.250
29,1787234025.693455,camera_init,4.776216,0.041739,0.000000,0.002899,-0.001676,0.000271,0.999994,0.000533,none,0.250
30,1787234026.193455,camera_init,4.941890,0.041326,0.000000,-0.001616,0.000055,0.002097,0.999996,0.004194,none,0.250
31,1787234026.693465,camera_init,5.123123,0.029000,0.000000,0.000728,-0.001449,0.001124,0.999998,0.002246,none,0.250
32,1787234027.193408,camera_init,5.286529,0.027886,0.000000,0.001284,-0.000969,0.000623,0.999999,0.001244,none,0.250
33,1787234027.693541,camera_init,5.463387,0.021885,0.000000,0.003789,-0.000048,0.002333,0.999990,0.004666,none,0.250
34,1787234028.193502,camera_init,5.638543,0.015155,0.000000,0.003220,0.000751,-0.002549,0.999991,-0.005093,none,0.250
35,1787234028.793562,camera_init,5.809879,-0.011354,0.000000,0.002215,0.000250,-0.006292,0.999978,-0.012583,none,0.250
36,1787234029.393409,camera_init,5.993012,-0.006550,0.000000,0.002188,-0.000817,-0.004658,0.999986,-0.009320,none,0.250
37,1787234029.793646,camera_init,6.143542,-0.025098,0.000000,0.003342,-0.001694,-0.004707,0.999982,-0.009425,none,0.250
38,1787234030.293655,camera_init,6.327526,-0.033575,0.000000,0.002311,-0.000442,-0.003629,0.999991,-0.007260,none,0.250
39,1787234030.793677,camera_init,6.483752,-0.040647,0.000000,0.002152,0.001179,-0.000272,0.999997,-0.000540,none,0.250
40,1787234031.394462,camera_init,6.661871,-0.041847,0.000000,0.004690,0.000440,0.006412,0.999968,0.012828,none,0.250
41,1787234031.894325,camera_init,6.818347,-0.049464,0.000000,0.002775,-0.000329,0.005701,0.999980,0.011399,none,0.250
42,1787234032.494216,camera_init,6.974028,-0.042210,0.000000,0.002966,-0.000305,0.008200,0.999962,0.016398,none,0.250
43,1787234032.994186,camera_init,7.157572,-0.046078,0.000000,0.001514,0.000519,0.006701,0.999976,0.013403,none,0.250
44,1787234033.494042,camera_init,7.330745,-0.043428,0.000000,0.001528,0.001798,0.004601,0.999987,0.009208,none,0.250
45,1787234034.093462,camera_init,7.510243,-0.054928,0.000000,0.002412,-0.000460,0.002570,0.999994,0.005137,none,0.250
46,1787234034.594033,camera_init,7.678940,-0.073450,0.000000,0.001774,0.000241,0.001522,0.999997,0.003044,none,0.250
47,1787234035.093972,camera_init,7.848393,-0.065082,0.000000,0.001782,-0.001266,0.002759,0.999994,0.005513,none,0.250
48,1787234035.593890,camera_init,8.013615,-0.064096,0.000000,0.002343,0.000144,0.003816,0.999990,0.007632,none,0.250
49,1787234036.193821,camera_init,8.179983,-0.084879,0.000000,-0.000746,0.001524,0.008198,0.999965,0.016395,none,0.250
50,1787234036.593866,camera_init,8.330308,-0.072533,0.000000,-0.002533,0.002032,0.007263,0.999968,0.014515,none,0.250
51,1787234037.093845,camera_init,8.505153,-0.065226,0.000000,0.002005,0.001445,0.008361,0.999962,0.016727,none,0.250
52,1787234037.593801,camera_init,8.673444,-0.078675,0.000000,0.001496,0.001335,0.008753,0.999960,0.017510,none,0.250
53,1787234038.093565,camera_init,8.846148,-0.092304,0.000000,0.002855,0.004370,0.007050,0.999962,0.014126,none,0.250
54,1787234038.493572,camera_init,8.996515,-0.103493,0.000000,0.001934,0.003384,0.004675,0.999981,0.009364,none,0.250
55,1787234038.993576,camera_init,9.167285,-0.100816,0.000000,0.000689,0.001494,0.002446,0.999996,0.004894,none,0.250
56,1787234039.593549,camera_init,9.351956,-0.104054,0.000000,0.000914,0.002304,0.000314,0.999997,0.000632,none,0.250
57,1787234040.093490,camera_init,9.516761,-0.105951,0.000000,0.004029,0.001405,0.002174,0.999989,0.004359,none,0.250
58,1787234040.593360,camera_init,9.704079,-0.112406,0.000000,0.003410,0.000589,0.003376,0.999988,0.006756,none,0.250
59,1787234041.093543,camera_init,9.875746,-0.109958,0.000000,0.002637,0.002717,0.004785,0.999981,0.009584,none,0.250
60,1787234041.793316,camera_init,10.030979,-0.116946,0.000000,0.001291,0.002091,0.007219,0.999971,0.014443,none,0.250
61,1787234043.093445,camera_init,10.199048,-0.118788,0.000000,0.000406,0.001045,0.006211,0.999980,0.012423,none,0.250
62,1787234047.793640,camera_init,10.308243,-0.123290,0.000000,0.003806,0.001047,0.004270,0.999983,0.008547,ext:traffic_light,0.250
63,1787234053.793979,camera_init,10.472860,-0.130219,0.000000,0.004488,0.001219,0.002549,0.999986,0.005109,none,0.250
64,1787234054.493909,camera_init,10.626246,-0.140855,0.000000,0.004887,0.000276,0.000507,0.999988,0.001016,none,0.250
65,1787234055.093873,camera_init,10.782791,-0.133724,0.000000,0.003943,0.002253,-0.000225,0.999990,-0.000433,none,0.250
66,1787234055.893799,camera_init,10.949225,-0.141412,0.000000,0.004256,-0.000038,-0.002637,0.999987,-0.005275,none,0.250
67,1787234056.593764,camera_init,11.129282,-0.149309,0.000000,0.005526,0.002173,-0.003502,0.999976,-0.006979,none,0.250
68,1787234057.293623,camera_init,11.292037,-0.152940,0.000000,0.006506,0.001188,-0.001575,0.999977,-0.003135,none,0.250
69,1787234057.893684,camera_init,11.459775,-0.162051,0.000000,0.004510,0.003200,0.000710,0.999984,0.001449,none,0.250
70,1787234058.593578,camera_init,11.643450,-0.165433,0.000000,0.002107,0.001322,0.001661,0.999996,0.003328,none,0.250
71,1787234059.093461,camera_init,11.807131,-0.168934,0.000000,0.003710,0.000918,0.005617,0.999977,0.011241,none,0.250
72,1787234059.593464,camera_init,11.983930,-0.175303,0.000000,0.003540,0.000872,0.004800,0.999982,0.009606,none,0.250
73,1787234060.093434,camera_init,12.148012,-0.180319,0.000000,0.005799,-0.000248,0.001555,0.999982,0.003107,none,0.250
74,1787234060.593449,camera_init,12.308749,-0.183915,0.000000,0.004948,0.000276,-0.000000,0.999988,0.000003,none,0.250
75,1787234061.093441,camera_init,12.473818,-0.192180,0.000000,0.003993,0.000087,-0.003070,0.999987,-0.006140,none,0.250
76,1787234061.593460,camera_init,12.658951,-0.201646,0.000000,0.004822,0.000858,-0.004687,0.999977,-0.009365,none,0.250
77,1787234061.993354,camera_init,12.815061,-0.203699,0.000000,0.007084,0.000208,-0.004491,0.999965,-0.008978,none,0.250
78,1787234062.493565,camera_init,12.986335,-0.206261,0.000000,0.006535,0.001605,-0.001220,0.999977,-0.002418,none,0.250
79,1787234062.993546,camera_init,13.156626,-0.215030,0.000000,0.009016,0.002814,0.002509,0.999952,0.005069,none,0.250
80,1787234063.493528,camera_init,13.342600,-0.217525,0.000000,0.006488,0.002810,0.002158,0.999973,0.004353,none,0.250
81,1787234063.993448,camera_init,13.523347,-0.221551,0.000000,0.007910,0.002878,0.003186,0.999960,0.006417,none,0.250
82,1787234064.493462,camera_init,13.691547,-0.228079,0.000000,0.008451,0.002667,0.002860,0.999957,0.005765,none,0.250
83,1787234064.993773,camera_init,13.877813,-0.238032,0.000000,0.007410,0.004003,-0.000052,0.999965,-0.000045,none,0.250
84,1787234065.493552,camera_init,14.073244,-0.244424,0.000000,0.006868,0.005123,-0.000474,0.999963,-0.000878,none,0.250
85,1787234065.993739,camera_init,14.256911,-0.255884,0.000000,0.004981,0.004205,-0.003252,0.999973,-0.006463,none,0.250
86,1787234066.393391,camera_init,14.425830,-0.258977,0.000000,0.008109,0.005231,-0.003730,0.999946,-0.007374,none,0.250
87,1787234066.893364,camera_init,14.595361,-0.262840,0.000000,0.006137,0.005654,-0.004061,0.999957,-0.008053,none,0.250
88,1787234067.394619,camera_init,14.761062,-0.269738,0.000000,0.005176,0.004699,-0.000153,0.999976,-0.000257,none,0.250
89,1787234067.793624,camera_init,14.924781,-0.271591,0.000000,0.005294,0.003396,-0.000002,0.999980,0.000032,none,0.250
90,1787234068.293444,camera_init,15.105598,-0.279818,0.000000,0.004420,0.003372,0.001630,0.999983,0.003291,none,0.250
91,1787234068.793449,camera_init,15.284446,-0.278575,0.000000,0.007407,0.004540,0.004091,0.999954,0.008250,none,0.250
92,1787234069.193403,camera_init,15.461568,-0.288079,0.000000,0.008100,0.003025,-0.000076,0.999963,-0.000103,none,0.250
93,1787234069.593413,camera_init,15.629147,-0.295288,0.000000,0.006527,-0.000015,-0.000711,0.999978,-0.001421,none,0.250
94,1787234070.093369,camera_init,15.814739,-0.301536,0.000000,0.006365,0.002032,-0.002736,0.999974,-0.005447,none,0.250
95,1787234070.493480,camera_init,15.976288,-0.304366,0.000000,0.007439,0.003085,-0.003521,0.999961,-0.006996,none,0.250
96,1787234070.894369,camera_init,16.133688,-0.314545,0.000000,0.006388,0.002799,-0.005735,0.999959,-0.011434,none,0.250
97,1787234071.294297,camera_init,16.283654,-0.318143,0.000000,0.006631,0.003692,-0.003054,0.999967,-0.006059,none,0.250
98,1787234071.794180,camera_init,16.454887,-0.318738,0.000000,0.005742,0.001069,-0.003011,0.999978,-0.006010,none,0.250
99,1787234072.294102,camera_init,16.608446,-0.324352,0.000000,0.004567,0.001016,0.000012,0.999989,0.000034,none,0.250
100,1787234072.794116,camera_init,16.791252,-0.327624,0.000000,0.004035,0.001866,0.001069,0.999990,0.002153,none,0.250
101,1787234073.194069,camera_init,16.965593,-0.331778,0.000000,0.005580,0.003780,0.003000,0.999973,0.006041,none,0.250
102,1787234073.694106,camera_init,17.130406,-0.340688,0.000000,0.007991,0.003014,-0.000919,0.999963,-0.001789,none,0.250
103,1787234074.194018,camera_init,17.305730,-0.349758,0.000000,0.007181,0.000487,-0.003736,0.999967,-0.007465,none,0.250
104,1787234074.593688,camera_init,17.461482,-0.353789,0.000000,0.006267,0.000651,-0.003627,0.999974,-0.007247,none,0.250
105,1787234074.993767,camera_init,17.614384,-0.362440,0.000000,0.006192,0.003011,-0.004826,0.999965,-0.009614,none,0.250
106,1787234075.493709,camera_init,17.783818,-0.370359,0.000000,0.006674,0.002065,-0.008008,0.999944,-0.015988,none,0.250
107,1787234075.993851,camera_init,17.959563,-0.377680,0.000000,0.008049,0.001620,-0.007809,0.999936,-0.015591,none,0.250
108,1787234076.493586,camera_init,18.141209,-0.386248,0.000000,0.006984,0.001722,-0.005626,0.999958,-0.011228,none,0.250
109,1787234076.893668,camera_init,18.298959,-0.388269,0.000000,0.006544,0.001723,-0.004913,0.999965,-0.009804,none,0.250
110,1787234077.293530,camera_init,18.458104,-0.393710,0.000000,0.006613,0.002527,-0.002799,0.999971,-0.005565,none,0.250
111,1787234077.793509,camera_init,18.634338,-0.404728,0.000000,0.007501,0.001934,-0.002465,0.999967,-0.004901,none,0.250
112,1787234078.293546,camera_init,18.813793,-0.412930,0.000000,0.007850,0.003945,-0.005965,0.999944,-0.011868,none,0.250
113,1787234078.793431,camera_init,19.005071,-0.415884,0.000000,0.008182,0.000885,-0.005901,0.999949,-0.011787,none,0.250
114,1787234079.293562,camera_init,19.193591,-0.425972,0.000000,0.009355,0.001025,-0.007521,0.999927,-0.015023,none,0.250
115,1787234079.793458,camera_init,19.380133,-0.436014,0.000000,0.009134,0.002922,-0.010409,0.999900,-0.020765,none,0.250
116,1787234080.293412,camera_init,19.552777,-0.442863,0.000000,0.009648,0.001394,-0.011040,0.999892,-0.022052,none,0.250
117,1787234080.693518,camera_init,19.710750,-0.449475,0.000000,0.009060,0.002677,-0.008258,0.999921,-0.016467,none,0.250
118,1787234081.193529,camera_init,19.895380,-0.457522,0.000000,0.009755,0.002375,-0.008006,0.999918,-0.015966,none,0.250
119,1787234081.593580,camera_init,20.046377,-0.465633,0.000000,0.009729,0.002818,-0.004901,0.999937,-0.009747,none,0.250
120,1787234081.993574,camera_init,20.196587,-0.464156,0.000000,0.011337,0.001937,-0.002025,0.999932,-0.004005,none,0.250
121,1787234082.393578,camera_init,20.348411,-0.475260,0.000000,0.008767,0.003089,-0.004034,0.999949,-0.008013,none,0.250
122,1787234082.893559,camera_init,20.529747,-0.482717,0.000000,0.010931,0.002637,-0.005752,0.999920,-0.011446,none,0.250
123,1787234083.293903,camera_init,20.684069,-0.486706,0.000000,0.008695,0.001019,-0.005121,0.999949,-0.010225,none,0.250
124,1787234083.793362,camera_init,20.867779,-0.491221,0.000000,0.008991,0.002864,-0.004869,0.999944,-0.009687,none,0.250
125,1787234084.193816,camera_init,21.031578,-0.496156,0.000000,0.009900,0.004250,-0.006136,0.999923,-0.012189,none,0.250
126,1787234084.693527,camera_init,21.206324,-0.508264,0.000000,0.008917,0.002042,-0.005431,0.999943,-0.010825,none,0.250
127,1787234085.093484,camera_init,21.369741,-0.512251,0.000000,0.008566,0.002039,-0.001722,0.999960,-0.003409,none,0.250
128,1787234085.593672,camera_init,21.556492,-0.515169,0.000000,0.007380,0.001179,0.004006,0.999964,0.008030,none,0.250
129,1787234085.993748,camera_init,21.710387,-0.505554,0.000000,0.008611,0.003097,0.014419,0.999854,0.028892,none,0.250
130,1787234086.394590,camera_init,21.875987,-0.498760,0.000000,0.006702,0.004863,0.026044,0.999627,0.052159,none,0.250
131,1787234086.793600,camera_init,22.027248,-0.495899,0.000000,0.007175,0.003510,0.028107,0.999573,0.056271,none,0.250
132,1787234087.293563,camera_init,22.210322,-0.490559,0.000000,0.006053,0.005948,0.030690,0.999493,0.061464,none,0.250
133,1787234087.793507,camera_init,22.386057,-0.486704,0.000000,0.005177,0.002700,0.029482,0.999548,0.059000,none,0.250
134,1787234088.293432,camera_init,22.580747,-0.479711,0.000000,0.005953,0.002748,0.028906,0.999561,0.057853,none,0.250
135,1787234088.693444,camera_init,22.734446,-0.477610,0.000000,0.007092,0.002893,0.028396,0.999567,0.056840,none,0.250
136,1787234089.093431,camera_init,22.888836,-0.471432,0.000000,0.007583,0.000654,0.027098,0.999604,0.054212,none,0.250
137,1787234089.493559,camera_init,23.041708,-0.468895,0.000000,0.007774,0.002754,0.027732,0.999581,0.055513,none,0.250
138,1787234089.994395,camera_init,23.236764,-0.470605,0.000000,0.006462,0.002871,0.021928,0.999735,0.043896,none,0.250
139,1787234090.494188,camera_init,23.415964,-0.464747,0.000000,0.004934,0.002801,0.016864,0.999842,0.033757,none,0.250
140,1787234090.994244,camera_init,23.602356,-0.480135,0.000000,0.006689,0.002813,0.003172,0.999969,0.006381,none,0.250
141,1787234091.494146,camera_init,23.777241,-0.484089,0.000000,0.006008,0.003260,-0.004626,0.999966,-0.009213,none,0.250
142,1787234091.894179,camera_init,23.930499,-0.489179,0.000000,0.005985,0.003962,-0.007183,0.999948,-0.014319,none,0.250
143,1787234092.394010,camera_init,24.095256,-0.497126,0.000000,0.004897,0.001889,-0.008354,0.999951,-0.016689,none,0.250
144,1787234092.893938,camera_init,24.245225,-0.503098,0.000000,0.004748,0.002470,-0.009482,0.999941,-0.018940,none,0.250
145,1787234106.993468,camera_init,24.258789,-0.512100,0.000000,0.004504,0.002346,-0.008697,0.999949,-0.017373,ext:traffic_light,0.250
146,1787234125.093396,camera_init,24.433169,-0.511213,0.000000,0.004849,0.001963,-0.007154,0.999961,-0.014289,none,0.250
147,1787234125.593432,camera_init,24.611932,-0.515393,0.000000,0.006479,0.003972,-0.007610,0.999942,-0.015168,none,0.250
148,1787234126.193799,camera_init,24.785873,-0.525767,0.000000,0.005213,0.002617,-0.006996,0.999959,-0.013966,none,0.250
149,1787234126.793425,camera_init,24.955761,-0.526584,0.000000,0.005320,0.003095,-0.003699,0.999974,-0.007364,none,0.250
150,1787234127.194514,camera_init,25.115144,-0.537296,0.000000,0.004656,0.003139,-0.003179,0.999979,-0.006328,none,0.250
151,1787234127.694503,camera_init,25.277783,-0.545135,0.000000,0.005433,0.003063,-0.006133,0.999962,-0.012234,none,0.250
152,1787234128.194474,camera_init,25.464191,-0.554154,0.000000,0.004675,0.004107,-0.006011,0.999963,-0.011983,none,0.250
153,1787234128.594255,camera_init,25.642990,-0.557073,0.000000,0.005785,0.002979,-0.005956,0.999961,-0.011877,none,0.250
154,1787234129.094331,camera_init,25.836963,-0.572027,0.000000,0.004778,0.002833,-0.007466,0.999957,-0.014905,none,0.250
155,1787234129.494218,camera_init,25.986973,-0.579427,0.000000,0.004984,0.005007,-0.007881,0.999944,-0.015712,none,0.250
156,1787234129.893372,camera_init,26.179663,-0.590227,0.000000,0.003768,0.004073,-0.008928,0.999945,-0.017825,none,0.250
157,1787234130.394131,camera_init,26.370250,-0.597708,0.000000,0.003768,0.004831,0.001382,0.999980,0.002801,none,0.250
158,1787234130.893337,camera_init,26.558665,-0.598905,0.000000,0.003419,0.004099,0.003179,0.999981,0.006385,none,0.250
159,1787234131.394024,camera_init,26.754589,-0.595974,0.000000,0.001453,0.005610,0.007554,0.999955,0.015124,none,0.250
160,1787234131.793987,camera_init,26.922730,-0.599451,0.000000,0.004439,0.005510,0.007473,0.999947,0.014996,none,0.250
161,1787234132.193897,camera_init,27.098999,-0.611525,0.000000,0.005316,0.005211,0.004307,0.999963,0.008670,none,0.250
162,1787234132.593877,camera_init,27.252447,-0.603694,0.000000,0.004040,0.004322,0.008159,0.999949,0.016353,none,0.250
163,1787234132.993833,camera_init,27.426737,-0.617109,0.000000,0.002297,0.003765,0.005113,0.999977,0.010244,none,0.250
164,1787234133.393857,camera_init,27.598751,-0.622332,0.000000,0.002756,0.003469,0.002636,0.999987,0.005291,none,0.250
165,1787234133.793772,camera_init,27.782819,-0.624365,0.000000,0.004930,0.002727,0.004517,0.999974,0.009060,none,0.250
166,1787234134.193687,camera_init,27.973180,-0.626405,0.000000,0.003432,0.001777,0.003447,0.999987,0.006907,none,0.250
167,1787234134.593624,camera_init,28.145634,-0.628563,0.000000,0.005367,0.001091,0.001291,0.999984,0.002594,none,0.250
168,1787234134.993682,camera_init,28.322265,-0.633203,0.000000,0.003945,0.000845,0.002342,0.999989,0.004691,none,0.250
169,1787234135.393360,camera_init,28.502711,-0.641434,0.000000,0.006112,0.002730,0.004162,0.999969,0.008357,none,0.250
170,1787234135.793661,camera_init,28.681794,-0.644339,0.000000,0.006178,0.002324,0.000541,0.999978,0.001111,none,0.250
171,1787234136.193624,camera_init,28.871283,-0.652724,0.000000,0.004948,0.002092,0.000822,0.999985,0.001664,none,0.250
172,1787234136.593590,camera_init,29.041826,-0.656147,0.000000,0.005622,0.001230,0.001741,0.999982,0.003496,none,0.250
173,1787234136.993441,camera_init,29.229589,-0.656184,0.000000,0.006260,0.000819,0.001335,0.999979,0.002681,none,0.250
174,1787234137.393352,camera_init,29.412897,-0.672440,0.000000,0.007063,0.000508,0.001717,0.999973,0.003440,none,0.250
175,1787234137.793321,camera_init,29.582102,-0.667411,0.000000,0.004130,0.001777,0.001654,0.999989,0.003323,none,0.250
176,1787234138.193490,camera_init,29.762373,-0.662766,0.000000,0.007365,0.001617,-0.000408,0.999971,-0.000793,none,0.250
177,1787234138.593493,camera_init,29.947100,-0.681382,0.000000,0.004871,0.001961,0.001478,0.999985,0.002975,none,0.250
178,1787234138.993461,camera_init,30.135497,-0.686260,0.000000,0.006375,0.000228,0.000328,0.999980,0.000659,none,0.250
179,1787234139.393517,camera_init,30.316950,-0.691309,0.000000,0.007689,0.001961,-0.000597,0.999968,-0.001163,none,0.250
180,1787234139.793395,camera_init,30.495178,-0.694817,0.000000,0.008387,0.003454,-0.000504,0.999959,-0.000951,none,0.250
181,1787234140.193364,camera_init,30.677613,-0.699967,0.000000,0.005582,0.002699,0.001497,0.999980,0.003025,none,0.250
182,1787234140.593430,camera_init,30.872207,-0.711946,0.000000,0.006969,0.001149,0.000092,0.999975,0.000200,none,0.250
183,1787234140.993522,camera_init,31.048826,-0.711979,0.000000,0.007172,0.000742,-0.001573,0.999973,-0.003136,none,0.250
184,1787234141.393519,camera_init,31.226636,-0.715461,0.000000,0.006678,0.004284,0.002023,0.999966,0.004103,none,0.250
185,1787234141.793373,camera_init,31.402173,-0.726352,0.000000,0.004648,0.004013,-0.000223,0.999981,-0.000409,none,0.250
186,1787234142.193421,camera_init,31.590442,-0.727675,0.000000,0.007477,0.005592,0.002320,0.999954,0.004723,none,0.250
187,1787234142.493424,camera_init,31.741988,-0.729178,0.000000,0.006200,0.006956,0.001753,0.999955,0.003592,none,0.250
188,1787234142.893742,camera_init,31.905598,-0.739138,0.000000,0.008144,0.005535,-0.000462,0.999951,-0.000834,none,0.250
189,1787234143.293358,camera_init,32.095179,-0.746977,0.000000,0.007479,0.007341,0.000887,0.999945,0.001884,none,0.250
190,1787234143.693636,camera_init,32.275549,-0.744510,0.000000,0.006956,0.005502,0.002465,0.999958,0.005006,none,0.250
191,1787234144.093729,camera_init,32.454314,-0.752444,0.000000,0.006060,0.006331,0.000021,0.999962,0.000119,none,0.250
192,1787234144.493626,camera_init,32.636284,-0.751577,0.000000,0.007328,0.005195,0.002000,0.999958,0.004077,none,0.250
193,1787234144.893566,camera_init,32.815179,-0.757033,0.000000,0.008154,0.004118,0.000748,0.999958,0.001563,none,0.250
194,1787234145.293383,camera_init,32.992469,-0.758704,0.000000,0.006404,0.006063,0.002236,0.999959,0.004550,none,0.250
195,1787234145.693467,camera_init,33.189201,-0.761515,0.000000,0.006935,0.007925,0.004040,0.999936,0.008190,none,0.250
196,1787234146.094408,camera_init,33.366031,-0.769959,0.000000,0.006132,0.009047,0.005163,0.999927,0.010438,none,0.250
197,1787234146.493433,camera_init,33.552279,-0.776628,0.000000,0.008402,0.009558,0.002745,0.999915,0.005651,none,0.250
198,1787234146.894552,camera_init,33.722187,-0.780350,0.000000,0.010928,0.008846,0.002512,0.999898,0.005217,none,0.250
199,1787234147.294325,camera_init,33.909069,-0.782362,0.000000,0.006126,0.010709,0.002315,0.999921,0.004762,none,0.250
200,1787234147.694363,camera_init,34.093381,-0.782594,0.000000,0.005982,0.010122,0.005442,0.999916,0.011006,none,0.250
201,1787234148.094234,camera_init,34.266978,-0.791706,0.000000,0.005521,0.009090,0.005052,0.999931,0.010205,none,0.250
202,1787234148.494365,camera_init,34.447894,-0.795518,0.000000,0.006140,0.009207,0.005867,0.999922,0.011849,none,0.250
203,1787234148.894171,camera_init,34.635655,-0.793819,0.000000,0.006314,0.006983,0.006386,0.999935,0.012861,none,0.250
204,1787234149.294223,camera_init,34.816425,-0.789582,0.000000,0.006312,0.006863,0.006798,0.999933,0.013682,none,0.250
205,1787234149.694230,camera_init,34.999049,-0.800184,0.000000,0.005776,0.007101,0.006071,0.999940,0.012225,none,0.250
206,1787234150.094097,camera_init,35.186660,-0.810004,0.000000,0.007887,0.008672,0.003237,0.999926,0.006612,none,0.250
207,1787234150.494063,camera_init,35.355277,-0.810248,0.000000,0.007024,0.007169,0.003234,0.999944,0.006570,none,0.250
208,1787234150.894063,camera_init,35.552788,-0.810078,0.000000,0.005809,0.007536,0.005130,0.999942,0.010349,none,0.250
209,1787234151.293894,camera_init,35.727981,-0.813171,0.000000,0.006293,0.007578,0.003363,0.999946,0.006823,none,0.250
210,1787234151.694013,camera_init,35.893310,-0.815429,0.000000,0.007627,0.008032,0.004448,0.999929,0.009019,none,0.250
211,1787234152.093961,camera_init,36.067628,-0.821080,0.000000,0.007527,0.007565,0.004190,0.999934,0.008495,none,0.250
212,1787234152.493819,camera_init,36.237473,-0.823795,0.000000,0.009461,0.005904,0.003984,0.999930,0.008080,none,0.250
213,1787234152.893828,camera_init,36.398585,-0.825044,0.000000,0.006578,0.008437,0.005425,0.999928,0.010961,none,0.250
214,1787234153.293846,camera_init,36.586577,-0.826863,0.000000,0.007439,0.008025,0.005694,0.999924,0.011509,none,0.250
215,1787234153.693795,camera_init,36.746871,-0.834929,0.000000,0.008911,0.009108,0.003261,0.999913,0.006685,none,0.250
216,1787234154.093640,camera_init,36.905232,-0.838889,0.000000,0.008701,0.009871,0.000538,0.999913,0.001249,none,0.250
217,1787234154.493651,camera_init,37.068814,-0.839649,0.000000,0.008399,0.009267,0.001590,0.999921,0.003337,none,0.250
218,1787234154.893514,camera_init,37.230391,-0.843769,0.000000,0.005424,0.008392,0.003323,0.999945,0.006737,none,0.250
219,1787234155.293495,camera_init,37.395805,-0.847480,0.000000,0.006692,0.007040,0.002933,0.999949,0.005960,none,0.250
220,1787234155.693501,camera_init,37.573078,-0.847939,0.000000,0.007423,0.007030,0.005831,0.999931,0.011768,none,0.250
221,1787234156.093374,camera_init,37.730633,-0.852659,0.000000,0.008443,0.007232,0.004203,0.999929,0.008529,none,0.250
222,1787234156.493466,camera_init,37.881604,-0.855518,0.000000,0.008214,0.006297,0.003147,0.999941,0.006398,none,0.250
223,1787234156.893440,camera_init,38.043477,-0.852941,0.000000,0.006176,0.007745,0.005510,0.999936,0.011117,none,0.250
224,1787234157.293435,camera_init,38.211208,-0.855596,0.000000,0.007739,0.007628,0.007285,0.999914,0.014688,none,0.250
225,1787234157.693542,camera_init,38.370442,-0.865197,0.000000,0.009298,0.006368,0.003661,0.999930,0.007441,none,0.250
226,1787234158.093523,camera_init,38.526081,-0.868732,0.000000,0.008765,0.005754,0.000803,0.999945,0.001708,none,0.250
227,1787234158.493422,camera_init,38.681024,-0.868017,0.000000,0.009234,0.006265,0.001650,0.999936,0.003417,none,0.250
228,1787234158.893359,camera_init,38.842192,-0.875934,0.000000,0.007309,0.004619,0.001586,0.999961,0.003240,none,0.250
229,1787234159.293406,camera_init,38.995305,-0.875153,0.000000,0.007994,0.007244,0.002450,0.999939,0.005016,none,0.250
230,1787234159.693434,camera_init,39.156111,-0.876895,0.000000,0.009139,0.007667,0.003497,0.999923,0.007135,none,0.250
231,1787234160.094004,camera_init,39.306075,-0.881398,0.000000,0.008355,0.006244,0.004836,0.999934,0.009777,none,0.250
232,1787234160.493412,camera_init,39.469720,-0.878116,0.000000,0.009683,0.006355,0.007732,0.999903,0.015588,none,0.250
233,1787234160.893528,camera_init,39.627645,-0.882334,0.000000,0.008644,0.005663,0.005007,0.999934,0.010112,none,0.250
234,1787234161.293521,camera_init,39.789165,-0.903865,0.000000,0.007480,0.007587,-0.012772,0.999862,-0.025433,none,0.250
235,1787234161.693364,camera_init,39.942400,-0.942193,0.000000,0.009815,0.007551,-0.060512,0.998091,-0.120955,none,0.250
236,1787234162.093503,camera_init,40.083238,-1.025013,0.000000,0.014130,0.008037,-0.139157,0.990137,-0.279001,none,0.250
237,1787234162.493738,camera_init,40.211812,-1.111012,0.000000,0.015540,0.007373,-0.193419,0.980965,-0.389067,none,0.250
238,1787234162.893713,camera_init,40.353977,-1.175010,0.000000,0.016914,0.007174,-0.201097,0.979399,-0.404710,none,0.250
239,1787234163.293659,camera_init,40.482356,-1.259150,0.000000,0.015701,0.007373,-0.224450,0.974331,-0.452534,none,0.250
240,1787234163.693578,camera_init,40.613831,-1.360971,0.000000,0.016146,0.004480,-0.268095,0.963247,-0.542661,none,0.250
241,1787234164.093569,camera_init,40.705686,-1.480616,0.000000,0.017179,0.003902,-0.324877,0.945592,-0.661591,none,0.250
242,1787234164.493531,camera_init,40.806663,-1.603584,0.000000,0.018322,0.002632,-0.369958,0.928864,-0.757767,none,0.250
243,1787234164.893512,camera_init,40.898061,-1.727215,0.000000,0.019429,0.006817,-0.396479,0.917813,-0.815117,none,0.250
244,1787234165.293450,camera_init,40.979458,-1.862630,0.000000,0.020258,0.002903,-0.439161,0.898175,-0.909145,none,0.250
245,1787234165.693424,camera_init,41.047854,-2.012073,0.000000,0.019681,0.002750,-0.486900,0.873232,-1.016914,none,0.250
246,1787234166.094506,camera_init,41.086976,-2.160997,0.000000,0.018853,-0.000318,-0.529727,0.847959,-1.116465,none,0.250
247,1787234166.594342,camera_init,41.116390,-2.348914,0.000000,0.021470,-0.000694,-0.590951,0.806421,-1.264383,none,0.250
248,1787234166.994338,camera_init,41.125668,-2.501929,0.000000,0.020191,-0.001052,-0.632107,0.774617,-1.368484,none,0.250
249,1787234167.493364,camera_init,41.151603,-2.681067,0.000000,0.021072,-0.003005,-0.634592,0.772555,-1.374930,none,0.250
250,1787234167.894311,camera_init,41.171183,-2.831869,0.000000,0.021748,-0.002361,-0.650445,0.759238,-1.416305,none,0.250
251,1787234168.394226,camera_init,41.161232,-3.019234,0.000000,0.023194,-0.003422,-0.684949,0.728213,-1.509070,none,0.250
252,1787234168.894176,camera_init,41.155999,-3.203998,0.000000,0.022067,-0.003823,-0.692123,0.721432,-1.528868,none,0.250
253,1787234169.394176,camera_init,41.142762,-3.390600,0.000000,0.020294,-0.005715,-0.703726,0.710158,-1.561321,none,0.250
254,1787234169.894099,camera_init,41.136156,-3.581858,0.000000,0.023526,-0.005611,-0.708060,0.705738,-1.573558,none,0.250
255,1787234170.294101,camera_init,41.134486,-3.734338,0.000000,0.024181,-0.005035,-0.707362,0.706420,-1.571569,none,0.250
256,1787234170.793911,camera_init,41.129477,-3.910706,0.000000,0.025021,-0.002967,-0.705952,0.707812,-1.567548,none,0.250
257,1787234171.293948,camera_init,41.128231,-4.093575,0.000000,0.024541,-0.002259,-0.705240,0.708540,-1.565530,none,0.250
258,1787234171.693998,camera_init,41.124662,-4.249663,0.000000,0.026288,-0.002719,-0.706743,0.706977,-1.569782,none,0.250
259,1787234172.193752,camera_init,41.121102,-4.416925,0.000000,0.023281,-0.005741,-0.708479,0.705325,-1.574748,none,0.250
260,1787234172.693729,camera_init,41.109668,-4.591590,0.000000,0.024657,-0.007814,-0.714056,0.699611,-1.590676,none,0.250
261,1787234173.193838,camera_init,41.095595,-4.774602,0.000000,0.021772,-0.008346,-0.717487,0.696181,-1.600522,none,0.250
262,1787234173.693648,camera_init,41.082338,-4.949889,0.000000,0.022314,-0.007736,-0.716066,0.697633,-1.596426,none,0.250
263,1787234174.193569,camera_init,41.080713,-5.116350,0.000000,0.021503,-0.007895,-0.715113,0.698633,-1.593701,none,0.250
264,1787234174.693530,camera_init,41.073757,-5.282703,0.000000,0.021734,-0.008880,-0.714283,0.699463,-1.591360,none,0.250
265,1787234175.093372,camera_init,41.060178,-5.444485,0.000000,0.023734,-0.005310,-0.712718,0.701029,-1.586793,none,0.250
266,1787234175.493515,camera_init,41.047254,-5.599734,0.000000,0.024242,-0.003918,-0.712130,0.701618,-1.585091,none,0.250
267,1787234175.993441,camera_init,41.058374,-5.775613,0.000000,0.024562,-0.003073,-0.709225,0.704547,-1.576818,none,0.250
268,1787234176.393444,camera_init,41.046313,-5.933236,0.000000,0.025330,-0.003817,-0.709345,0.704396,-1.577168,none,0.250
269,1787234176.793430,camera_init,41.034998,-6.085419,0.000000,0.026051,-0.004774,-0.708133,0.705582,-1.573749,none,0.250
270,1787234177.293453,camera_init,41.024916,-6.267735,0.000000,0.025187,-0.003614,-0.712204,0.701511,-1.585298,none,0.250
271,1787234177.693353,camera_init,41.020016,-6.417881,0.000000,0.025737,-0.003177,-0.712196,0.701502,-1.585270,none,0.250
272,1787234178.093374,camera_init,41.013971,-6.594562,0.000000,0.026052,-0.002465,-0.712189,0.701499,-1.585245,none,0.250
273,1787234178.493432,camera_init,41.005100,-6.751626,0.000000,0.025858,-0.000646,-0.713677,0.699998,-1.589479,none,0.250
274,1787234178.993546,camera_init,40.990082,-6.929700,0.000000,0.024020,-0.002846,-0.713891,0.699839,-1.590104,none,0.250
275,1787234179.393496,camera_init,40.981290,-7.087356,0.000000,0.025323,-0.005111,-0.713538,0.700140,-1.589129,none,0.250
276,1787234179.793984,camera_init,40.976118,-7.245977,0.000000,0.023524,-0.003333,-0.715265,0.698450,-1.594038,none,0.250
277,1787234180.293465,camera_init,40.966961,-7.427588,0.000000,0.023799,-0.002367,-0.711160,0.702623,-1.582310,none,0.250
278,1787234180.693854,camera_init,40.963247,-7.584789,0.000000,0.024938,-0.002694,-0.709373,0.704387,-1.577235,none,0.250
279,1787234181.193362,camera_init,40.963236,-7.768403,0.000000,0.026731,-0.001805,-0.707139,0.706567,-1.570895,none,0.250
280,1787234181.693430,camera_init,40.947604,-7.944536,0.000000,0.024622,-0.001816,-0.710548,0.703216,-1.580564,none,0.250
281,1787234182.093652,camera_init,40.944926,-8.094877,0.000000,0.021571,-0.001635,-0.709101,0.704775,-1.576453,none,0.250
282,1787234182.593744,camera_init,40.937855,-8.273115,0.000000,0.022841,-0.000285,-0.709056,0.704783,-1.576319,none,0.250
283,1787234183.093579,camera_init,40.931535,-8.452443,0.000000,0.021200,0.000632,-0.709498,0.704388,-1.577576,none,0.250
284,1787234183.493662,camera_init,40.928489,-8.609380,0.000000,0.020064,-0.001225,-0.711574,0.702323,-1.583480,none,0.250
285,1787234183.893671,camera_init,40.918316,-8.769981,0.000000,0.019235,-0.000988,-0.710144,0.703793,-1.579412,none,0.250
286,1787234184.293554,camera_init,40.916847,-8.932821,0.000000,0.021246,0.000424,-0.709083,0.704805,-1.576397,none,0.250
287,1787234184.693593,camera_init,40.917906,-9.095108,0.000000,0.020886,-0.000800,-0.708531,0.705370,-1.574833,none,0.250
288,1787234185.193389,camera_init,40.908724,-9.284062,0.000000,0.022021,-0.000449,-0.708018,0.705850,-1.573378,none,0.250
289,1787234185.694475,camera_init,40.901565,-9.475502,0.000000,0.022695,0.000085,-0.707814,0.706034,-1.572800,none,0.250
290,1787234186.093416,camera_init,40.897332,-9.644801,0.000000,0.022455,-0.000507,-0.707611,0.706246,-1.572223,none,0.250
291,1787234186.594320,camera_init,40.895885,-9.815976,0.000000,0.021521,-0.002239,-0.710498,0.703367,-1.580425,none,0.250
292,1787234186.994230,camera_init,40.885532,-9.969317,0.000000,0.022627,-0.000048,-0.709676,0.704165,-1.578079,none,0.250
293,1787234187.394249,camera_init,40.873267,-10.136246,0.000000,0.022999,0.000018,-0.709277,0.704554,-1.576948,none,0.250
294,1787234187.794243,camera_init,40.871931,-10.292795,0.000000,0.024244,0.000379,-0.706437,0.707360,-1.568903,none,0.250
295,1787234188.294198,camera_init,40.866181,-10.467561,0.000000,0.022975,0.000598,-0.705597,0.708240,-1.566529,none,0.250
296,1787234188.794173,camera_init,40.864993,-10.656015,0.000000,0.023491,0.001463,-0.702733,0.711064,-1.558461,none,0.250
297,1787234189.294131,camera_init,40.864929,-10.835570,0.000000,0.023968,0.001004,-0.702134,0.711641,-1.556773,none,0.250
298,1787234189.694073,camera_init,40.858585,-10.987110,0.000000,0.022891,-0.000861,-0.702268,0.711544,-1.557152,none,0.250
299,1787234190.093913,camera_init,40.855906,-11.137238,0.000000,0.023808,-0.002338,-0.705386,0.708419,-1.565944,none,0.250
300,1787234190.493985,camera_init,40.856069,-11.300209,0.000000,0.023234,-0.004128,-0.702960,0.710837,-1.559132,none,0.250
301,1787234190.893799,camera_init,40.850844,-11.456051,0.000000,0.021698,-0.001623,-0.703219,0.710641,-1.559830,none,0.250
302,1787234191.293820,camera_init,40.843856,-11.614161,0.000000,0.019927,-0.003899,-0.703284,0.710619,-1.560041,none,0.250
303,1787234191.693925,camera_init,40.847005,-11.778646,0.000000,0.023135,-0.003609,-0.702101,0.711692,-1.556708,none,0.250
304,1787234192.093673,camera_init,40.849659,-11.928953,0.000000,0.022711,-0.001677,-0.697944,0.715791,-1.545038,none,0.250
305,1787234192.493716,camera_init,40.850610,-12.083467,0.000000,0.025393,-0.004021,-0.697996,0.715640,-1.545210,none,0.250
306,1787234192.893679,camera_init,40.855669,-12.237963,0.000000,0.023156,-0.001524,-0.693374,0.720204,-1.532310,none,0.250
307,1787234193.293746,camera_init,40.858504,-12.392879,0.000000,0.024532,-0.001230,-0.689456,0.723911,-1.521453,none,0.250
308,1787234193.693695,camera_init,40.861666,-12.559381,0.000000,0.024859,-0.002072,-0.688508,0.724800,-1.518842,none,0.250
309,1787234194.093595,camera_init,40.865671,-12.722045,0.000000,0.024450,-0.001385,-0.688814,0.724524,-1.519682,none,0.250
310,1787234194.493454,camera_init,40.872783,-12.877926,0.000000,0.026630,-0.003144,-0.689581,0.723712,-1.521815,none,0.250
311,1787234194.893426,camera_init,40.873384,-13.035009,0.000000,0.022203,-0.004497,-0.687811,0.725536,-1.516963,none,0.250
312,1787234195.293420,camera_init,40.872402,-13.197054,0.000000,0.019808,-0.006583,-0.687060,0.726301,-1.514949,none,0.250
313,1787234195.693356,camera_init,40.882388,-13.363648,0.000000,0.022783,-0.006386,-0.688473,0.724876,-1.518833,none,0.250
314,1787234196.093453,camera_init,40.887480,-13.520201,0.000000,0.026246,-0.003377,-0.688246,0.724995,-1.518134,none,0.250
315,1787234196.493466,camera_init,40.891302,-13.687521,0.000000,0.026101,-0.001626,-0.687861,0.725371,-1.517050,none,0.250
316,1787234196.893416,camera_init,40.894301,-13.852977,0.000000,0.024178,-0.001579,-0.688753,0.724591,-1.519517,none,0.250
317,1787234197.293492,camera_init,40.900144,-14.007117,0.000000,0.023331,-0.002534,-0.687078,0.726205,-1.514910,none,0.250
318,1787234197.693524,camera_init,40.900297,-14.160717,0.000000,0.022933,-0.002768,-0.686162,0.727082,-1.512392,none,0.250
319,1787234198.093394,camera_init,40.901408,-14.318654,0.000000,0.024581,-0.006932,-0.689188,0.724132,-1.520819,none,0.250
320,1787234198.493526,camera_init,40.897393,-14.482864,0.000000,0.024123,-0.006324,-0.691667,0.721786,-1.527656,none,0.250
321,1787234198.893483,camera_init,40.902405,-14.644548,0.000000,0.023486,-0.006196,-0.691255,0.722203,-1.526513,none,0.250
322,1787234199.293422,camera_init,40.913586,-14.795165,0.000000,0.025582,-0.004567,-0.690836,0.722544,-1.525312,none,0.250
323,1787234199.693409,camera_init,40.912144,-14.960795,0.000000,0.024641,-0.003906,-0.690103,0.723281,-1.523275,none,0.250
324,1787234200.093449,camera_init,40.916280,-15.130224,0.000000,0.024861,-0.005526,-0.689892,0.723464,-1.522725,none,0.250
325,1787234200.493464,camera_init,40.917813,-15.303727,0.000000,0.025169,-0.005508,-0.692648,0.720815,-1.530355,none,0.250
326,1787234200.893509,camera_init,40.920685,-15.480021,0.000000,0.023867,-0.007146,-0.693694,0.719839,-1.533301,none,0.250
327,1787234201.293718,camera_init,40.921575,-15.638051,0.000000,0.023894,-0.007059,-0.692599,0.720893,-1.530261,none,0.250
328,1787234201.693775,camera_init,40.926492,-15.801732,0.000000,0.025276,-0.004733,-0.692553,0.720908,-1.530073,none,0.250
329,1787234202.093361,camera_init,40.928077,-15.989531,0.000000,0.027304,-0.006097,-0.693592,0.719824,-1.532986,none,0.250
330,1787234202.493573,camera_init,40.922857,-16.156628,0.000000,0.026832,-0.006474,-0.700820,0.712804,-1.553170,none,0.250
331,1787234202.893667,camera_init,40.927033,-16.335849,0.000000,0.025149,-0.007388,-0.700376,0.713293,-1.551952,none,0.250
332,1787234203.293569,camera_init,40.926626,-16.503764,0.000000,0.025664,-0.004214,-0.700897,0.712788,-1.553336,none,0.250
333,1787234203.694674,camera_init,40.925174,-16.690294,0.000000,0.026521,-0.003202,-0.701220,0.712445,-1.554225,none,0.250
334,1787234204.093455,camera_init,40.925550,-16.854907,0.000000,0.025881,-0.006078,-0.699370,0.714265,-1.549096,none,0.250
335,1787234204.493479,camera_init,40.922397,-17.041847,0.000000,0.026246,-0.001926,-0.698590,0.715038,-1.546844,none,0.250
336,1787234204.893588,camera_init,40.920938,-17.223817,0.000000,0.025643,-0.003972,-0.700143,0.713531,-1.551219,none,0.250
337,1787234205.293268,camera_init,40.919736,-17.403371,0.000000,0.024510,-0.002953,-0.699366,0.714337,-1.549028,none,0.250
338,1787234205.693264,camera_init,40.917287,-17.578772,0.000000,0.025627,-0.004550,-0.699415,0.714242,-1.549189,none,0.250
339,1787234206.093348,camera_init,40.917187,-17.754142,0.000000,0.027786,-0.003976,-0.699520,0.714062,-1.549470,none,0.250
340,1787234206.494389,camera_init,40.915229,-17.922800,0.000000,0.024935,-0.003065,-0.700093,0.713609,-1.551066,none,0.250
341,1787234206.893500,camera_init,40.912389,-18.091639,0.000000,0.023603,-0.005425,-0.700019,0.713713,-1.550901,none,0.250
342,1787234207.294322,camera_init,40.916352,-18.269011,0.000000,0.026109,-0.005645,-0.699994,0.713649,-1.550833,none,0.250
343,1787234207.694221,camera_init,40.908528,-18.451332,0.000000,0.026155,-0.003430,-0.700321,0.713341,-1.551707,none,0.250
344,1787234208.094145,camera_init,40.906346,-18.615110,0.000000,0.025916,-0.004839,-0.699654,0.713995,-1.549864,none,0.250
345,1787234208.494232,camera_init,40.910568,-18.784756,0.000000,0.024698,-0.005110,-0.698473,0.715192,-1.546565,none,0.250
346,1787234208.894210,camera_init,40.907274,-18.966614,0.000000,0.023230,-0.004665,-0.699021,0.714708,-1.548091,none,0.250
347,1787234209.294167,camera_init,40.906583,-19.144005,0.000000,0.024658,-0.003887,-0.698334,0.715337,-1.546155,none,0.250
348,1787234209.694061,camera_init,40.908150,-19.317273,0.000000,0.025552,-0.005486,-0.699198,0.714451,-1.548601,none,0.250
349,1787234210.094146,camera_init,40.900286,-19.497506,0.000000,0.024531,-0.005181,-0.700012,0.713691,-1.550876,none,0.250
350,1787234210.493972,camera_init,40.900449,-19.683827,0.000000,0.019010,-0.004216,-0.698504,0.715341,-1.546639,none,0.250
351,1787234210.894013,camera_init,40.899116,-19.858893,0.000000,0.022094,-0.006321,-0.701606,0.712195,-1.555373,none,0.250
352,1787234211.293842,camera_init,40.894196,-20.041494,0.000000,0.022098,-0.006738,-0.701187,0.712603,-1.554209,none,0.250
353,1787234211.693960,camera_init,40.894289,-20.217368,0.000000,0.023947,-0.006682,-0.703153,0.710604,-1.559730,none,0.250
354,1787234212.093954,camera_init,40.889888,-20.396971,0.000000,0.023637,-0.005943,-0.703615,0.710163,-1.561013,none,0.250
355,1787234212.493791,camera_init,40.884163,-20.582586,0.000000,0.021589,-0.002780,-0.702213,0.711634,-1.557014,none,0.250
356,1787234212.893850,camera_init,40.882191,-20.771934,0.000000,0.023975,-0.003903,-0.701493,0.712262,-1.555005,none,0.250
357,1787234213.293707,camera_init,40.876211,-20.949472,0.000000,0.025663,-0.002731,-0.703677,0.710051,-1.561130,none,0.250
358,1787234213.693576,camera_init,40.870548,-21.124868,0.000000,0.024937,-0.004450,-0.704031,0.709717,-1.562152,none,0.250
359,1787234214.093629,camera_init,40.875843,-21.301552,0.000000,0.027169,-0.004577,-0.704182,0.709485,-1.562577,none,0.250
360,1787234214.493582,camera_init,40.865919,-21.484806,0.000000,0.024563,-0.003633,-0.703497,0.710265,-1.560633,none,0.250
361,1787234214.893548,camera_init,40.864204,-21.665651,0.000000,0.026739,-0.002320,-0.703359,0.710328,-1.560228,none,0.250
362,1787234215.293572,camera_init,40.865525,-21.842928,0.000000,0.024789,-0.006857,-0.702188,0.711527,-1.557022,none,0.250
363,1787234215.693393,camera_init,40.856878,-22.020014,0.000000,0.023810,-0.006582,-0.702445,0.711309,-1.557736,none,0.250
364,1787234216.093363,camera_init,40.855416,-22.195623,0.000000,0.023264,-0.006102,-0.701897,0.711873,-1.556184,none,0.250
365,1787234216.493418,camera_init,40.852856,-22.382927,0.000000,0.024053,-0.005526,-0.700774,0.712956,-1.553018,none,0.250
366,1787234216.893351,camera_init,40.845505,-22.558335,0.000000,0.023015,-0.006564,-0.702960,0.710827,-1.559184,none,0.250
367,1787234217.293341,camera_init,40.845138,-22.736486,0.000000,0.021254,-0.008150,-0.703184,0.710644,-1.559862,none,0.250
368,1787234217.693431,camera_init,40.836273,-22.919435,0.000000,0.021061,-0.007714,-0.701781,0.712039,-1.555907,none,0.250
369,1787234218.093373,camera_init,40.840576,-23.101690,0.000000,0.022933,-0.006156,-0.701697,0.712079,-1.555626,none,0.250
370,1787234218.493546,camera_init,40.833188,-23.279445,0.000000,0.024369,-0.005780,-0.702033,0.711704,-1.556558,none,0.250
371,1787234218.893528,camera_init,40.826287,-23.457269,0.000000,0.025465,-0.005409,-0.701659,0.712037,-1.555500,none,0.250
372,1787234219.293523,camera_init,40.826745,-23.636476,0.000000,0.024475,-0.003273,-0.701687,0.712057,-1.555539,none,0.250
373,1787234219.693469,camera_init,40.830176,-23.814140,0.000000,0.026479,-0.004814,-0.701045,0.712609,-1.553762,none,0.250
374,1787234220.093412,camera_init,40.819017,-23.982517,0.000000,0.024715,-0.004492,-0.701675,0.712054,-1.555527,none,0.250
375,1787234220.493495,camera_init,40.815293,-24.163484,0.000000,0.025478,-0.003064,-0.703032,0.710695,-1.559316,none,0.250
376,1787234220.893492,camera_init,40.811433,-24.328779,0.000000,0.025942,-0.002954,-0.704108,0.709613,-1.562346,none,0.250
377,1787234221.293358,camera_init,40.807704,-24.494973,0.000000,0.025507,-0.003872,-0.703770,0.709960,-1.561405,none,0.250
378,1787234221.693575,camera_init,40.809722,-24.662111,0.000000,0.022811,-0.002786,-0.701931,0.711874,-1.556220,none,0.250
379,1787234222.093421,camera_init,40.805124,-24.821073,0.000000,0.025260,-0.003013,-0.701334,0.712379,-1.554544,none,0.250
380,1787234222.493504,camera_init,40.803675,-24.990654,0.000000,0.025329,-0.003057,-0.700277,0.713416,-1.551579,none,0.250
381,1787234222.894564,camera_init,40.804208,-25.151167,0.000000,0.028080,-0.005014,-0.701044,0.712547,-1.553762,none,0.250
382,1787234223.294477,camera_init,40.794531,-25.317175,0.000000,0.026281,-0.004244,-0.702075,0.711605,-1.556645,none,0.250
383,1787234223.693652,camera_init,40.792938,-25.495590,0.000000,0.025808,-0.003503,-0.700836,0.712847,-1.553154,none,0.250
384,1787234224.094496,camera_init,40.797206,-25.671205,0.000000,0.024594,-0.003326,-0.698998,0.714693,-1.548004,none,0.250
385,1787234224.494487,camera_init,40.793496,-25.830548,0.000000,0.026980,-0.004913,-0.700499,0.713127,-1.552232,none,0.250
386,1787234224.894426,camera_init,40.780534,-25.993114,0.000000,0.027463,-0.004092,-0.708683,0.704981,-1.575295,none,0.250
387,1787234225.292472,camera_init,40.782093,-26.161961,0.000000,0.023920,-0.006375,-0.708458,0.705318,-1.574705,none,0.250
388,1787234225.793441,camera_init,40.771308,-26.353139,0.000000,0.022744,-0.006042,-0.708834,0.704983,-1.575762,none,0.250
389,1787234226.193446,camera_init,40.756830,-26.516010,0.000000,0.022181,-0.005249,-0.709623,0.704213,-1.577983,none,0.250
390,1787234226.594190,camera_init,40.758489,-26.687996,0.000000,0.025628,-0.003449,-0.707743,0.705997,-1.572620,none,0.250
391,1787234226.994188,camera_init,40.744858,-26.857083,0.000000,0.026511,-0.004084,-0.714363,0.699261,-1.591470,none,0.250
392,1787234227.493370,camera_init,40.736423,-27.046716,0.000000,0.024284,-0.004854,-0.714615,0.699080,-1.592202,none,0.250
393,1787234227.894125,camera_init,40.729943,-27.215912,0.000000,0.024221,-0.005123,-0.713729,0.699985,-1.589674,none,0.250
394,1787234228.294178,camera_init,40.715614,-27.387912,0.000000,0.026063,-0.004891,-0.713450,0.700204,-1.588876,none,0.250
395,1787234228.693994,camera_init,40.702432,-27.547986,0.000000,0.027040,-0.005319,-0.714692,0.698896,-1.592435,none,0.250
396,1787234229.093877,camera_init,40.701290,-27.706871,0.000000,0.028409,-0.004828,-0.715709,0.697804,-1.595339,none,0.250
397,1787234229.494012,camera_init,40.700200,-27.862859,0.000000,0.025352,-0.005277,-0.710684,0.703035,-1.580999,none,0.250
398,1787234229.893855,camera_init,40.687861,-28.024141,0.000000,0.025842,-0.005786,-0.710286,0.703415,-1.579880,none,0.250
399,1787234230.293928,camera_init,40.685548,-28.180075,0.000000,0.026867,-0.005563,-0.708671,0.705005,-1.575291,none,0.250
400,1787234230.693683,camera_init,40.685135,-28.337680,0.000000,0.029069,-0.005376,-0.707651,0.705943,-1.572396,none,0.250
401,1787234231.093692,camera_init,40.675287,-28.511774,0.000000,0.029069,-0.006226,-0.708492,0.705092,-1.574798,none,0.250
402,1787234231.493780,camera_init,40.666116,-28.671976,0.000000,0.026177,-0.006819,-0.708709,0.704982,-1.575429,none,0.250
403,1787234231.993639,camera_init,40.652860,-28.854513,0.000000,0.030015,-0.006600,-0.714604,0.698854,-1.592214,none,0.250
404,1787234232.393543,camera_init,40.629450,-29.010251,0.000000,0.028844,-0.007222,-0.722962,0.690248,-1.616287,none,0.250
405,1787234232.793589,camera_init,40.552529,-29.148276,0.000000,0.031062,-0.008328,-0.789449,0.612973,-1.820156,none,0.250
406,1787234233.093560,camera_init,40.469151,-29.235795,0.000000,0.031801,-0.008590,-0.840661,0.540559,-1.997612,none,0.250
407,1787234233.593570,camera_init,40.336591,-29.365959,0.000000,-0.031620,0.009935,0.882350,-0.469425,-2.162630,none,0.250
408,1787234234.093434,camera_init,40.181998,-29.475622,0.000000,-0.031433,0.009339,0.916490,-0.398712,-2.319839,none,0.250
409,1787234234.593533,camera_init,40.051541,-29.585628,0.000000,-0.030056,0.008502,0.923807,-0.381581,-2.357227,none,0.250
410,1787234235.093477,camera_init,39.897936,-29.667896,0.000000,-0.029429,0.006132,0.949781,-0.311469,-2.507038,none,0.250
411,1787234235.593492,camera_init,39.741589,-29.747820,0.000000,-0.030154,0.008137,0.958433,-0.283602,-2.565335,none,0.250
412,1787234235.993531,camera_init,39.595302,-29.794718,0.000000,-0.029840,0.008302,0.971212,-0.236194,-2.663645,none,0.250
413,1787234236.493484,camera_init,39.429115,-29.839633,0.000000,-0.029090,0.006891,0.981291,-0.190193,-2.758030,none,0.250
414,1787234236.993404,camera_init,39.249208,-29.857798,0.000000,-0.029748,0.009439,0.990899,-0.130936,-2.878088,none,0.250
415,1787234237.493548,camera_init,39.086986,-29.878077,0.000000,-0.024692,0.009811,0.994718,-0.099146,-2.942327,none,0.250
416,1787234237.893525,camera_init,38.934758,-29.892506,0.000000,-0.026206,0.011021,0.996391,-0.079975,-2.980745,none,0.250
417,1787234238.393855,camera_init,38.770537,-29.912258,0.000000,-0.025979,0.011787,0.997171,-0.069535,-3.001671,none,0.250
418,1787234238.893403,camera_init,38.609581,-29.927087,0.000000,-0.025347,0.012546,0.997564,-0.063767,-3.013227,none,0.250
419,1787234239.393350,camera_init,38.437382,-29.931455,0.000000,-0.026998,0.012733,0.998690,-0.041558,-3.057683,none,0.250
420,1787234239.893537,camera_init,38.268602,-29.933972,0.000000,-0.025780,0.013415,0.999090,-0.031208,-3.078419,none,0.250
421,1787234240.393717,camera_init,38.100447,-29.920928,0.000000,-0.024300,0.009143,0.999518,-0.017012,-3.107093,none,0.250
422,1787234240.893761,camera_init,37.939949,-29.928483,0.000000,-0.026066,0.012034,0.999493,-0.013801,-3.113336,none,0.250
423,1787234241.393739,camera_init,37.776135,-29.923485,0.000000,-0.025163,0.013195,0.999522,-0.012188,-3.116530,none,0.250
424,1787234241.893496,camera_init,37.621805,-29.924345,0.000000,-0.022977,0.014574,0.999547,-0.012827,-3.115251,none,0.250
425,1787234242.393490,camera_init,37.433315,-29.930123,0.000000,-0.023369,0.012515,0.999487,-0.017990,-3.104999,none,0.250
426,1787234242.894493,camera_init,37.279745,-29.932726,0.000000,-0.024640,0.011648,0.999440,-0.019424,-3.102135,none,0.250
427,1787234243.393409,camera_init,37.113870,-29.932434,0.000000,-0.025838,0.009329,0.999422,-0.020033,-3.101003,none,0.250
428,1787234243.893370,camera_init,36.956732,-29.935087,0.000000,-0.024519,0.011100,0.999444,-0.019697,-3.101619,none,0.250
429,1787234244.393511,camera_init,36.783511,-29.935014,0.000000,-0.026311,0.014353,0.999466,-0.013010,-3.114792,none,0.250
430,1787234244.993433,camera_init,36.622567,-29.915385,0.000000,-0.025798,0.012702,0.999585,0.001825,3.138596,none,0.250
431,1787234245.494287,camera_init,36.454933,-29.915635,0.000000,-0.025093,0.013723,0.999589,0.001967,3.138345,none,0.250
432,1787234251.593674,camera_init,36.305408,-29.866097,0.000000,-0.026728,0.013969,0.997167,0.068915,3.004260,none,0.250
433,1787234252.693456,camera_init,36.164598,-29.812430,0.000000,-0.026927,0.012765,0.993440,0.110402,2.920787,none,0.250
434,1787234253.893350,camera_init,36.017560,-29.752436,0.000000,-0.028015,0.015180,0.991204,0.128447,2.884538,none,0.250
435,1787234254.693415,camera_init,35.883377,-29.677645,0.000000,-0.024554,0.015879,0.981853,0.187375,2.765047,none,0.250
436,1787234255.493248,camera_init,35.722177,-29.609051,0.000000,-0.025237,0.016469,0.981695,0.188060,2.763683,none,0.250
437,1787234256.293525,camera_init,35.568008,-29.545618,0.000000,-0.025369,0.014969,0.981580,0.188769,2.762159,none,0.250
438,1787234257.193477,camera_init,35.412041,-29.479537,0.000000,-0.023568,0.012981,0.982233,0.185724,2.768267,none,0.250
439,1787234258.093977,camera_init,35.251328,-29.442924,0.000000,-0.024841,0.015176,0.988517,0.148282,2.844411,none,0.250
440,1787234258.993349,camera_init,35.101424,-29.393242,0.000000,-0.024398,0.014127,0.991041,0.130546,2.880213,none,0.250
441,1787234259.693665,camera_init,34.941948,-29.385239,0.000000,-0.026009,0.014048,0.996606,0.076826,2.988371,none,0.250
442,1787234286.294057,camera_init,34.823004,-29.428909,0.000000,-0.024850,0.014938,0.999547,-0.008054,-3.124729,none,0.250
443,1787234288.593748,camera_init,34.665520,-29.430572,0.000000,-0.025146,0.014443,0.999519,-0.010995,-3.118857,none,0.250
444,1787234290.193642,camera_init,34.508896,-29.425764,0.000000,-0.025606,0.015262,0.999481,-0.012181,-3.116427,none,0.250
445,1787234291.593556,camera_init,34.353794,-29.405172,0.000000,-0.025419,0.013000,0.999480,0.014998,3.112231,none,0.250
446,1787234292.993537,camera_init,34.204522,-29.390125,0.000000,-0.028227,0.012738,0.999485,0.008441,3.125412,none,0.250
447,1787234294.593562,camera_init,34.052205,-29.396850,0.000000,-0.027402,0.010669,0.999538,-0.007661,-3.125668,none,0.250
448,1787234295.893584,camera_init,33.896542,-29.397003,0.000000,-0.029008,0.013063,0.999465,-0.007618,-3.125579,none,0.250
449,1787234298.393723,camera_init,33.738767,-29.391064,0.000000,-0.026381,0.011997,0.999570,-0.004384,-3.132182,none,0.250
450,1787234300.293671,camera_init,33.581111,-29.390993,0.000000,-0.027208,0.013665,0.999503,-0.008133,-3.124565,none,0.250
451,1787234315.493494,camera_init,33.470861,-29.381222,0.000000,-0.029324,0.013266,0.999458,-0.006898,-3.127000,ext:piper_stop_1,0.250
452,1787234327.593806,camera_init,33.314403,-29.388421,0.000000,-0.025881,0.012784,0.999565,-0.005996,-3.128926,none,0.250
453,1787234328.893611,camera_init,33.161559,-29.383737,0.000000,-0.024013,0.012417,0.999628,-0.003499,-3.133992,none,0.250
454,1787234330.393490,camera_init,33.002362,-29.377978,0.000000,-0.026051,0.012392,0.999577,-0.003605,-3.133729,none,0.250
455,1787234331.693445,camera_init,32.848863,-29.393243,0.000000,-0.026899,0.012936,0.999179,-0.027386,-3.086064,none,0.250
456,1787234332.793398,camera_init,32.697590,-29.381766,0.000000,-0.028450,0.014998,0.999430,-0.010249,-3.120216,none,0.250
457,1787234333.993536,camera_init,32.546965,-29.383112,0.000000,-0.027971,0.012400,0.999459,-0.012049,-3.116773,none,0.250
458,1787234338.093551,camera_init,32.395006,-29.384043,0.000000,-0.028307,0.012779,0.999405,-0.014973,-3.110887,none,0.250
459,1787234344.794090,camera_init,32.294281,-29.388714,0.000000,-0.027112,0.012455,0.999457,-0.013966,-3.112954,ext:piper_stop_2,0.250
460,1787234356.893614,camera_init,32.142025,-29.395228,0.000000,-0.028333,0.011576,0.999393,-0.016648,-3.107600,none,0.250
461,1787234359.394487,camera_init,31.991354,-29.393616,0.000000,-0.028088,0.014148,0.999384,-0.015579,-3.109604,none,0.250
462,1787234376.293651,camera_init,31.880422,-29.377293,0.000000,-0.027652,0.014361,0.999454,-0.011023,-3.118727,ext:piper_stop_3,0.250
463,1787234395.893612,camera_init,31.724952,-29.388113,0.000000,-0.027080,0.011638,0.999514,-0.010135,-3.120671,none,0.250
464,1787234398.594486,camera_init,31.572475,-29.385406,0.000000,-0.027455,0.011680,0.999510,-0.009494,-3.121942,none,0.250
465,1787234404.493917,camera_init,31.466872,-29.379471,0.000000,-0.026365,0.010626,0.999559,-0.008545,-3.123924,ext:piper_stop_4,0.250
466,1787234420.093563,camera_init,31.310596,-29.403267,0.000000,-0.026907,0.014606,0.998880,-0.036085,-3.068552,none,0.250
467,1787234420.894149,camera_init,31.158204,-29.437911,0.000000,-0.027904,0.013560,0.996293,-0.080236,-2.980026,none,0.250
468,1787234421.594023,camera_init,30.995272,-29.514591,0.000000,-0.028671,0.011855,0.987272,-0.155983,-2.827337,none,0.250
469,1787234422.093999,camera_init,30.840903,-29.553456,0.000000,-0.031016,0.009834,0.986300,-0.161721,-2.815694,none,0.250
470,1787234422.594035,camera_init,30.676599,-29.611987,0.000000,-0.030903,0.010244,0.984832,-0.170428,-2.797998,none,0.250
471,1787234423.094040,camera_init,30.521884,-29.665707,0.000000,-0.030621,0.011404,0.984067,-0.174769,-2.789125,none,0.250
472,1787234423.593843,camera_init,30.357325,-29.728484,0.000000,-0.029210,0.009465,0.981917,-0.186808,-2.764794,none,0.250
473,1787234424.093807,camera_init,30.209957,-29.788779,0.000000,-0.027785,0.009746,0.980648,-0.193554,-2.751095,none,0.250
474,1787234424.593893,camera_init,30.044533,-29.856951,0.000000,-0.026875,0.009844,0.980287,-0.195495,-2.747176,none,0.250
475,1787234425.093682,camera_init,29.886275,-29.914132,0.000000,-0.025898,0.010461,0.980304,-0.195507,-2.747172,none,0.250
476,1787234425.593693,camera_init,29.728119,-29.978479,0.000000,-0.025679,0.012547,0.980298,-0.195447,-2.747216,none,0.250
477,1787234425.993551,camera_init,29.582126,-30.037149,0.000000,-0.026542,0.012165,0.980331,-0.195186,-2.747717,none,0.250
478,1787234426.393651,camera_init,29.415810,-30.096184,0.000000,-0.026764,0.011415,0.980257,-0.195574,-2.746948,none,0.250
479,1787234426.793642,camera_init,29.258075,-30.161476,0.000000,-0.027429,0.010873,0.980203,-0.195784,-2.746509,none,0.250
480,1787234427.193460,camera_init,29.106530,-30.216231,0.000000,-0.027354,0.010467,0.980013,-0.196767,-2.744526,none,0.250
481,1787234427.593542,camera_init,28.957379,-30.276065,0.000000,-0.028061,0.011993,0.980162,-0.195836,-2.746318,none,0.250
482,1787234427.993431,camera_init,28.799369,-30.330705,0.000000,-0.029248,0.012107,0.980564,-0.193629,-2.750748,none,0.250
483,1787234428.393530,camera_init,28.642762,-30.399064,0.000000,-0.026870,0.012127,0.980353,-0.195037,-2.748007,none,0.250
484,1787234428.793408,camera_init,28.482213,-30.453078,0.000000,-0.027972,0.012092,0.980193,-0.195685,-2.746626,none,0.250
485,1787234429.193497,camera_init,28.339990,-30.513152,0.000000,-0.029773,0.011635,0.980278,-0.195019,-2.747906,none,0.250
486,1787234429.593469,camera_init,28.167284,-30.570786,0.000000,-0.028734,0.014155,0.980630,-0.193231,-2.751492,none,0.250
487,1787234429.993534,camera_init,28.010977,-30.634717,0.000000,-0.027515,0.014177,0.980487,-0.194131,-2.749726,none,0.250
488,1787234430.393437,camera_init,27.863333,-30.693632,0.000000,-0.027632,0.014705,0.980448,-0.194273,-2.749405,none,0.250
489,1787234430.793584,camera_init,27.686016,-30.748009,0.000000,-0.029371,0.014544,0.981311,-0.189614,-2.758809,none,0.250
490,1787234431.193420,camera_init,27.528989,-30.801610,0.000000,-0.030405,0.012834,0.983872,-0.175805,-2.786954,none,0.250
491,1787234431.593547,camera_init,27.362076,-30.825507,0.000000,-0.029784,0.016003,0.989768,-0.138625,-2.862195,none,0.250
492,1787234431.993448,camera_init,27.192698,-30.835500,0.000000,-0.029096,0.017244,0.995088,-0.093035,-2.954057,none,0.250
493,1787234432.393497,camera_init,27.031364,-30.848636,0.000000,-0.027412,0.015655,0.997608,-0.061496,-3.017546,none,0.250
494,1787234432.793401,camera_init,26.862589,-30.832762,0.000000,-0.027810,0.014853,0.999479,-0.006964,-3.126824,none,0.250
495,1787234433.193397,camera_init,26.677291,-30.766108,0.000000,-0.026084,0.012254,0.997858,0.058722,3.024605,none,0.250
496,1787234433.593349,camera_init,26.495594,-30.727952,0.000000,-0.024304,0.015125,0.997031,0.071479,2.999132,none,0.250
497,1787234433.993802,camera_init,26.344717,-30.669386,0.000000,-0.026617,0.015997,0.992490,0.118315,2.905014,none,0.250
498,1787234434.393628,camera_init,26.174858,-30.592621,0.000000,-0.026189,0.016501,0.985810,0.164985,2.810630,none,0.250
499,1787234434.793590,camera_init,26.032460,-30.522759,0.000000,-0.026008,0.014767,0.983628,0.177711,2.784670,none,0.250
500,1787234435.193672,camera_init,25.877045,-30.461201,0.000000,-0.025112,0.014977,0.982478,0.184071,2.771735,none,0.250
501,1787234435.593580,camera_init,25.715616,-30.386020,0.000000,-0.025822,0.015226,0.981804,0.187519,2.764722,none,0.250
502,1787234435.994541,camera_init,25.563026,-30.318717,0.000000,-0.024683,0.013712,0.981207,0.190882,2.757787,none,0.250
503,1787234436.393535,camera_init,25.420347,-30.252316,0.000000,-0.023463,0.015505,0.979715,0.198411,2.742509,none,0.250
504,1787234436.794575,camera_init,25.275985,-30.171344,0.000000,-0.021221,0.012251,0.976710,0.213158,2.712198,none,0.250
505,1787234437.193515,camera_init,25.126021,-30.094283,0.000000,-0.023691,0.011423,0.974140,0.224409,2.689058,none,0.250
506,1787234437.593359,camera_init,24.987677,-30.010656,0.000000,-0.023662,0.008709,0.972409,0.231917,2.673495,none,0.250
507,1787234437.993537,camera_init,24.840027,-29.926823,0.000000,-0.023977,0.005804,0.971649,0.235139,2.666722,none,0.250
508,1787234438.393401,camera_init,24.679377,-29.843480,0.000000,-0.025646,0.008105,0.971732,0.234550,2.668008,none,0.250
509,1787234438.794362,camera_init,24.529123,-29.774337,0.000000,-0.023582,0.006044,0.972008,0.233684,2.669738,none,0.250
510,1787234439.194230,camera_init,24.380053,-29.695780,0.000000,-0.024053,0.007849,0.972595,0.231124,2.675081,none,0.250
511,1787234439.594285,camera_init,24.230206,-29.616221,0.000000,-0.023255,0.010406,0.973407,0.227663,2.682328,none,0.250
512,1787234439.994134,camera_init,24.074921,-29.535846,0.000000,-0.022257,0.011641,0.972678,0.230795,2.675955,none,0.250
513,1787234440.394092,camera_init,23.930890,-29.451008,0.000000,-0.022626,0.014628,0.972155,0.232785,2.671994,none,0.250
514,1787234440.794145,camera_init,23.780836,-29.367115,0.000000,-0.022709,0.010712,0.972468,0.231682,2.674084,none,0.250
515,1787234441.194107,camera_init,23.627578,-29.281682,0.000000,-0.022053,0.010517,0.971927,0.234011,2.669288,none,0.250
516,1787234441.593981,camera_init,23.488961,-29.203237,0.000000,-0.023996,0.012699,0.971831,0.234111,2.669162,none,0.250
517,1787234441.994042,camera_init,23.336445,-29.122119,0.000000,-0.023748,0.014022,0.973568,0.226724,2.684425,none,0.250
518,1787234442.393909,camera_init,23.171971,-29.052539,0.000000,-0.026035,0.012619,0.977220,0.210247,2.718144,none,0.250
519,1787234442.793836,camera_init,23.012756,-28.988063,0.000000,-0.025969,0.013000,0.981870,0.187320,2.765008,none,0.250
520,1787234443.193880,camera_init,22.858704,-28.926015,0.000000,-0.025186,0.012609,0.983193,0.180382,2.779122,none,0.250
521,1787234443.593755,camera_init,22.688127,-28.861061,0.000000,-0.025446,0.014091,0.984628,0.172228,2.795785,none,0.250
522,1787234443.993746,camera_init,22.525990,-28.801042,0.000000,-0.025388,0.011926,0.987006,0.158217,2.824115,none,0.250
523,1787234444.393735,camera_init,22.368177,-28.763745,0.000000,-0.024854,0.011580,0.991578,0.126572,2.888107,none,0.250
524,1787234444.793744,camera_init,22.200495,-28.741720,0.000000,-0.025761,0.013595,0.995106,0.094419,2.952991,none,0.250
525,1787234445.193759,camera_init,22.022436,-28.716706,0.000000,-0.025977,0.013088,0.996939,0.072569,2.996865,none,0.250
526,1787234445.593574,camera_init,21.856459,-28.699468,0.000000,-0.025261,0.014228,0.997916,0.057646,3.026854,none,0.250
527,1787234445.993599,camera_init,21.671538,-28.685301,0.000000,-0.028068,0.016022,0.998169,0.051123,3.040090,none,0.250
528,1787234446.393463,camera_init,21.484617,-28.670485,0.000000,-0.029541,0.012810,0.998941,0.032856,3.076545,none,0.250
529,1787234446.793441,camera_init,21.307321,-28.678853,0.000000,-0.029543,0.015614,0.999440,0.001976,3.138561,none,0.250
530,1787234447.293514,camera_init,21.121909,-28.677824,0.000000,-0.030798,0.015580,0.999386,-0.005988,-3.128641,none,0.250
531,1787234447.693554,camera_init,20.969501,-28.671159,0.000000,-0.029456,0.016037,0.999411,-0.007231,-3.126168,none,0.250
532,1787234448.093554,camera_init,20.809440,-28.666556,0.000000,-0.028330,0.013803,0.999448,-0.010504,-3.119778,none,0.250
533,1787234448.493398,camera_init,20.650869,-28.664501,0.000000,-0.027754,0.014423,0.999452,-0.010867,-3.119034,none,0.250
534,1787234448.893451,camera_init,20.494483,-28.667851,0.000000,-0.028656,0.013345,0.999247,-0.022487,-3.095797,none,0.250
535,1787234449.293459,camera_init,20.338201,-28.670580,0.000000,-0.029521,0.014291,0.999187,-0.023442,-3.093804,none,0.250
536,1787234449.893396,camera_init,20.180431,-28.672396,0.000000,-0.027732,0.014158,0.999192,-0.025424,-3.089900,none,0.250
537,1787234450.493519,camera_init,20.031173,-28.690211,0.000000,-0.026355,0.014405,0.999064,-0.031129,-3.078508,none,0.250
538,1787234450.993571,camera_init,19.869686,-28.690403,0.000000,-0.028163,0.013080,0.998635,-0.041998,-3.056744,none,0.250
539,1787234451.593448,camera_init,19.709880,-28.704210,0.000000,-0.029175,0.014891,0.998256,-0.049111,-3.042351,none,0.250
540,1787234452.093393,camera_init,19.542271,-28.712592,0.000000,-0.027010,0.014889,0.998427,-0.046812,-3.047040,none,0.250
541,1787234452.693931,camera_init,19.372780,-28.716893,0.000000,-0.034316,0.015400,0.998466,-0.040630,-3.059120,none,0.250
542,1787234457.793069,camera_init,19.219139,-28.756786,0.000000,-0.026861,0.015768,0.996957,-0.071462,-2.997570,none,0.250
543,1787234458.694194,camera_init,19.068649,-28.775839,0.000000,-0.028085,0.012744,0.995486,-0.089753,-2.960941,none,0.250
544,1787234459.594209,camera_init,18.919746,-28.804848,0.000000,-0.028054,0.014222,0.994962,-0.095194,-2.949927,none,0.250
545,1787234460.494039,camera_init,18.761510,-28.823829,0.000000,-0.028464,0.011115,0.994656,-0.098616,-2.943190,none,0.250
546,1787234461.394020,camera_init,18.603887,-28.853747,0.000000,-0.027746,0.013537,0.994544,-0.099642,-2.941028,none,0.250
547,1787234462.393950,camera_init,18.449054,-28.884136,0.000000,-0.027804,0.013495,0.994419,-0.100877,-2.938542,none,0.250
548,1787234463.193724,camera_init,18.288048,-28.890356,0.000000,-0.030860,0.013417,0.996337,-0.078611,-2.983178,none,0.250
549,1787234464.093736,camera_init,18.139506,-28.917516,0.000000,-0.028922,0.014983,0.996507,-0.076898,-2.986612,none,0.250
550,1787234464.993580,camera_init,17.978276,-28.929189,0.000000,-0.030914,0.013595,0.997020,-0.069358,-3.001745,none,0.250
551,1787234465.893461,camera_init,17.813705,-28.918795,0.000000,-0.028310,0.015379,0.998960,-0.032258,-3.076126,none,0.250
552,1787234466.793441,camera_init,17.652855,-28.924723,0.000000,-0.028205,0.013132,0.999087,-0.029267,-3.082245,none,0.250
553,1787234467.693448,camera_init,17.483739,-28.930563,0.000000,-0.027273,0.011475,0.999159,-0.028391,-3.084118,none,0.250
554,1787234468.493499,camera_init,17.332519,-28.946550,0.000000,-0.030367,0.013091,0.999023,-0.029318,-3.082076,none,0.250
555,1787234469.393390,camera_init,17.175149,-28.940377,0.000000,-0.025886,0.013880,0.999428,-0.016752,-3.107337,none,0.250
556,1787234470.293391,camera_init,17.008794,-28.940805,0.000000,-0.027039,0.015113,0.999410,-0.014852,-3.111040,none,0.250
557,1787234471.193436,camera_init,16.856019,-28.950409,0.000000,-0.027246,0.013500,0.999431,-0.014570,-3.111685,none,0.250
558,1787234472.093530,camera_init,16.703718,-28.941713,0.000000,-0.025504,0.012560,0.999525,-0.011923,-3.117084,none,0.250
559,1787234473.093450,camera_init,16.540168,-28.948705,0.000000,-0.024663,0.013565,0.999497,-0.014579,-3.111740,none,0.250
560,1787234473.993604,camera_init,16.389425,-28.936922,0.000000,-0.027655,0.012656,0.999509,-0.007588,-3.125699,none,0.250
561,1787234474.893560,camera_init,16.234817,-28.933691,0.000000,-0.027971,0.015675,0.999477,-0.004138,-3.132430,none,0.250
562,1787234475.793458,camera_init,16.083019,-28.922335,0.000000,-0.028941,0.015468,0.999430,0.007908,3.126656,none,0.250
563,1787234476.793425,camera_init,15.925648,-28.925407,0.000000,-0.030104,0.013402,0.999454,-0.002596,-3.135586,none,0.250
564,1787234477.694262,camera_init,15.767618,-28.930077,0.000000,-0.025983,0.015713,0.999518,-0.006390,-3.127985,none,0.250
565,1787234478.593484,camera_init,15.612896,-28.923068,0.000000,-0.028261,0.012675,0.999489,-0.007948,-3.124961,none,0.250
566,1787234479.494112,camera_init,15.454159,-28.908445,0.000000,-0.029242,0.014987,0.999346,0.015073,3.112288,none,0.250
567,1787234480.393961,camera_init,15.286791,-28.897686,0.000000,-0.028663,0.013546,0.999439,0.010844,3.120656,none,0.250
568,1787234481.193948,camera_init,15.124906,-28.901485,0.000000,-0.026023,0.013352,0.999536,-0.008445,-3.123990,none,0.250
569,1787234482.093853,camera_init,14.965032,-28.901378,0.000000,-0.028187,0.011716,0.999469,-0.011427,-3.118052,none,0.250
570,1787234497.294364,camera_init,14.808365,-28.891193,0.000000,-0.032588,0.010496,0.999414,0.000042,-3.140992,none,0.250
571,1787234498.994159,camera_init,14.655972,-28.889082,0.000000,-0.028133,0.014050,0.999485,0.006398,3.129574,none,0.250
572,1787234501.093956,camera_init,14.501267,-28.880521,0.000000,-0.027209,0.014415,0.999516,0.004500,3.133369,none,0.250
573,1787234508.893365,camera_init,14.342007,-28.876725,0.000000,-0.029112,0.011562,0.999507,-0.001973,-3.136967,none,0.250
574,1787234512.193529,camera_init,14.185877,-28.878198,0.000000,-0.027974,0.011806,0.999520,-0.006227,-3.128464,none,0.250
575,1787234515.393706,camera_init,14.029875,-28.882020,0.000000,-0.030211,0.011875,0.999431,-0.009132,-3.122586,none,0.250
576,1787234526.493458,camera_init,13.922893,-28.874316,0.000000,-0.030001,0.012768,0.999456,-0.005060,-3.130692,ext:piper_stop_5,0.250
577,1787234539.193894,camera_init,13.771338,-28.854668,0.000000,-0.032476,0.011244,0.999311,0.014034,3.114212,none,0.250
578,1787234541.493765,camera_init,13.618001,-28.839918,0.000000,-0.031828,0.011979,0.999250,0.018535,3.105231,none,0.250
579,1787234548.093417,camera_init,13.542525,-28.840019,0.000000,-0.030734,0.009904,0.999324,0.017594,3.106964,ext:piper_stop_6,0.250
580,1787234561.393516,camera_init,13.390808,-28.829116,0.000000,-0.028474,0.009768,0.999466,0.012719,3.116680,none,0.250
581,1787234564.593298,camera_init,13.240440,-28.826145,0.000000,-0.032233,0.010526,0.999335,0.013376,3.115479,none,0.250
582,1787234571.293521,camera_init,13.178261,-28.818988,0.000000,-0.031090,0.009550,0.999357,0.015110,3.111923,ext:piper_stop_7,0.250
583,1787234606.193363,camera_init,13.016520,-28.825864,0.000000,-0.029856,0.012749,0.999463,0.004403,3.133539,none,0.250
584,1787234607.093556,camera_init,12.852750,-28.872636,0.000000,-0.031879,0.008636,0.995458,-0.089288,-2.961970,none,0.250
585,1787234607.793540,camera_init,12.712216,-28.951459,0.000000,-0.030433,0.010672,0.986062,-0.163223,-2.812629,none,0.250
586,1787234608.493407,camera_init,12.583900,-29.043016,0.000000,-0.031260,0.011315,0.975158,-0.219001,-2.698758,none,0.250
587,1787234609.093351,camera_init,12.461444,-29.134675,0.000000,-0.030811,0.010713,0.959235,-0.280722,-2.571181,none,0.250
588,1787234609.693551,camera_init,12.351217,-29.253421,0.000000,-0.033199,0.010825,0.936606,-0.348639,-2.427712,none,0.250
589,1787234610.293464,camera_init,12.266290,-29.392270,0.000000,-0.029214,0.012511,0.906888,-0.420171,-2.272851,none,0.250
590,1787234610.893709,camera_init,12.195538,-29.551286,0.000000,-0.030454,0.009554,0.871685,-0.489026,-2.118058,none,0.250
591,1787234611.493664,camera_init,12.144445,-29.722295,0.000000,0.031115,-0.008713,-0.829013,0.558294,-1.955201,none,0.250
592,1787234611.993695,camera_init,12.126022,-29.893971,0.000000,0.028207,-0.012135,-0.784970,0.618772,-1.805702,none,0.250
593,1787234612.494330,camera_init,12.159029,-30.042795,0.000000,0.028822,-0.008932,-0.730161,0.682608,-1.637305,none,0.250
594,1787234612.994350,camera_init,12.193868,-30.203645,0.000000,0.023710,-0.008106,-0.673009,0.739210,-1.476653,none,0.250
595,1787234613.493546,camera_init,12.268939,-30.364465,0.000000,0.024850,-0.007657,-0.607348,0.794010,-1.305513,none,0.250
596,1787234613.994166,camera_init,12.375789,-30.511144,0.000000,0.022683,-0.007043,-0.531315,0.846841,-1.120380,none,0.250
597,1787234614.494121,camera_init,12.487952,-30.640106,0.000000,0.021660,-0.006744,-0.461379,0.886913,-0.959187,none,0.250
598,1787234614.894138,camera_init,12.610766,-30.731170,0.000000,0.019378,-0.005988,-0.399963,0.916307,-0.823041,none,0.250
599,1787234615.293360,camera_init,12.737862,-30.813513,0.000000,0.017377,-0.002210,-0.331962,0.943130,-0.676748,none,0.250
600,1787234615.794039,camera_init,12.897594,-30.873952,0.000000,0.015055,-0.002497,-0.253985,0.967088,-0.513615,none,0.250
601,1787234616.194088,camera_init,13.056253,-30.906921,0.000000,0.011669,-0.002580,-0.192879,0.981150,-0.388226,none,0.250
602,1787234616.694057,camera_init,13.225826,-30.962098,0.000000,0.010357,-0.002053,-0.165921,0.986083,-0.333408,none,0.250
603,1787234617.193981,camera_init,13.403707,-31.009443,0.000000,0.009358,-0.002112,-0.137077,0.990514,-0.275047,none,0.250
604,1787234617.693898,camera_init,13.557618,-31.034021,0.000000,0.008239,-0.002597,-0.091283,0.995787,-0.182859,none,0.250
605,1787234618.193769,camera_init,13.740602,-31.067445,0.000000,0.007436,-0.002552,-0.083948,0.996439,-0.168129,none,0.250
606,1787234618.693748,camera_init,13.921746,-31.102769,0.000000,0.004709,-0.003385,-0.080775,0.996715,-0.161759,none,0.250
607,1787234619.093648,camera_init,14.078404,-31.127202,0.000000,0.006743,-0.002393,-0.075252,0.997139,-0.150676,none,0.250
608,1787234619.493582,camera_init,14.229147,-31.154661,0.000000,0.006548,-0.000707,-0.075394,0.997132,-0.150937,none,0.250
609,1787234619.993426,camera_init,14.416181,-31.193369,0.000000,0.007039,-0.000017,-0.074403,0.997203,-0.148940,none,0.250
610,1787234620.393472,camera_init,14.569768,-31.211670,0.000000,0.004472,-0.000714,-0.068629,0.997632,-0.137370,none,0.250
611,1787234620.793580,camera_init,14.718713,-31.235337,0.000000,0.006734,-0.000256,-0.068910,0.997600,-0.137929,none,0.250
612,1787234621.193453,camera_init,14.884713,-31.262876,0.000000,0.004334,0.001183,-0.061251,0.998112,-0.122568,none,0.250
613,1787234621.693452,camera_init,15.067061,-31.286802,0.000000,0.005908,-0.000497,-0.055615,0.998435,-0.111291,none,0.250
614,1787234622.093355,camera_init,15.220004,-31.307284,0.000000,0.005936,-0.000431,-0.051501,0.998655,-0.103051,none,0.250
615,1787234622.593444,camera_init,15.411035,-31.328654,0.000000,0.005544,0.000282,-0.045972,0.998927,-0.091973,none,0.250
616,1787234622.993430,camera_init,15.578355,-31.348872,0.000000,0.004042,-0.000278,-0.042916,0.999070,-0.085860,none,0.250
617,1787234623.393498,camera_init,15.730118,-31.367518,0.000000,0.005396,0.001836,-0.041556,0.999120,-0.083115,none,0.250
618,1787234623.893584,camera_init,15.928630,-31.390758,0.000000,0.008217,0.001373,-0.041209,0.999116,-0.082417,none,0.250
619,1787234624.393423,camera_init,16.115269,-31.398571,0.000000,0.006514,0.001006,-0.030938,0.999500,-0.061872,none,0.250
620,1787234624.793452,camera_init,16.267702,-31.416162,0.000000,0.005699,0.000388,-0.025260,0.999665,-0.050519,none,0.250
621,1787234625.193550,camera_init,16.432434,-31.432411,0.000000,0.005666,0.001972,-0.025430,0.999659,-0.050843,none,0.250
622,1787234625.693389,camera_init,16.615873,-31.432492,0.000000,0.007681,0.000239,-0.020528,0.999760,-0.041055,none,0.250
623,1787234626.093546,camera_init,16.772430,-31.450544,0.000000,0.005490,0.001718,-0.018498,0.999812,-0.036979,none,0.250
624,1787234626.493406,camera_init,16.923926,-31.460242,0.000000,0.004617,0.001075,-0.017446,0.999837,-0.034884,none,0.250
625,1787234626.993450,camera_init,17.105353,-31.459371,0.000000,0.006040,0.000490,-0.013680,0.999888,-0.027355,none,0.250
626,1787234627.393836,camera_init,17.267215,-31.468781,0.000000,0.007144,0.000661,-0.014578,0.999868,-0.029147,none,0.250
627,1787234627.793732,camera_init,17.418770,-31.487981,0.000000,0.006593,0.000717,-0.014635,0.999871,-0.029260,none,0.250
628,1787234628.193433,camera_init,17.581719,-31.495403,0.000000,0.009447,0.000697,-0.016337,0.999822,-0.032660,none,0.250
629,1787234628.693567,camera_init,17.758183,-31.507927,0.000000,0.007365,0.000423,-0.016041,0.999844,-0.032077,none,0.250
630,1787234629.193534,camera_init,17.937585,-31.524448,0.000000,0.006182,0.002038,-0.017174,0.999831,-0.034323,none,0.250
631,1787234746.293536,camera_init,18.094257,-31.533530,0.000000,0.005477,0.001152,-0.020705,0.999770,-0.041400,none,0.250
632,1787234747.893411,camera_init,18.250483,-31.548156,0.000000,0.006239,0.002234,-0.020932,0.999759,-0.041839,none,0.250
633,1787234749.094217,camera_init,18.404987,-31.552222,0.000000,0.008821,0.002635,-0.019704,0.999763,-0.039362,none,0.250
634,1787234750.293437,camera_init,18.565202,-31.561313,0.000000,0.008577,0.003172,-0.018400,0.999789,-0.036747,none,0.250
635,1787234751.194043,camera_init,18.724744,-31.569649,0.000000,0.007281,0.002838,-0.016407,0.999835,-0.032775,none,0.250
636,1787234752.093898,camera_init,18.889621,-31.582221,0.000000,0.006127,0.001811,-0.014565,0.999874,-0.029108,none,0.250
637,1787234752.993773,camera_init,19.058492,-31.594681,0.000000,0.007823,0.002122,-0.015080,0.999853,-0.030127,none,0.250
638,1787234753.793665,camera_init,19.217933,-31.599080,0.000000,0.007065,0.000287,-0.016344,0.999841,-0.032684,none,0.250
639,1787234754.493687,camera_init,19.367578,-31.612622,0.000000,0.006759,0.000253,-0.015843,0.999852,-0.031683,none,0.250
640,1787234755.293624,camera_init,19.527940,-31.622250,0.000000,0.007593,0.000146,-0.016168,0.999840,-0.032334,none,0.250
641,1787234756.093442,camera_init,19.693522,-31.628219,0.000000,0.007505,0.001092,-0.016986,0.999827,-0.033957,none,0.250
642,1787234756.793352,camera_init,19.847973,-31.643272,0.000000,0.007873,0.000348,-0.017607,0.999814,-0.035210,none,0.250
643,1787234773.593607,camera_init,19.998860,-31.653155,0.000000,0.006675,0.000588,-0.017156,0.999830,-0.034304,none,0.250
644,1787234774.793410,camera_init,20.154316,-31.656017,0.000000,0.007343,-0.000855,-0.014887,0.999862,-0.029786,none,0.250
645,1787234775.693477,camera_init,20.312469,-31.669338,0.000000,0.004873,-0.000505,-0.011796,0.999918,-0.023597,none,0.250
646,1787234776.493348,camera_init,20.474950,-31.672439,0.000000,0.005408,0.000059,-0.008737,0.999947,-0.017473,none,0.250
647,1787234777.293432,camera_init,20.637046,-31.684713,0.000000,0.005464,0.000956,-0.009456,0.999940,-0.018901,none,0.250
648,1787234778.093374,camera_init,20.799092,-31.697395,0.000000,0.005909,0.001554,-0.009873,0.999933,-0.019728,none,0.250
649,1787234778.993483,camera_init,20.964784,-31.698112,0.000000,0.006695,0.002336,-0.010773,0.999917,-0.021514,none,0.250
650,1787234779.893482,camera_init,21.135689,-31.716779,0.000000,0.005266,0.001332,-0.012307,0.999910,-0.024600,none,0.250
651,1787234780.693349,camera_init,21.299952,-31.723878,0.000000,0.005237,0.001868,-0.011043,0.999924,-0.022066,none,0.250
652,1787234781.393475,camera_init,21.457301,-31.728186,0.000000,0.006039,0.000796,-0.010332,0.999928,-0.020654,none,0.250
653,1787234782.093832,camera_init,21.625121,-31.738149,0.000000,0.007188,0.002404,-0.013156,0.999885,-0.026277,none,0.250
654,1787234782.793665,camera_init,21.799980,-31.746975,0.000000,0.005467,0.001862,-0.005172,0.999970,-0.010324,none,0.250
655,1787234783.493615,camera_init,21.972124,-31.735293,0.000000,0.003722,0.001297,0.015687,0.999869,0.031384,none,0.250
656,1787234784.093514,camera_init,22.146511,-31.729549,0.000000,0.006931,0.002102,0.024310,0.999678,0.048653,none,0.250
657,1787234784.593438,camera_init,22.302613,-31.725851,0.000000,0.008449,0.002474,0.025661,0.999632,0.051369,none,0.250
658,1787234785.093549,camera_init,22.459903,-31.725450,0.000000,0.007308,0.000941,0.026035,0.999634,0.052088,none,0.250
659,1787234785.593537,camera_init,22.610673,-31.719223,0.000000,0.003932,0.000229,0.029559,0.999555,0.059128,none,0.250
660,1787234786.094416,camera_init,22.772585,-31.716251,0.000000,0.005230,0.000677,0.028222,0.999588,0.056458,none,0.250
661,1787234786.594414,camera_init,22.928024,-31.717632,0.000000,0.005597,0.000225,0.027057,0.999618,0.054123,none,0.250
662,1787234787.093373,camera_init,23.088877,-31.711193,0.000000,0.004857,0.003311,0.025241,0.999664,0.050520,none,0.250
663,1787234787.594202,camera_init,23.245316,-31.724663,0.000000,0.006181,0.002717,0.011927,0.999906,0.023887,none,0.250
664,1787234788.094280,camera_init,23.403895,-31.721932,0.000000,0.004446,0.001873,0.009650,0.999942,0.019317,none,0.250
665,1787234788.594228,camera_init,23.560308,-31.717085,0.000000,0.005508,0.002931,0.012219,0.999906,0.024471,none,0.250
666,1787234789.094136,camera_init,23.723413,-31.717434,0.000000,0.003747,0.003930,0.015769,0.999861,0.031570,none,0.250
667,1787234789.594111,camera_init,23.884607,-31.716872,0.000000,0.006759,0.003059,0.013775,0.999878,0.027593,none,0.250
668,1787234790.093992,camera_init,24.034565,-31.731461,0.000000,0.004409,0.003285,-0.001015,0.999984,-0.002002,none,0.250
669,1787234790.693950,camera_init,24.209623,-31.725514,0.000000,0.007398,0.001405,-0.002045,0.999970,-0.004069,none,0.250
670,1787234791.093919,camera_init,24.363099,-31.732823,0.000000,0.007302,0.001443,-0.003168,0.999967,-0.006315,none,0.250
671,1787234791.493833,camera_init,24.513443,-31.741261,0.000000,0.006178,0.001205,-0.003720,0.999973,-0.007424,none,0.250
672,1787234791.993839,camera_init,24.672974,-31.752880,0.000000,0.007853,0.002074,-0.012046,0.999894,-0.024059,none,0.250
673,1787234792.393732,camera_init,24.822647,-31.763071,0.000000,0.007578,0.000935,-0.014253,0.999869,-0.028492,none,0.250
674,1787234792.793835,camera_init,24.978747,-31.767761,0.000000,0.008954,0.001273,-0.012888,0.999876,-0.025754,none,0.250
675,1787234793.293803,camera_init,25.166182,-31.769104,0.000000,0.006154,-0.000798,-0.013403,0.999891,-0.026816,none,0.250
676,1787234793.693706,camera_init,25.329450,-31.787354,0.000000,0.002690,-0.000390,-0.010221,0.999944,-0.020444,none,0.250
677,1787234794.093662,camera_init,25.498322,-31.787251,0.000000,0.007540,0.001473,-0.009079,0.999929,-0.018136,none,0.250
678,1787234794.593626,camera_init,25.669125,-31.794269,0.000000,0.007313,0.001925,-0.010193,0.999919,-0.020358,none,0.250
679,1787234794.993526,camera_init,25.831239,-31.804241,0.000000,0.005500,0.000339,-0.007785,0.999955,-0.015566,none,0.250
680,1787234795.393410,camera_init,25.982813,-31.805840,0.000000,0.004893,0.001000,-0.006955,0.999963,-0.013899,none,0.250
681,1787234795.894157,camera_init,26.163212,-31.812589,0.000000,0.003926,-0.000703,-0.007580,0.999963,-0.015165,none,0.250
682,1787234796.393469,camera_init,26.347182,-31.819242,0.000000,0.006477,0.001094,-0.006115,0.999960,-0.012215,none,0.250
683,1787234796.793285,camera_init,26.500291,-31.823086,0.000000,0.005977,0.002141,0.001063,0.999979,0.002151,none,0.250
684,1787234797.293349,camera_init,26.686823,-31.819271,0.000000,0.005535,0.001774,0.004695,0.999972,0.009409,none,0.250
685,1787234797.793400,camera_init,26.863217,-31.819199,0.000000,0.005705,0.002308,0.009378,0.999937,0.018783,none,0.250
686,1787234798.293456,camera_init,27.049579,-31.822669,0.000000,0.005291,0.003692,0.013441,0.999889,0.026921,none,0.250
687,1787234798.793395,camera_init,27.226563,-31.825265,0.000000,0.006334,0.002761,0.011927,0.999905,0.023889,none,0.250
688,1787234799.193354,camera_init,27.385597,-31.831090,0.000000,0.002571,0.002538,0.013665,0.999900,0.027344,none,0.250
689,1787234799.593446,camera_init,27.539749,-31.827593,0.000000,0.006023,0.002272,0.011722,0.999911,0.023471,none,0.250
690,1787234799.993515,camera_init,27.693054,-31.824947,0.000000,0.002916,0.000811,0.012666,0.999915,0.025337,none,0.250
691,1787234800.493460,camera_init,27.875638,-31.817733,0.000000,0.004482,0.001278,0.013780,0.999894,0.027571,none,0.250
692,1787234800.893850,camera_init,28.025737,-31.826583,0.000000,0.003065,0.000098,0.013500,0.999904,0.027001,none,0.250
693,1787234801.293826,camera_init,28.178878,-31.823762,0.000000,0.004192,0.002721,0.014921,0.999876,0.029867,none,0.250
694,1787234801.693514,camera_init,28.338262,-31.824412,0.000000,0.004341,0.001311,0.006455,0.999969,0.012922,none,0.250
695,1787234802.093452,camera_init,28.499220,-31.838264,0.000000,0.002704,0.000942,-0.005239,0.999982,-0.010473,none,0.250
696,1787234802.593399,camera_init,28.663469,-31.838798,0.000000,0.004518,0.000605,-0.005820,0.999973,-0.011634,none,0.250
697,1787234802.993354,camera_init,28.815291,-31.848641,0.000000,0.005451,0.002324,-0.004802,0.999971,-0.009578,none,0.250
698,1787234803.393436,camera_init,28.966710,-31.856504,0.000000,0.005291,0.001681,-0.005736,0.999968,-0.011455,none,0.250
699,1787234803.893543,camera_init,29.147556,-31.850488,0.000000,0.005102,0.002676,-0.002463,0.999980,-0.004899,none,0.250
700,1787234804.394450,camera_init,29.335027,-31.855403,0.000000,0.002659,0.002648,-0.001567,0.999992,-0.003121,none,0.250
701,1787234804.794319,camera_init,29.492733,-31.858345,0.000000,0.004310,0.004076,-0.001982,0.999980,-0.003928,none,0.250
702,1787234805.294287,camera_init,29.669063,-31.869001,0.000000,0.005530,0.001982,-0.002465,0.999980,-0.004908,none,0.250
703,1787234805.694207,camera_init,29.821671,-31.874099,0.000000,0.005315,0.004354,-0.006411,0.999956,-0.012777,none,0.250
704,1787234806.094242,camera_init,29.978662,-31.880028,0.000000,0.004660,0.006989,-0.006544,0.999943,-0.013023,none,0.250
705,1787234806.594140,camera_init,30.152166,-31.904918,0.000000,0.007025,0.006053,-0.024911,0.999647,-0.049743,none,0.250
706,1787234806.993240,camera_init,30.308550,-31.915661,0.000000,0.005517,0.004441,-0.028103,0.999580,-0.056165,none,0.250
707,1787234807.394011,camera_init,30.459622,-31.928196,0.000000,0.005883,0.004067,-0.029361,0.999543,-0.058684,none,0.250
708,1787234807.794160,camera_init,30.609525,-31.949305,0.000000,0.007910,0.005143,-0.038242,0.999224,-0.076422,none,0.250
709,1787234808.294017,camera_init,30.792473,-31.971699,0.000000,0.006694,0.002380,-0.039330,0.999201,-0.078648,none,0.250
710,1787234808.793978,camera_init,30.978382,-31.975991,0.000000,0.005554,-0.000228,-0.033472,0.999424,-0.066958,none,0.250
711,1787234809.194004,camera_init,31.133456,-31.995552,0.000000,0.005302,-0.000783,-0.033228,0.999433,-0.066476,none,0.250
712,1787234809.593908,camera_init,31.285147,-32.008354,0.000000,0.006448,-0.000895,-0.031793,0.999473,-0.063606,none,0.250
713,1787234810.093889,camera_init,31.463067,-32.017021,0.000000,0.007336,0.000073,-0.026850,0.999613,-0.053704,none,0.250
714,1787234906.493728,camera_init,31.618601,-32.032447,0.000000,0.006041,0.001379,-0.030081,0.999528,-0.060153,none,0.250
715,1787234907.393611,camera_init,31.778189,-32.044817,0.000000,0.006188,0.000021,-0.028173,0.999584,-0.056352,none,0.250
716,1787234908.293326,camera_init,31.936115,-32.050963,0.000000,0.005552,0.000747,-0.018130,0.999820,-0.036254,none,0.250
717,1787234909.093422,camera_init,32.086490,-32.056133,0.000000,0.003530,0.000876,-0.014791,0.999884,-0.029576,none,0.250
718,1787234909.993344,camera_init,32.250008,-32.058691,0.000000,0.005738,0.002200,-0.011998,0.999909,-0.023972,none,0.250
719,1787234910.893563,camera_init,32.415492,-32.035587,0.000000,0.005246,0.003874,0.029471,0.999544,0.058992,none,0.250
720,1787234911.693407,camera_init,32.567314,-32.028756,0.000000,0.002471,0.002916,0.037956,0.999272,0.075946,none,0.250
721,1787234912.493576,camera_init,32.722647,-32.030171,0.000000,0.002839,0.003662,0.034106,0.999407,0.068247,none,0.250
722,1787234913.194031,camera_init,32.875887,-32.017897,0.000000,0.003743,0.003581,0.029450,0.999553,0.058936,none,0.250
723,1787234913.793903,camera_init,33.029658,-32.022040,0.000000,0.002747,0.003244,0.021537,0.999759,0.043095,none,0.250
724,1787234914.393581,camera_init,33.181345,-32.029037,0.000000,0.004899,0.002916,0.015007,0.999871,0.030043,none,0.250
725,1787234914.993737,camera_init,33.332972,-32.029542,0.000000,0.003775,0.001579,0.007395,0.999964,0.014802,none,0.250
726,1787234915.593662,camera_init,33.505575,-32.040344,0.000000,0.004068,0.004404,-0.004220,0.999973,-0.008404,none,0.250
727,1787234916.193828,camera_init,33.673125,-32.036240,0.000000,0.005260,0.003548,-0.006102,0.999961,-0.012166,none,0.250
728,1787234916.793753,camera_init,33.824635,-32.050716,0.000000,0.006519,0.003101,-0.006617,0.999952,-0.013193,none,0.250
729,1787234917.393643,camera_init,33.998241,-32.065903,0.000000,0.007294,0.002406,-0.017029,0.999825,-0.034025,none,0.250
730,1787234917.993445,camera_init,34.167718,-32.068078,0.000000,0.005261,0.001831,-0.019409,0.999796,-0.038801,none,0.250
731,1787234918.593385,camera_init,34.336649,-32.084788,0.000000,0.006212,0.003164,-0.021884,0.999736,-0.043732,none,0.250
732,1787234919.193459,camera_init,34.511946,-32.094606,0.000000,0.005147,0.003134,-0.018281,0.999815,-0.036531,none,0.250
733,1787234919.793468,camera_init,34.684636,-32.104595,0.000000,0.005280,0.002509,-0.020635,0.999770,-0.041245,none,0.250
734,1787234920.393362,camera_init,34.862384,-32.111896,0.000000,0.005934,0.001710,-0.018390,0.999812,-0.036761,none,0.250
735,1787234920.994299,camera_init,35.033144,-32.129893,0.000000,0.005288,0.003234,-0.018122,0.999817,-0.036212,none,0.250
736,1787234921.494113,camera_init,35.186027,-32.126750,0.000000,0.005347,0.004074,-0.002899,0.999973,-0.005755,none,0.250
737,1787234921.994001,camera_init,35.349111,-32.109970,0.000000,0.003291,0.004106,0.032830,0.999447,0.065701,none,0.250
738,1787234922.594078,camera_init,35.523427,-32.065453,0.000000,0.003460,0.006472,0.086736,0.996204,0.173743,none,0.250
739,1787234923.094112,camera_init,35.667302,-32.005592,0.000000,0.001255,0.006651,0.144656,0.989459,0.290365,none,0.250
740,1787234923.593787,camera_init,35.798615,-31.909481,0.000000,-0.001636,0.007521,0.213531,0.976906,0.430389,none,0.250
741,1787234924.093982,camera_init,35.912924,-31.802174,0.000000,-0.005423,0.008817,0.284947,0.958487,0.577881,none,0.250
742,1787234924.593822,camera_init,36.020927,-31.674664,0.000000,-0.005747,0.009807,0.361054,0.932476,0.738806,none,0.250
743,1787234925.093781,camera_init,36.125237,-31.538492,0.000000,-0.005582,0.008929,0.413544,0.910423,0.852708,none,0.250
744,1787234925.593703,camera_init,36.209204,-31.389357,0.000000,-0.005081,0.010065,0.465635,0.884905,0.968776,none,0.250
745,1787234926.093755,camera_init,36.263460,-31.222990,0.000000,-0.005736,0.010557,0.526480,0.850103,1.109015,none,0.250
746,1787234926.593558,camera_init,36.309904,-31.062609,0.000000,-0.004693,0.009191,0.577975,0.815989,1.232595,none,0.250
747,1787234927.093576,camera_init,36.315998,-30.893259,0.000000,-0.005798,0.008100,0.629473,0.776959,1.361841,none,0.250
748,1787234927.593569,camera_init,36.318750,-30.730630,0.000000,-0.007648,0.009761,0.675362,0.737382,1.483076,none,0.250
749,1787234928.093596,camera_init,36.277701,-30.554701,0.000000,-0.009089,0.008293,0.719076,0.694823,1.605091,none,0.250
750,1787234928.593441,camera_init,36.257320,-30.377889,0.000000,-0.009110,0.009317,0.755191,0.655375,1.712115,none,0.250
751,1787234929.093444,camera_init,36.180694,-30.215969,0.000000,-0.012344,0.009323,0.800205,0.599527,1.855596,none,0.250
752,1787234929.593497,camera_init,36.068453,-30.072058,0.000000,-0.016045,0.010066,0.849676,0.526964,2.031324,none,0.250
753,1787234929.993520,camera_init,35.973521,-29.948492,0.000000,-0.018354,0.010551,0.874197,0.485110,2.128379,none,0.250
754,1787234930.493413,camera_init,35.859792,-29.818244,0.000000,-0.020088,0.012940,0.902968,0.429042,2.254602,none,0.250
755,1787234930.893528,camera_init,35.734051,-29.726773,0.000000,-0.022047,0.013923,0.926270,0.375957,2.370696,none,0.250
756,1787234931.393362,camera_init,35.578900,-29.632200,0.000000,-0.021864,0.012268,0.948441,0.315960,2.498681,none,0.250
757,1787234931.893399,camera_init,35.416592,-29.566496,0.000000,-0.023015,0.014841,0.968330,0.248168,2.640274,none,0.250
758,1787234932.393474,camera_init,35.251359,-29.532194,0.000000,-0.025340,0.013936,0.984429,0.173390,2.793416,none,0.250
759,1787234932.893400,camera_init,35.097019,-29.533308,0.000000,-0.025446,0.013507,0.994939,0.096258,2.949283,none,0.250
760,1787234968.893553,camera_init,34.941786,-29.541997,0.000000,-0.025137,0.013282,0.998948,0.035976,3.070231,none,0.250
761,1787234970.193557,camera_init,34.789776,-29.518355,0.000000,-0.025195,0.015470,0.998874,0.037091,3.068111,none,0.250
762,1787234971.093488,camera_init,34.636916,-29.500232,0.000000,-0.026973,0.015239,0.998760,0.038980,3.064357,none,0.250
763,1787234972.193754,camera_init,34.486596,-29.515249,0.000000,-0.026162,0.014516,0.999545,-0.003775,-3.133275,none,0.250
764,1787234973.193446,camera_init,34.326249,-29.508685,0.000000,-0.025867,0.015254,0.999507,-0.009122,-3.122542,none,0.250
765,1787234974.193716,camera_init,34.174548,-29.507212,0.000000,-0.026561,0.012850,0.999527,-0.008672,-3.123549,none,0.250
766,1787234975.394583,camera_init,34.009247,-29.495776,0.000000,-0.026673,0.014670,0.999527,-0.004304,-3.132194,none,0.250
767,1787234976.593350,camera_init,33.853331,-29.481083,0.000000,-0.027089,0.015637,0.999477,0.008201,3.126024,none,0.250
768,1787234978.194371,camera_init,33.699260,-29.486213,0.000000,-0.028002,0.014086,0.999471,0.008651,3.125061,none,0.250
769,1787234982.893972,camera_init,33.544380,-29.480336,0.000000,-0.028929,0.013325,0.999482,0.004530,3.133293,none,0.250
770,1787234988.993504,camera_init,33.419556,-29.475335,0.000000,-0.027617,0.013370,0.999527,0.002096,3.138135,ext:piper_stop_1,0.250
771,1787234997.893467,camera_init,33.263699,-29.449291,0.000000,-0.025672,0.013663,0.999094,0.031079,3.080070,none,0.250
772,1787234998.894090,camera_init,33.105799,-29.435080,0.000000,-0.025049,0.013356,0.998974,0.035281,3.071624,none,0.250
773,1787234999.793992,camera_init,32.940761,-29.433700,0.000000,-0.027208,0.014896,0.999424,0.013794,3.114787,none,0.250
774,1787235000.794008,camera_init,32.783231,-29.445693,0.000000,-0.026334,0.015494,0.999531,-0.002006,-3.136759,none,0.250
775,1787235001.893704,camera_init,32.626349,-29.438264,0.000000,-0.028016,0.014651,0.999491,-0.004272,-3.132217,none,0.250
776,1787235003.293593,camera_init,32.472989,-29.428333,0.000000,-0.027738,0.014829,0.999493,-0.004951,-3.130857,none,0.250
777,1787235006.393544,camera_init,32.322005,-29.429905,0.000000,-0.028378,0.012337,0.999513,-0.004107,-3.132667,none,0.250
778,1787235014.293481,camera_init,32.289743,-29.435142,0.000000,-0.028215,0.014191,0.999497,-0.002795,-3.135195,ext:piper_stop_2,0.250
779,1787235022.393662,camera_init,32.139436,-29.430759,0.000000,-0.028160,0.014798,0.999486,-0.003879,-3.132991,none,0.250
780,1787235023.893493,camera_init,31.984343,-29.416178,0.000000,-0.027448,0.013680,0.999520,-0.004400,-3.132032,none,0.250
781,1787235025.493498,camera_init,31.828136,-29.415605,0.000000,-0.027886,0.012200,0.999521,-0.005595,-3.129709,none,0.250
782,1787235031.393662,camera_init,31.804867,-29.409351,0.000000,-0.027283,0.012760,0.999536,-0.004509,-3.131868,ext:piper_stop_3,0.250
783,1787235045.493494,camera_init,31.651651,-29.421173,0.000000,-0.029236,0.012096,0.999493,-0.003605,-3.133666,none,0.250
784,1787235047.693555,camera_init,31.502788,-29.395125,0.000000,-0.029083,0.012814,0.999493,-0.001890,-3.137061,none,0.250
785,1787235053.893536,camera_init,31.482693,-29.404668,0.000000,-0.028603,0.013202,0.999503,-0.000666,-3.139503,ext:piper_stop_4,0.250
786,1787235068.193481,camera_init,31.324631,-29.421363,0.000000,-0.026440,0.014087,0.999251,-0.024502,-3.091791,none,0.250
787,1787235068.893418,camera_init,31.170371,-29.478248,0.000000,-0.026797,0.012049,0.995175,-0.093609,-2.953276,none,0.250
788,1787235069.393726,camera_init,31.010308,-29.504124,0.000000,-0.027520,0.012640,0.994573,-0.099533,-2.941302,none,0.250
789,1787235069.893675,camera_init,30.856443,-29.532924,0.000000,-0.029737,0.011551,0.992765,-0.115756,-2.908599,none,0.250
790,1787235070.393718,camera_init,30.703468,-29.579096,0.000000,-0.029608,0.010624,0.988652,-0.146896,-2.845762,none,0.250
791,1787235070.893542,camera_init,30.533083,-29.638024,0.000000,-0.028487,0.010301,0.985311,-0.168064,-2.802917,none,0.250
792,1787235071.293616,camera_init,30.380308,-29.685742,0.000000,-0.029288,0.008170,0.983943,-0.175875,-2.787114,none,0.250
793,1787235071.693496,camera_init,30.223740,-29.749491,0.000000,-0.027388,0.009169,0.983188,-0.180296,-2.778159,none,0.250
794,1787235072.093442,camera_init,30.074625,-29.801476,0.000000,-0.028311,0.008805,0.983004,-0.181173,-2.776347,none,0.250
795,1787235072.494548,camera_init,29.924243,-29.854885,0.000000,-0.027750,0.010146,0.983400,-0.179029,-2.780673,none,0.250
796,1787235072.893331,camera_init,29.765815,-29.914319,0.000000,-0.024863,0.011827,0.982599,-0.183687,-2.771257,none,0.250
797,1787235073.294506,camera_init,29.613497,-29.987411,0.000000,-0.025783,0.010568,0.977637,-0.208445,-2.720733,none,0.250
798,1787235073.794503,camera_init,29.440985,-30.062725,0.000000,-0.026709,0.011635,0.975358,-0.218695,-2.699638,none,0.250
799,1787235074.194379,camera_init,29.300672,-30.130928,0.000000,-0.027815,0.009044,0.974883,-0.220790,-2.695398,none,0.250
800,1787235074.594492,camera_init,29.144412,-30.198249,0.000000,-0.029615,0.012360,0.974246,-0.223193,-2.690204,none,0.250
801,1787235074.994405,camera_init,29.003515,-30.265948,0.000000,-0.027116,0.013857,0.973947,-0.224723,-2.687147,none,0.250
802,1787235075.394262,camera_init,28.863620,-30.334987,0.000000,-0.027073,0.011250,0.973615,-0.226306,-2.684011,none,0.250
803,1787235075.794177,camera_init,28.705894,-30.394370,0.000000,-0.027972,0.011414,0.973543,-0.226499,-2.683554,none,0.250
804,1787235076.194233,camera_init,28.562094,-30.465697,0.000000,-0.029327,0.013921,0.976343,-0.213779,-2.709457,none,0.250
805,1787235076.594117,camera_init,28.407192,-30.518217,0.000000,-0.030615,0.012873,0.978377,-0.204146,-2.729148,none,0.250
806,1787235076.994066,camera_init,28.253274,-30.585036,0.000000,-0.029908,0.012952,0.978849,-0.201971,-2.733634,none,0.250
807,1787235077.494051,camera_init,28.076672,-30.648329,0.000000,-0.027313,0.013584,0.979157,-0.200802,-2.736144,none,0.250
808,1787235077.894004,camera_init,27.921215,-30.715888,0.000000,-0.027524,0.013728,0.979033,-0.201364,-2.734977,none,0.250
809,1787235078.294054,camera_init,27.767374,-30.777477,0.000000,-0.028477,0.013930,0.978765,-0.202520,-2.732548,none,0.250
810,1787235078.693928,camera_init,27.605000,-30.848235,0.000000,-0.029606,0.016089,0.978621,-0.202894,-2.731610,none,0.250
811,1787235079.093847,camera_init,27.453264,-30.910445,0.000000,-0.026906,0.015541,0.979345,-0.199793,-2.738142,none,0.250
812,1787235079.493922,camera_init,27.281719,-30.956250,0.000000,-0.027327,0.012184,0.982445,-0.184139,-2.770195,none,0.250
813,1787235079.893980,camera_init,27.123545,-30.977775,0.000000,-0.029056,0.012776,0.989711,-0.139519,-2.860596,none,0.250
814,1787235080.293924,camera_init,26.952010,-30.962680,0.000000,-0.027425,0.014720,0.997589,-0.062030,-3.016524,none,0.250
815,1787235080.693778,camera_init,26.776609,-30.916269,0.000000,-0.027867,0.014726,0.999492,0.004724,3.132958,none,0.250
816,1787235081.093630,camera_init,26.604003,-30.912073,0.000000,-0.025134,0.015512,0.999514,0.009955,3.122447,none,0.250
817,1787235081.493776,camera_init,26.449454,-30.885152,0.000000,-0.023309,0.011735,0.999182,0.030894,3.080296,none,0.250
818,1787235081.893678,camera_init,26.278460,-30.819942,0.000000,-0.025337,0.014723,0.993457,0.110384,2.920913,none,0.250
819,1787235082.293545,camera_init,26.125072,-30.765279,0.000000,-0.025558,0.015639,0.990512,0.134120,2.873084,none,0.250
820,1787235082.693626,camera_init,25.971830,-30.716956,0.000000,-0.024911,0.015121,0.989600,0.140863,2.859422,none,0.250
821,1787235083.093535,camera_init,25.817250,-30.625925,0.000000,-0.025083,0.013688,0.983059,0.181047,2.777825,none,0.250
822,1787235083.493443,camera_init,25.664990,-30.555917,0.000000,-0.026554,0.014801,0.981058,0.191312,2.756962,none,0.250
823,1787235083.893444,camera_init,25.521494,-30.489983,0.000000,-0.025057,0.013140,0.980985,0.192011,2.755453,none,0.250
824,1787235084.293448,camera_init,25.378604,-30.420441,0.000000,-0.025512,0.012415,0.978713,0.203262,2.732432,none,0.250
825,1787235084.693350,camera_init,25.222360,-30.333709,0.000000,-0.024913,0.010733,0.975876,0.216635,2.704967,none,0.250
826,1787235085.093475,camera_init,25.073491,-30.253647,0.000000,-0.023936,0.012666,0.975006,0.220521,2.697100,none,0.250
827,1787235085.493460,camera_init,24.911766,-30.189783,0.000000,-0.024236,0.011929,0.974859,0.221180,2.695709,none,0.250
828,1787235085.893357,camera_init,24.763648,-30.114689,0.000000,-0.026023,0.011543,0.974432,0.222873,2.692191,none,0.250
829,1787235086.293531,camera_init,24.627782,-30.021044,0.000000,-0.024444,0.008771,0.974950,0.220902,2.696124,none,0.250
830,1787235086.693431,camera_init,24.461739,-29.943679,0.000000,-0.024574,0.005609,0.975470,0.218685,2.700521,none,0.250
831,1787235087.093539,camera_init,24.298233,-29.883805,0.000000,-0.025363,0.008416,0.976071,0.215802,2.706554,none,0.250
832,1787235087.493459,camera_init,24.155665,-29.806216,0.000000,-0.025379,0.006493,0.976550,0.213689,2.710791,none,0.250
833,1787235087.893532,camera_init,23.998196,-29.733235,0.000000,-0.023969,0.006463,0.976639,0.213448,2.711312,none,0.250
834,1787235088.293386,camera_init,23.851819,-29.659704,0.000000,-0.023735,0.007849,0.976764,0.212857,2.712591,none,0.250
835,1787235088.693477,camera_init,23.703628,-29.582245,0.000000,-0.023584,0.010270,0.976252,0.215105,2.708099,none,0.250
836,1787235089.093360,camera_init,23.563696,-29.499582,0.000000,-0.022648,0.010421,0.975711,0.217638,2.702923,none,0.250
837,1787235089.493531,camera_init,23.408540,-29.424717,0.000000,-0.021267,0.011067,0.975340,0.219403,2.699342,none,0.250
838,1787235089.893388,camera_init,23.264909,-29.347226,0.000000,-0.024344,0.010441,0.975010,0.220576,2.696874,none,0.250
839,1787235090.293496,camera_init,23.123467,-29.262950,0.000000,-0.024732,0.012463,0.974411,0.223061,2.691867,none,0.250
840,1787235090.693710,camera_init,22.968087,-29.190253,0.000000,-0.024224,0.012442,0.974523,0.222630,2.692756,none,0.250
841,1787235091.093837,camera_init,22.819786,-29.110790,0.000000,-0.023565,0.013574,0.975079,0.220185,2.697836,none,0.250
842,1787235091.493789,camera_init,22.662017,-29.027353,0.000000,-0.023778,0.013446,0.975209,0.219594,2.699042,none,0.250
843,1787235091.893759,camera_init,22.518496,-28.959987,0.000000,-0.024700,0.012043,0.975493,0.218308,2.701603,none,0.250
844,1787235092.293560,camera_init,22.374658,-28.884394,0.000000,-0.025155,0.011902,0.976270,0.214763,2.708862,none,0.250
845,1787235092.694314,camera_init,22.218550,-28.806350,0.000000,-0.023495,0.013688,0.975814,0.216904,2.704572,none,0.250
846,1787235093.093680,camera_init,22.053456,-28.750849,0.000000,-0.024044,0.014745,0.981073,0.191573,2.756431,none,0.250
847,1787235093.494404,camera_init,21.900927,-28.721775,0.000000,-0.024418,0.014450,0.989800,0.139608,2.861919,none,0.250
848,1787235093.894217,camera_init,21.757046,-28.671956,0.000000,-0.025377,0.014491,0.990752,0.132499,2.876294,none,0.250
849,1787235094.294312,camera_init,21.585503,-28.634093,0.000000,-0.028144,0.014390,0.992192,0.120647,2.900236,none,0.250
850,1787235094.693388,camera_init,21.429103,-28.593106,0.000000,-0.027850,0.013367,0.993149,0.112701,2.916195,none,0.250
851,1787235095.093399,camera_init,21.257410,-28.560235,0.000000,-0.028087,0.013468,0.994407,0.100915,2.939941,none,0.250
852,1787235095.492768,camera_init,21.104760,-28.518897,0.000000,-0.027093,0.011903,0.995325,0.091935,2.957908,none,0.250
853,1787235095.894086,camera_init,20.936625,-28.518394,0.000000,-0.028352,0.014824,0.998709,0.039458,3.063410,none,0.250
854,1787235096.294001,camera_init,20.780553,-28.517683,0.000000,-0.029546,0.015174,0.999228,0.020957,3.100522,none,0.250
855,1787235096.693907,camera_init,20.630172,-28.508002,0.000000,-0.028293,0.015572,0.999303,0.018734,3.104963,none,0.250
856,1787235097.193923,camera_init,20.437880,-28.520366,0.000000,-0.029762,0.014483,0.999283,-0.018402,-3.103878,none,0.250
857,1787235097.593814,camera_init,20.286547,-28.519763,0.000000,-0.028222,0.013805,0.999207,-0.024472,-3.091811,none,0.250
858,1787235098.093900,camera_init,20.112255,-28.533431,0.000000,-0.027992,0.012213,0.999021,-0.032004,-3.076821,none,0.250
859,1787235098.493891,camera_init,19.963775,-28.558653,0.000000,-0.030861,0.014561,0.997106,-0.067936,-3.004544,none,0.250
860,1787235098.993749,camera_init,19.788489,-28.572410,0.000000,-0.029502,0.012357,0.996562,-0.076426,-2.987683,none,0.250
861,1787235099.493696,camera_init,19.613264,-28.603861,0.000000,-0.028434,0.015227,0.996583,-0.076035,-2.988351,none,0.250
862,1787235099.893553,camera_init,19.462144,-28.621405,0.000000,-0.028198,0.013843,0.996238,-0.080762,-2.978944,none,0.250
863,1787235108.793751,camera_init,19.298528,-28.643130,0.000000,-0.027369,0.015777,0.996416,-0.078462,-2.983495,none,0.250
864,1787235109.893448,camera_init,19.142564,-28.661667,0.000000,-0.027962,0.016577,0.996547,-0.076398,-2.987573,none,0.250
865,1787235110.893456,camera_init,18.984118,-28.675869,0.000000,-0.027269,0.016643,0.996759,-0.073832,-2.992752,none,0.250
866,1787235111.894408,camera_init,18.825408,-28.695606,0.000000,-0.028660,0.013741,0.996556,-0.076584,-2.987321,none,0.250
867,1787235112.794403,camera_init,18.668920,-28.713160,0.000000,-0.028260,0.012334,0.996671,-0.075472,-2.989646,none,0.250
868,1787235113.794156,camera_init,18.512273,-28.732361,0.000000,-0.028672,0.013729,0.996616,-0.075809,-2.988877,none,0.250
869,1787235114.694025,camera_init,18.356899,-28.746807,0.000000,-0.026630,0.013036,0.996646,-0.076273,-2.988063,none,0.250
870,1787235115.394081,camera_init,18.197936,-28.770485,0.000000,-0.028923,0.015095,0.996468,-0.077375,-2.985646,none,0.250
871,1787235116.093926,camera_init,18.032222,-28.793793,0.000000,-0.027291,0.013946,0.996611,-0.076333,-2.987869,none,0.250
872,1787235116.793983,camera_init,17.875235,-28.809896,0.000000,-0.027576,0.011567,0.996504,-0.078005,-2.984625,none,0.250
873,1787235117.493864,camera_init,17.717009,-28.839250,0.000000,-0.029180,0.013248,0.996370,-0.078865,-2.982746,none,0.250
874,1787235118.193798,camera_init,17.555799,-28.846888,0.000000,-0.028897,0.013353,0.996326,-0.079503,-2.981471,none,0.250
875,1787235118.993679,camera_init,17.399047,-28.865241,0.000000,-0.030378,0.012877,0.996289,-0.079494,-2.981456,none,0.250
876,1787235120.593524,camera_init,17.244226,-28.889963,0.000000,-0.029524,0.013188,0.996427,-0.078025,-2.984424,none,0.250
877,1787235121.893510,camera_init,17.091052,-28.901273,0.000000,-0.028130,0.012058,0.997152,-0.068927,-3.002803,none,0.250
878,1787235123.193410,camera_init,16.940584,-28.925339,0.000000,-0.027095,0.017020,0.998150,-0.051693,-3.037144,none,0.250
879,1787235124.393344,camera_init,16.783498,-28.925511,0.000000,-0.026773,0.016329,0.998484,-0.045229,-3.050146,none,0.250
880,1787235125.493882,camera_init,16.624521,-28.920341,0.000000,-0.029514,0.012918,0.998970,-0.031956,-3.076830,none,0.250
881,1787235126.593384,camera_init,16.467982,-28.927887,0.000000,-0.029275,0.012060,0.999115,-0.027693,-3.085427,none,0.250
882,1787235127.493676,camera_init,16.313012,-28.929868,0.000000,-0.027319,0.012587,0.999312,-0.021696,-3.097463,none,0.250
883,1787235128.693659,camera_init,16.149590,-28.937307,0.000000,-0.028675,0.013103,0.999350,-0.017457,-3.105885,none,0.250
884,1787235129.794464,camera_init,15.988736,-28.938647,0.000000,-0.028796,0.013134,0.999398,-0.014192,-3.112417,none,0.250
885,1787235130.993513,camera_init,15.829021,-28.929444,0.000000,-0.030616,0.012309,0.999424,-0.007894,-3.125028,none,0.250
886,1787235132.994222,camera_init,15.669230,-28.918964,0.000000,-0.032242,0.014971,0.999350,0.005989,3.130564,none,0.250
887,1787235134.294065,camera_init,15.500021,-28.907044,0.000000,-0.027886,0.013850,0.999372,0.016944,3.108439,none,0.250
888,1787235135.294035,camera_init,15.334460,-28.895949,0.000000,-0.029610,0.013622,0.999376,0.013596,3.115174,none,0.250
889,1787235136.393903,camera_init,15.181408,-28.890091,0.000000,-0.029166,0.013290,0.999427,0.010836,3.120671,none,0.250
890,1787235150.493479,camera_init,15.029033,-28.877088,0.000000,-0.026741,0.010460,0.999556,0.007915,3.126307,none,0.250
891,1787235152.994127,camera_init,14.879596,-28.890993,0.000000,-0.026788,0.016457,0.999475,-0.007882,-3.124930,none,0.250
892,1787235154.593912,camera_init,14.726042,-28.875944,0.000000,-0.027673,0.012358,0.999539,0.001727,3.138820,none,0.250
893,1787235156.293698,camera_init,14.575814,-28.876049,0.000000,-0.029095,0.012645,0.999496,0.001071,3.140185,none,0.250
894,1787235158.093598,camera_init,14.420116,-28.873683,0.000000,-0.029934,0.011295,0.999463,-0.007021,-3.126855,none,0.250
895,1787235160.293361,camera_init,14.268444,-28.876963,0.000000,-0.029359,0.010004,0.999500,-0.006086,-3.128818,none,0.250
896,1787235163.193509,camera_init,14.111700,-28.867901,0.000000,-0.031883,0.012657,0.999385,-0.007245,-3.126273,none,0.250
897,1787235169.393324,camera_init,13.959240,-28.866775,0.000000,-0.031260,0.011963,0.999433,-0.003680,-3.133474,none,0.250
898,1787235176.393740,camera_init,13.934230,-28.865970,0.000000,-0.030829,0.012481,0.999444,-0.002269,-3.136278,ext:piper_stop_5,0.250
899,1787235197.793456,camera_init,13.777503,-28.862326,0.000000,-0.032375,0.011595,0.999402,-0.003549,-3.133733,none,0.250
900,1787235202.093869,camera_init,13.624838,-28.865083,0.000000,-0.031540,0.012271,0.999414,-0.005155,-3.130492,none,0.250
901,1787235207.394381,camera_init,13.560903,-28.857992,0.000000,-0.029870,0.012752,0.999471,-0.001818,-3.137188,ext:piper_stop_6,0.250
902,1787235217.193477,camera_init,13.404185,-28.854909,0.000000,-0.029621,0.010992,0.999500,-0.001408,-3.138121,none,0.250
903,1787235221.893489,camera_init,13.251077,-28.850743,0.000000,-0.029772,0.011800,0.999487,-0.000437,-3.140013,none,0.250
904,1787235229.094290,camera_init,13.192611,-28.847563,0.000000,-0.031797,0.010971,0.999434,-0.000075,-3.140743,ext:piper_stop_7,0.250
905,1787235245.593562,camera_init,13.036298,-28.846667,0.000000,-0.031623,0.010378,0.999446,-0.000575,-3.139783,none,0.250
906,1787235246.693475,camera_init,12.861481,-28.843605,0.000000,-0.031284,0.009428,0.999462,-0.002745,-3.135503,none,0.250
907,1787235247.494306,camera_init,12.690890,-28.842218,0.000000,-0.031773,0.010886,0.999355,-0.012708,-3.115446,none,0.250
908,1787235248.294159,camera_init,12.525648,-28.843383,0.000000,-0.030484,0.012298,0.999310,-0.017318,-3.106159,none,0.250
909,1787235248.994141,camera_init,12.354556,-28.843812,0.000000,-0.030002,0.013989,0.999308,-0.016976,-3.106756,none,0.250
910,1787235249.594007,camera_init,12.185188,-28.841918,0.000000,-0.032109,0.009472,0.999277,-0.017998,-3.104930,none,0.250
911,1787235250.194106,camera_init,12.033851,-28.847751,0.000000,-0.030898,0.010811,0.999232,-0.021526,-3.097810,none,0.250
912,1787235250.794037,camera_init,11.875712,-28.853288,0.000000,-0.030745,0.011437,0.999128,-0.025829,-3.089155,none,0.250
913,1787235251.393743,camera_init,11.706301,-28.866855,0.000000,-0.029433,0.011276,0.998508,-0.044590,-3.051610,none,0.250
914,1787235251.893848,camera_init,11.518518,-28.882957,0.000000,-0.029173,0.012104,0.998123,-0.052463,-3.035788,none,0.250
915,1787235252.293855,camera_init,11.361514,-28.898353,0.000000,-0.030193,0.009584,0.998024,-0.054260,-3.032299,none,0.250
916,1787235252.693788,camera_init,11.205360,-28.904789,0.000000,-0.031209,0.010487,0.998225,-0.049624,-3.041512,none,0.250
917,1787235253.093652,camera_init,11.050777,-28.915176,0.000000,-0.029879,0.011988,0.998302,-0.048550,-3.043616,none,0.250
918,1787235253.493545,camera_init,10.893005,-28.914912,0.000000,-0.032497,0.012151,0.998342,-0.045921,-3.048790,none,0.250
919,1787235253.893596,camera_init,10.736844,-28.924654,0.000000,-0.031310,0.011684,0.998514,-0.043052,-3.054611,none,0.250
920,1787235254.393454,camera_init,10.553428,-28.947193,0.000000,-0.031537,0.010934,0.998428,-0.045028,-3.050689,none,0.250
921,1787235254.793505,camera_init,10.395563,-28.955336,0.000000,-0.029652,0.010405,0.998433,-0.046300,-3.048227,none,0.250
922,1787235255.193460,camera_init,10.227663,-28.965497,0.000000,-0.031760,0.013026,0.998276,-0.047604,-3.045387,none,0.250
923,1787235255.593386,camera_init,10.065946,-28.975079,0.000000,-0.030003,0.014269,0.998314,-0.047590,-3.045404,none,0.250
924,1787235255.993395,camera_init,9.897684,-28.986325,0.000000,-0.029811,0.013058,0.998264,-0.049081,-3.042492,none,0.250
925,1787235256.393528,camera_init,9.727486,-29.000494,0.000000,-0.029062,0.012864,0.998307,-0.048716,-3.043262,none,0.250
926,1787235256.793284,camera_init,9.563983,-29.002302,0.000000,-0.030128,0.007958,0.998250,-0.050256,-3.040427,none,0.250
927,1787235257.193547,camera_init,9.387236,-29.026842,0.000000,-0.030356,0.012021,0.998256,-0.049175,-3.042347,none,0.250
928,1787235257.593399,camera_init,9.216477,-29.028035,0.000000,-0.031165,0.014817,0.998340,-0.046115,-3.048284,none,0.250
929,1787235257.993499,camera_init,9.051940,-29.038618,0.000000,-0.028370,0.013633,0.998545,-0.043794,-3.053107,none,0.250
930,1787235258.393455,camera_init,8.876903,-29.053074,0.000000,-0.029808,0.014830,0.998784,-0.036359,-3.067886,none,0.250
931,1787235258.793567,camera_init,8.714166,-29.039064,0.000000,-0.029279,0.010732,0.999293,-0.021010,-3.098888,none,0.250
932,1787235259.193938,camera_init,8.548510,-29.041138,0.000000,-0.029985,0.006541,0.999340,-0.019423,-3.102300,none,0.250
933,1787235259.593513,camera_init,8.367435,-29.057116,0.000000,-0.027454,0.012627,0.999399,-0.016986,-3.106889,none,0.250
934,1787235259.993393,camera_init,8.202192,-29.049469,0.000000,-0.029573,0.008622,0.999376,-0.017309,-3.106418,none,0.250
935,1787235260.393589,camera_init,8.027550,-29.058912,0.000000,-0.029210,0.013013,0.999311,-0.018817,-3.103150,none,0.250
936,1787235260.793485,camera_init,7.852825,-29.058344,0.000000,-0.028149,0.012805,0.999343,-0.018912,-3.103003,none,0.250
937,1787235261.193728,camera_init,7.670643,-29.066889,0.000000,-0.029017,0.016219,0.999321,-0.015908,-3.108796,none,0.250
938,1787235261.593452,camera_init,7.504292,-29.052583,0.000000,-0.031788,0.015428,0.999288,-0.013261,-3.114050,none,0.250
939,1787235261.993686,camera_init,7.338788,-29.055842,0.000000,-0.030577,0.011169,0.999318,-0.017406,-3.106049,none,0.250
940,1787235262.393602,camera_init,7.161427,-29.067242,0.000000,-0.028552,0.012411,0.999329,-0.019284,-3.102268,none,0.250
941,1787235262.793671,camera_init,6.974362,-29.055000,0.000000,-0.028638,0.008736,0.999337,-0.020739,-3.099561,none,0.250
942,1787235263.193656,camera_init,6.807025,-29.069237,0.000000,-0.029321,0.009700,0.999264,-0.022735,-3.095493,none,0.250
943,1787235263.593490,camera_init,6.632462,-29.061031,0.000000,-0.029489,0.008433,0.999433,-0.013913,-3.113232,none,0.250
944,1787235263.993567,camera_init,6.454685,-29.058578,0.000000,-0.027479,0.008289,0.999524,-0.011306,-3.118500,none,0.250
945,1787235264.393437,camera_init,6.271722,-29.065076,0.000000,-0.025248,0.008285,0.999544,-0.014369,-3.112409,none,0.250
946,1787235264.793394,camera_init,6.096252,-29.070157,0.000000,-0.028370,0.010073,0.999467,-0.012630,-3.115731,none,0.250
947,1787235265.193525,camera_init,5.923995,-29.061555,0.000000,-0.031024,0.008210,0.999418,-0.011537,-3.117976,none,0.250
948,1787235265.593410,camera_init,5.745193,-29.056086,0.000000,-0.030648,0.007367,0.999466,-0.008633,-3.123849,none,0.250
949,1787235265.994497,camera_init,5.565492,-29.050923,0.000000,-0.028810,0.006853,0.999514,-0.009767,-3.121640,none,0.250
950,1787235266.394356,camera_init,5.397360,-29.056682,0.000000,-0.027017,0.007640,0.999549,-0.010632,-3.119892,none,0.250
951,1787235266.794389,camera_init,5.228222,-29.057846,0.000000,-0.030335,0.008261,0.999444,-0.011125,-3.118810,none,0.250
952,1787235267.193393,camera_init,5.052780,-29.060207,0.000000,-0.029576,0.007385,0.999441,-0.013692,-3.113735,none,0.250
953,1787235267.594226,camera_init,4.872241,-29.061615,0.000000,-0.028649,0.007406,0.999452,-0.014823,-3.111486,none,0.250
954,1787235267.993891,camera_init,4.707279,-29.063723,0.000000,-0.026781,0.008866,0.999524,-0.012462,-3.116168,none,0.250
955,1787235268.394197,camera_init,4.530649,-29.058043,0.000000,-0.028091,0.007212,0.999492,-0.013184,-3.114787,none,0.250
956,1787235268.794240,camera_init,4.351058,-29.048492,0.000000,-0.027984,0.008447,0.999542,-0.007779,-3.125544,none,0.250
957,1787235269.194203,camera_init,4.179436,-29.047219,0.000000,-0.028238,0.009379,0.999556,0.001347,3.139426,none,0.250
958,1787235269.594049,camera_init,4.001643,-29.027958,0.000000,-0.030011,0.009049,0.999342,0.018235,3.105617,none,0.250
959,1787235269.993987,camera_init,3.815983,-28.977900,0.000000,-0.028900,0.005070,0.997289,0.067477,3.006660,none,0.250
960,1787235270.394055,camera_init,3.662084,-28.909796,0.000000,-0.027609,0.006861,0.990416,0.135156,2.870515,none,0.250
961,1787235270.793923,camera_init,3.515806,-28.818788,0.000000,-0.026662,0.004428,0.980096,0.196675,2.745467,none,0.250
962,1787235271.194042,camera_init,3.373033,-28.704205,0.000000,-0.025772,0.007707,0.965106,0.260473,2.614412,none,0.250
963,1787235271.593915,camera_init,3.271731,-28.592364,0.000000,-0.026117,0.009224,0.946486,0.321553,2.486613,none,0.250
964,1787235271.993952,camera_init,3.175195,-28.436948,0.000000,-0.025013,0.006068,0.925550,0.377749,2.366399,none,0.250
965,1787235272.393927,camera_init,3.087614,-28.275885,0.000000,-0.022677,0.007157,0.903016,0.428948,2.254514,none,0.250
966,1787235272.793803,camera_init,3.014926,-28.133769,0.000000,-0.021747,0.008415,0.879292,0.475711,2.149617,none,0.250
967,1787235273.193669,camera_init,2.961657,-27.980936,0.000000,-0.020529,0.006089,0.855048,0.518106,2.051819,none,0.250
968,1787235273.693690,camera_init,2.919708,-27.803056,0.000000,-0.020066,0.010064,0.829875,0.557498,1.958390,none,0.250
969,1787235274.093548,camera_init,2.871925,-27.657133,0.000000,-0.017770,0.009549,0.820487,0.571309,1.925016,none,0.250
970,1787235274.493517,camera_init,2.868691,-27.500371,0.000000,-0.018093,0.010314,0.784282,0.620055,1.803495,none,0.250
971,1787235274.993573,camera_init,2.860619,-27.349516,0.000000,-0.018732,0.012891,0.762782,0.646256,1.735715,none,0.250
972,1787235278.793551,camera_init,2.858181,-27.194421,0.000000,-0.015892,0.008654,0.737088,0.675555,1.657705,none,0.250
973,1787235279.893592,camera_init,2.858544,-27.028879,0.000000,-0.014562,0.007401,0.730094,0.683152,1.637061,none,0.250
974,1787235280.693598,camera_init,2.852595,-26.876734,0.000000,-0.013500,0.006288,0.727660,0.685776,1.629912,none,0.250
975,1787235281.493584,camera_init,2.847779,-26.726623,0.000000,-0.012848,0.005403,0.727689,0.685766,1.629971,none,0.250
976,1787235282.393484,camera_init,2.831935,-26.576092,0.000000,-0.011970,0.010000,0.728396,0.684979,1.632187,none,0.250
977,1787235294.793568,camera_init,2.830885,-26.554196,0.000000,-0.010681,0.007640,0.729065,0.684319,1.634048,avoid_start,0.250
978,1787235307.893857,camera_init,2.819462,-26.387805,0.000000,-0.010083,0.010155,0.729963,0.683336,1.636771,none,0.250
979,1787235309.093953,camera_init,2.805725,-26.230794,0.000000,-0.006662,0.007455,0.732698,0.680480,1.644683,none,0.250
980,1787235309.993694,camera_init,2.801030,-26.072867,0.000000,-0.008108,0.007930,0.733024,0.680108,1.645660,none,0.250
981,1787235310.693773,camera_init,2.801577,-25.922771,0.000000,-0.012240,0.011148,0.732763,0.680283,1.645036,none,0.250
982,1787235311.293726,camera_init,2.789872,-25.763849,0.000000,-0.009941,0.008437,0.730363,0.682935,1.637872,none,0.250
983,1787235311.893568,camera_init,2.790978,-25.605004,0.000000,-0.009542,0.006817,0.731721,0.681503,1.641799,none,0.250
984,1787235312.593534,camera_init,2.775392,-25.429905,0.000000,-0.010053,0.007532,0.730578,0.682714,1.638470,none,0.250
985,1787235313.093476,camera_init,2.774452,-25.277910,0.000000,-0.008569,0.007874,0.732081,0.681118,1.642887,none,0.250
986,1787235313.593687,camera_init,2.770539,-25.122272,0.000000,-0.007449,0.007662,0.729848,0.683526,1.636332,none,0.250
987,1787235314.193451,camera_init,2.756162,-24.950964,0.000000,-0.009823,0.008044,0.737856,0.674838,1.659936,none,0.250
988,1787235314.693486,camera_init,2.740190,-24.794413,0.000000,-0.009666,0.008227,0.742174,0.670087,1.672786,none,0.250
989,1787235315.193468,camera_init,2.722741,-24.628393,0.000000,-0.008825,0.008131,0.744926,0.667039,1.681014,none,0.250
990,1787235315.693420,camera_init,2.709439,-24.444581,0.000000,-0.009747,0.007646,0.744919,0.667040,1.680977,none,0.250
991,1787235316.093481,camera_init,2.699126,-24.289455,0.000000,-0.008612,0.008322,0.746280,0.665525,1.685083,none,0.250
992,1787235316.593420,camera_init,2.689335,-24.110119,0.000000,-0.009825,0.009852,0.744447,0.667537,1.679649,none,0.250
993,1787235317.093364,camera_init,2.673189,-23.946837,0.000000,-0.009512,0.008623,0.743244,0.668898,1.675996,none,0.250
994,1787235317.593404,camera_init,2.668602,-23.759327,0.000000,-0.007702,0.006372,0.736265,0.676619,1.655167,none,0.250
995,1787235317.993941,camera_init,2.672531,-23.601206,0.000000,-0.008312,0.006681,0.724018,0.689698,1.619320,none,0.250
996,1787235318.493436,camera_init,2.668781,-23.432185,0.000000,-0.008868,0.007015,0.720251,0.693621,1.608436,none,0.250
997,1787235318.993540,camera_init,2.660513,-23.260786,0.000000,-0.005341,0.009008,0.721293,0.692551,1.611505,none,0.250
998,1787235319.393347,camera_init,2.663729,-23.101367,0.000000,-0.009059,0.007267,0.720950,0.692890,1.610461,none,0.250
999,1787235319.893456,camera_init,2.654544,-22.938628,0.000000,-0.010542,0.009892,0.723084,0.690609,1.616727,none,0.250
1000,1787235320.293736,camera_init,2.649985,-22.761404,0.000000,-0.006735,0.009201,0.724221,0.689474,1.619989,none,0.250
1001,1787235320.793742,camera_init,2.648602,-22.586046,0.000000,-0.008252,0.009842,0.723863,0.689824,1.618979,none,0.250
1002,1787235321.293489,camera_init,2.646924,-22.399792,0.000000,-0.004999,0.011477,0.722424,0.691337,1.614878,none,0.250
1003,1787235321.693582,camera_init,2.637631,-22.239855,0.000000,-0.007196,0.009416,0.722700,0.691060,1.615591,none,0.250
1004,1787235322.193436,camera_init,2.644900,-22.048870,0.000000,-0.007688,0.006839,0.716197,0.697822,1.596775,none,0.250
1005,1787235322.693435,camera_init,2.652336,-21.869774,0.000000,-0.008099,0.005907,0.713225,0.700863,1.588250,none,0.250
1006,1787235323.094429,camera_init,2.663090,-21.715430,0.000000,-0.007378,0.005318,0.704331,0.709813,1.563016,none,0.250
1007,1787235323.493357,camera_init,2.666560,-21.557203,0.000000,-0.006361,0.005943,0.696443,0.717559,1.540924,none,0.250
1008,1787235323.993434,camera_init,2.669540,-21.388143,0.000000,-0.007257,0.007699,0.698065,0.715956,1.545496,none,0.250
1009,1787235324.393402,camera_init,2.684908,-21.230426,0.000000,-0.007234,0.007448,0.698805,0.715237,1.547557,none,0.250
1010,1787235324.794256,camera_init,2.690204,-21.057097,0.000000,-0.004995,0.005251,0.699644,0.714455,1.549852,none,0.250
1011,1787235325.194229,camera_init,2.696527,-20.907097,0.000000,-0.006609,0.006221,0.699212,0.714857,1.548663,none,0.250
1012,1787235325.694237,camera_init,2.705301,-20.724036,0.000000,-0.008062,0.007496,0.698463,0.715562,1.546601,none,0.250
1013,1787235326.094079,camera_init,2.709342,-20.555639,0.000000,-0.007810,0.005153,0.698109,0.715931,1.545554,none,0.250
1014,1787235326.494002,camera_init,2.718072,-20.400053,0.000000,-0.010639,0.008658,0.699571,0.714431,1.549736,none,0.250
1015,1787235326.893995,camera_init,2.725521,-20.243715,0.000000,-0.009063,0.008862,0.697993,0.715992,1.545332,none,0.250
1016,1787235327.293934,camera_init,2.734448,-20.070507,0.000000,-0.007505,0.010120,0.697898,0.716086,1.545114,none,0.250
1017,1787235327.693948,camera_init,2.731602,-19.911724,0.000000,-0.005848,0.011787,0.697703,0.716266,1.544642,none,0.250
1018,1787235328.194017,camera_init,2.749207,-19.735678,0.000000,-0.009224,0.008356,0.697820,0.716165,1.544830,none,0.250
1019,1787235328.593976,camera_init,2.767428,-19.560663,0.000000,-0.008997,0.007947,0.698656,0.715357,1.547154,none,0.250
1020,1787235328.993845,camera_init,2.769134,-19.403273,0.000000,-0.009144,0.008757,0.699335,0.714682,1.549079,none,0.250
1021,1787235329.393720,camera_init,2.777948,-19.240944,0.000000,-0.009668,0.011823,0.698167,0.715772,1.545936,none,0.250
1022,1787235329.793792,camera_init,2.792585,-19.072893,0.000000,-0.010036,0.010393,0.698816,0.715156,1.547687,none,0.250
1023,1787235330.193683,camera_init,2.799877,-18.907985,0.000000,-0.009188,0.005268,0.697509,0.716498,1.543881,none,0.250
1024,1787235330.693714,camera_init,2.814852,-18.750299,0.000000,-0.008264,0.006601,0.697126,0.716870,1.542844,none,0.250
1025,1787235331.093560,camera_init,2.833599,-18.575288,0.000000,-0.007770,0.006593,0.697849,0.716172,1.544862,none,0.250
1026,1787235331.593573,camera_init,2.832723,-18.396703,0.000000,-0.008790,0.008546,0.696276,0.717670,1.540529,none,0.250
1027,1787235332.093490,camera_init,2.841491,-18.210928,0.000000,-0.008571,0.006577,0.705233,0.708893,1.565588,none,0.250
1028,1787235332.493524,camera_init,2.834007,-18.049069,0.000000,-0.012004,0.008802,0.721467,0.692289,1.612010,none,0.250
1029,1787235332.993486,camera_init,2.801403,-17.891879,0.000000,-0.013972,0.008875,0.748087,0.663394,1.690572,none,0.250
1030,1787235333.493541,camera_init,2.766958,-17.706911,0.000000,-0.014973,0.010446,0.767925,0.640279,1.751534,none,0.250
1031,1787235333.993358,camera_init,2.721572,-17.546913,0.000000,-0.014981,0.010415,0.784926,0.619321,1.805535,none,0.250
1032,1787235334.393398,camera_init,2.672679,-17.404041,0.000000,-0.015110,0.008955,0.803046,0.595659,1.865130,none,0.250
1033,1787235334.893501,camera_init,2.613952,-17.259377,0.000000,-0.015448,0.010003,0.811866,0.583553,1.895121,none,0.250
1034,1787235335.393597,camera_init,2.561658,-17.081666,0.000000,-0.014997,0.010515,0.811639,0.583872,1.894363,none,0.250
1035,1787235335.893364,camera_init,2.519796,-16.903928,0.000000,-0.015215,0.010398,0.812547,0.582605,1.897475,none,0.250
1036,1787235336.393369,camera_init,2.473097,-16.755622,0.000000,-0.017235,0.009881,0.812163,0.583093,1.896168,none,0.250
1037,1787235336.893418,camera_init,2.417204,-16.594700,0.000000,-0.014976,0.007243,0.811791,0.583711,1.894716,none,0.250
1038,1787235337.393932,camera_init,2.382498,-16.438506,0.000000,-0.013723,0.007241,0.802448,0.596520,1.863024,none,0.250
1039,1787235337.993860,camera_init,2.357253,-16.267492,0.000000,-0.016988,0.007133,0.785223,0.618939,1.806368,none,0.250
1040,1787235338.493502,camera_init,2.377513,-16.110019,0.000000,-0.011961,0.009322,0.740515,0.671868,1.667893,none,0.250
1041,1787235338.993686,camera_init,2.362994,-15.933955,0.000000,-0.009664,0.008374,0.735220,0.677708,1.652150,none,0.250
1042,1787235339.693695,camera_init,2.353838,-15.758409,0.000000,-0.009076,0.005712,0.733392,0.679722,1.646678,none,0.250
1043,1787235340.193539,camera_init,2.348170,-15.581590,0.000000,-0.009256,0.006041,0.732883,0.680265,1.645190,none,0.250
1044,1787235340.693484,camera_init,2.349316,-15.421613,0.000000,-0.009613,0.008753,0.732982,0.680123,1.645571,none,0.250
1045,1787235341.193517,camera_init,2.344561,-15.248510,0.000000,-0.012093,0.008115,0.732881,0.680201,1.645255,none,0.250
1046,1787235341.793479,camera_init,2.332708,-15.085376,0.000000,-0.014351,0.009847,0.727852,0.685514,1.630598,none,0.250
1047,1787235342.293501,camera_init,2.338961,-14.934281,0.000000,-0.014988,0.009532,0.717333,0.696504,1.600134,none,0.250
1048,1787235342.794323,camera_init,2.334483,-14.781280,0.000000,-0.014499,0.008219,0.717268,0.696598,1.599898,none,0.250
1049,1787235343.294337,camera_init,2.329238,-14.606810,0.000000,-0.013052,0.006534,0.718615,0.695255,1.603715,none,0.250
1050,1787235343.894244,camera_init,2.329508,-14.434884,0.000000,-0.013301,0.009629,0.719054,0.694760,1.605083,none,0.250
1051,1787235344.293369,camera_init,2.328171,-14.280037,0.000000,-0.014962,0.007371,0.718257,0.695578,1.602712,none,0.250
1052,1787235344.794182,camera_init,2.316809,-14.110016,0.000000,-0.012523,0.005901,0.719406,0.694451,1.605976,none,0.250
1053,1787235345.294145,camera_init,2.316562,-13.954477,0.000000,-0.009329,0.004799,0.718731,0.695209,1.604004,none,0.250
1054,1787235345.794070,camera_init,2.320688,-13.777570,0.000000,-0.011051,0.004568,0.719085,0.694819,1.605020,none,0.250
1055,1787235346.293968,camera_init,2.321504,-13.587860,0.000000,-0.015257,0.003990,0.718921,0.694913,1.604541,none,0.250
1056,1787235346.793899,camera_init,2.314320,-13.430437,0.000000,-0.013978,0.005450,0.720678,0.693107,1.609635,none,0.250
1057,1787235347.293896,camera_init,2.313260,-13.267404,0.000000,-0.014962,0.008297,0.720199,0.693557,1.608335,none,0.250
1058,1787235354.993384,camera_init,2.320699,-13.209411,0.000000,-0.018479,0.008185,0.717085,0.696693,1.599376,avoid_end,0.250
1059,1787235362.294360,camera_init,2.306506,-13.046283,0.000000,-0.018940,0.011446,0.723502,0.689967,1.618031,none,0.250
1060,1787235363.094330,camera_init,2.279684,-12.880223,0.000000,-0.017639,0.006991,0.761046,0.648421,1.730049,none,0.250
1061,1787235363.694282,camera_init,2.241312,-12.734857,0.000000,-0.012120,0.009038,0.773519,0.633593,1.769009,none,0.250
1062,1787235364.294194,camera_init,2.203015,-12.579092,0.000000,-0.014509,0.004303,0.783259,0.621511,1.799912,none,0.250
1063,1787235364.794219,camera_init,2.177036,-12.405286,0.000000,-0.016896,0.002180,0.786047,0.617932,1.808891,none,0.250
1064,1787235365.194098,camera_init,2.143074,-12.255067,0.000000,-0.014631,0.003921,0.788386,0.614995,1.816490,none,0.250
1065,1787235365.694202,camera_init,2.106246,-12.103260,0.000000,-0.019357,0.008801,0.788487,0.614684,1.817065,none,0.250
1066,1787235366.194196,camera_init,2.061922,-11.954283,0.000000,-0.020212,0.010162,0.787838,0.615467,1.815039,none,0.250
1067,1787235366.694005,camera_init,2.034138,-11.775035,0.000000,-0.021964,0.007426,0.787871,0.615404,1.815040,none,0.250
1068,1787235367.193981,camera_init,1.987128,-11.602098,0.000000,-0.020078,0.010463,0.787724,0.615612,1.814684,none,0.250
1069,1787235367.593969,camera_init,1.962247,-11.450123,0.000000,-0.019821,0.009759,0.788974,0.614029,1.818708,none,0.250
1070,1787235367.993835,camera_init,1.931043,-11.297536,0.000000,-0.019177,0.007489,0.787282,0.616250,1.813084,none,0.250
1071,1787235368.493755,camera_init,1.892074,-11.137933,0.000000,-0.022343,0.009778,0.787146,0.616285,1.812807,none,0.250
1072,1787235368.993841,camera_init,1.841670,-10.957941,0.000000,-0.019263,0.008046,0.787402,0.616086,1.813501,none,0.250
1073,1787235369.393668,camera_init,1.814033,-10.793562,0.000000,-0.017662,0.005171,0.787833,0.615613,1.814767,none,0.250
1074,1787235369.793631,camera_init,1.780767,-10.625912,0.000000,-0.016572,0.005783,0.787941,0.615500,1.815123,none,0.250
1075,1787235370.193684,camera_init,1.745866,-10.460155,0.000000,-0.017359,0.005122,0.787285,0.616324,1.812980,none,0.250
1076,1787235370.593530,camera_init,1.704918,-10.297887,0.000000,-0.017128,0.005811,0.788114,0.615263,1.815695,none,0.250
1077,1787235370.993490,camera_init,1.665236,-10.145399,0.000000,-0.018706,0.008043,0.788576,0.614600,1.817308,none,0.250
1078,1787235371.393495,camera_init,1.632048,-9.972076,0.000000,-0.020955,0.004517,0.787862,0.615478,1.814888,none,0.250
1079,1787235371.693526,camera_init,1.609210,-9.815174,0.000000,-0.019261,0.008093,0.787786,0.615595,1.814749,none,0.250
1080,1787235372.093422,camera_init,1.570203,-9.640169,0.000000,-0.018780,0.008326,0.786234,0.617587,1.809717,none,0.250
1081,1787235372.493554,camera_init,1.540394,-9.475367,0.000000,-0.023641,0.007404,0.785226,0.618714,1.806491,none,0.250
1082,1787235372.893385,camera_init,1.495390,-9.320120,0.000000,-0.022131,0.011273,0.785827,0.617947,1.808614,none,0.250
1083,1787235373.293505,camera_init,1.454415,-9.162814,0.000000,-0.022902,0.007410,0.785681,0.618164,1.807951,none,0.250
1084,1787235373.693385,camera_init,1.417324,-9.004084,0.000000,-0.019139,0.004617,0.787176,0.616414,1.812637,none,0.250
1085,1787235374.093506,camera_init,1.391447,-8.804654,0.000000,-0.020224,0.006947,0.786727,0.616931,1.811277,none,0.250
1086,1787235374.493445,camera_init,1.358780,-8.638711,0.000000,-0.021903,0.008139,0.785974,0.617818,1.808915,none,0.250
1087,1787235374.893461,camera_init,1.319821,-8.489192,0.000000,-0.025213,0.010631,0.783273,0.621075,1.800385,none,0.250
1088,1787235375.293387,camera_init,1.295658,-8.311596,0.000000,-0.021660,0.009043,0.769682,0.637996,1.757042,none,0.250
1089,1787235375.693473,camera_init,1.280980,-8.145228,0.000000,-0.021656,0.011621,0.759952,0.649514,1.726935,none,0.250
1090,1787235376.093487,camera_init,1.260034,-7.984752,0.000000,-0.026152,0.013905,0.757200,0.652511,1.718672,none,0.250
1091,1787235376.493419,camera_init,1.240100,-7.816859,0.000000,-0.028211,0.014219,0.756124,0.653666,1.715422,none,0.250
1092,1787235376.893456,camera_init,1.223790,-7.648474,0.000000,-0.028341,0.012301,0.754736,0.655300,1.711055,none,0.250
1093,1787235377.293462,camera_init,1.224224,-7.467286,0.000000,-0.027778,0.010100,0.741994,0.669754,1.672438,none,0.250
1094,1787235377.693386,camera_init,1.202738,-7.294762,0.000000,-0.024788,0.011204,0.739025,0.673128,1.663621,none,0.250
1095,1787235378.093550,camera_init,1.195804,-7.130760,0.000000,-0.022969,0.011724,0.733673,0.679014,1.647793,none,0.250
1096,1787235378.492925,camera_init,1.190555,-6.969112,0.000000,-0.022194,0.011009,0.729951,0.683050,1.636819,none,0.250
1097,1787235378.893540,camera_init,1.185470,-6.790063,0.000000,-0.020715,0.010080,0.727042,0.686207,1.628266,none,0.250
1098,1787235379.294583,camera_init,1.175806,-6.625006,0.000000,-0.015871,0.007175,0.726413,0.687038,1.626310,none,0.250
1099,1787235379.693710,camera_init,1.162988,-6.465265,0.000000,-0.011911,0.010552,0.725176,0.688379,1.622830,none,0.250
1100,1787235380.193610,camera_init,1.181140,-6.287118,0.000000,-0.017170,0.009237,0.718172,0.695593,1.602536,none,0.250
1101,1787235380.593764,camera_init,1.173949,-6.129924,0.000000,-0.021390,0.010785,0.719533,0.694045,1.606529,none,0.250
1102,1787235380.993556,camera_init,1.160776,-5.960298,0.000000,-0.021370,0.010719,0.722768,0.690677,1.615876,none,0.250
1103,1787235381.493652,camera_init,1.161894,-5.776531,0.000000,-0.021106,0.010189,0.722552,0.690919,1.615226,none,0.250
1104,1787235381.894370,camera_init,1.157198,-5.601445,0.000000,-0.021551,0.011421,0.717576,0.696053,1.600925,none,0.250
1105,1787235382.294212,camera_init,1.168592,-5.424760,0.000000,-0.021546,0.009881,0.711355,0.702433,1.583056,none,0.250
1106,1787235382.794215,camera_init,1.173842,-5.255819,0.000000,-0.021086,0.009546,0.710461,0.703356,1.580497,none,0.250
