seq,stamp,frame_id,x,y,z,qx,qy,qz,qw,yaw,task,tol
0,1787195657.359109,camera_init,-0.014201,0.020130,0.000000,-0.000906,-0.001556,-0.003632,0.999992,-0.007262,none,0.250
1,1787195669.759849,camera_init,0.139142,0.020536,0.000000,-0.000219,-0.000486,-0.001381,0.999999,-0.002762,none,0.250
2,1787195670.559884,camera_init,0.302819,0.009795,0.000000,0.000939,-0.001128,-0.002065,0.999997,-0.004132,none,0.250
3,1787195671.159903,camera_init,0.460540,0.005264,0.000000,0.000306,-0.002278,-0.004321,0.999988,-0.008643,none,0.250
4,1787195671.758909,camera_init,0.635078,-0.000132,0.000000,0.000578,-0.002414,-0.002352,0.999994,-0.004707,none,0.250
5,1787195672.359758,camera_init,0.808238,-0.008106,0.000000,0.001357,-0.001049,-0.000912,0.999998,-0.001826,none,0.250
6,1787195672.959793,camera_init,0.983734,-0.009855,0.000000,0.001710,0.000130,-0.000307,0.999998,-0.000614,none,0.250
7,1787195673.459781,camera_init,1.137517,-0.015772,0.000000,0.001853,-0.001405,-0.000854,0.999997,-0.001713,none,0.250
8,1787195673.959899,camera_init,1.288812,-0.013958,0.000000,0.001543,-0.000676,-0.002017,0.999997,-0.004036,none,0.250
9,1787195674.559824,camera_init,1.472679,-0.029933,0.000000,0.002159,-0.003532,-0.003366,0.999986,-0.006747,none,0.250
10,1787195675.059845,camera_init,1.648051,-0.028911,0.000000,0.001017,-0.002873,-0.002336,0.999993,-0.004679,none,0.250
11,1787195675.559705,camera_init,1.824023,-0.037925,0.000000,0.004479,-0.002240,-0.002169,0.999985,-0.004358,none,0.250
12,1787195675.958787,camera_init,1.975271,-0.046389,0.000000,0.004140,-0.001959,-0.004289,0.999980,-0.008595,none,0.250
13,1787195676.459734,camera_init,2.161521,-0.054023,0.000000,0.004271,-0.001438,-0.009711,0.999943,-0.019435,none,0.250
14,1787195676.959824,camera_init,2.335996,-0.064021,0.000000,0.001407,-0.001329,-0.005896,0.999981,-0.011795,none,0.250
15,1787195677.459709,camera_init,2.511657,-0.065098,0.000000,0.002547,-0.001039,-0.003213,0.999991,-0.006431,none,0.250
16,1787195677.859699,camera_init,2.664727,-0.070347,0.000000,0.002400,-0.000141,-0.005503,0.999982,-0.011007,none,0.250
17,1787195678.359670,camera_init,2.843963,-0.072308,0.000000,0.002386,-0.001631,-0.000200,0.999996,-0.000409,none,0.250
18,1787195678.759749,camera_init,2.999897,-0.080139,0.000000,0.002946,-0.003435,-0.001533,0.999989,-0.003086,none,0.250
19,1787195679.259613,camera_init,3.188761,-0.089015,0.000000,0.000812,-0.002757,-0.001494,0.999995,-0.002993,none,0.250
20,1787195679.659705,camera_init,3.348189,-0.096780,0.000000,0.001213,-0.002570,-0.000580,0.999996,-0.001167,none,0.250
21,1787195680.059695,camera_init,3.512650,-0.102805,0.000000,0.003249,-0.001381,-0.000071,0.999994,-0.000151,none,0.250
22,1787195680.459590,camera_init,3.675099,-0.109863,0.000000,0.003428,-0.000886,-0.005529,0.999978,-0.011063,none,0.250
23,1787195680.859560,camera_init,3.825204,-0.120264,0.000000,0.001656,-0.001774,-0.008577,0.999960,-0.017160,none,0.250
24,1787195681.359603,camera_init,3.993100,-0.123388,0.000000,0.000688,-0.001575,0.005922,0.999981,0.011843,none,0.250
25,1787195681.859643,camera_init,4.170881,-0.110519,0.000000,0.000167,-0.000585,0.023450,0.999725,0.046905,none,0.250
26,1787195682.359571,camera_init,4.347083,-0.095413,0.000000,0.001114,0.000625,0.030517,0.999533,0.061044,none,0.250
27,1787195682.859610,camera_init,4.524102,-0.082603,0.000000,-0.000072,-0.002335,0.041918,0.999118,0.083861,none,0.250
28,1787195683.259516,camera_init,4.691423,-0.068354,0.000000,0.000500,-0.000330,0.043880,0.999037,0.087788,none,0.250
29,1787195683.659625,camera_init,4.847176,-0.055952,0.000000,-0.000918,-0.000390,0.049639,0.998767,0.099319,none,0.250
30,1787195684.159667,camera_init,5.032511,-0.039630,0.000000,-0.000049,-0.001329,0.065029,0.997883,0.130149,none,0.250
31,1787195684.559494,camera_init,5.183502,-0.000081,0.000000,0.001582,-0.000759,0.083769,0.996484,0.167733,none,0.250
32,1787195684.959706,camera_init,5.355980,0.019452,0.000000,0.002771,0.001234,0.083325,0.996518,0.166850,none,0.250
33,1787195685.359582,camera_init,5.517915,0.035865,0.000000,0.003627,0.001420,0.083023,0.996540,0.166248,none,0.250
34,1787195685.759538,camera_init,5.679014,0.062808,0.000000,0.003134,0.000719,0.082843,0.996557,0.165880,none,0.250
35,1787195686.159432,camera_init,5.834914,0.083560,0.000000,0.002568,0.000235,0.078810,0.996886,0.157784,none,0.250
36,1787195686.559515,camera_init,5.993119,0.105125,0.000000,0.003022,0.001413,0.080217,0.996772,0.160615,none,0.250
37,1787195686.959532,camera_init,6.152724,0.107392,0.000000,0.003421,0.001070,0.073458,0.997292,0.147056,none,0.250
38,1787195687.359435,camera_init,6.308229,0.113278,0.000000,0.002040,0.000438,0.069354,0.997590,0.138820,none,0.250
39,1787195687.759411,camera_init,6.468965,0.125958,0.000000,0.004037,0.002705,0.051162,0.998679,0.102390,none,0.250
40,1787195688.159528,camera_init,6.628414,0.110703,0.000000,0.005832,0.000759,0.019785,0.999787,0.039580,none,0.250
41,1787195688.559383,camera_init,6.786360,0.098023,0.000000,0.004540,-0.000380,0.004374,0.999980,0.008745,none,0.250
42,1787195688.959422,camera_init,6.937948,0.086570,0.000000,0.004606,0.000112,-0.002627,0.999986,-0.005253,none,0.250
43,1787195689.459375,camera_init,7.109009,0.078198,0.000000,0.005839,0.000979,-0.006218,0.999963,-0.012425,none,0.250
44,1787195689.859449,camera_init,7.266136,0.080986,0.000000,0.003715,0.000405,-0.006560,0.999972,-0.013117,none,0.250
45,1787195690.259396,camera_init,7.419797,0.074425,0.000000,0.003580,-0.000077,-0.006612,0.999972,-0.013224,none,0.250
46,1787195690.659394,camera_init,7.582794,0.064908,0.000000,0.004388,0.002325,-0.005666,0.999972,-0.011312,none,0.250
47,1787195691.059333,camera_init,7.741355,0.050116,0.000000,0.001367,0.001426,-0.014257,0.999896,-0.028512,none,0.250
48,1787195691.459402,camera_init,7.911436,0.058240,0.000000,0.004040,0.000710,-0.011346,0.999927,-0.022686,none,0.250
49,1787195691.859369,camera_init,8.064236,0.052234,0.000000,0.005300,0.001335,-0.008998,0.999945,-0.017983,none,0.250
50,1787195692.359382,camera_init,8.256969,0.035997,0.000000,0.001641,0.000069,-0.008715,0.999961,-0.017430,none,0.250
51,1787195692.759457,camera_init,8.419261,0.021892,0.000000,0.001066,0.002671,-0.016350,0.999862,-0.032696,none,0.250
52,1787195693.159429,camera_init,8.569245,0.024985,0.000000,0.006042,0.002990,-0.015507,0.999857,-0.030978,none,0.250
53,1787195693.559236,camera_init,8.741379,0.006778,0.000000,0.004803,0.002984,-0.015738,0.999860,-0.031449,none,0.250
54,1787195694.059321,camera_init,8.902184,0.000278,0.000000,0.001957,0.003353,-0.003864,0.999985,-0.007716,none,0.250
55,1787195694.559235,camera_init,9.074287,-0.007616,0.000000,0.000415,0.003376,-0.000848,0.999994,-0.001693,none,0.250
56,1787195694.959338,camera_init,9.228248,-0.009827,0.000000,0.004173,0.002411,-0.000278,0.999988,-0.000536,none,0.250
57,1787195695.459217,camera_init,9.395636,-0.015019,0.000000,0.002886,0.001520,0.001228,0.999994,0.002465,none,0.250
58,1787195695.959399,camera_init,9.572012,-0.022116,0.000000,0.001179,0.000976,0.001836,0.999997,0.003675,none,0.250
59,1787195696.459288,camera_init,9.775074,-0.026377,0.000000,0.002147,0.002704,0.004679,0.999983,0.009370,none,0.250
60,1787195696.859314,camera_init,9.934176,-0.028929,0.000000,0.000501,0.002346,0.002850,0.999993,0.005703,none,0.250
61,1787195697.459345,camera_init,10.101400,-0.045907,0.000000,0.001362,0.003535,0.001809,0.999991,0.003627,none,0.250
62,1787195698.059306,camera_init,10.264296,-0.050910,0.000000,0.003155,0.002819,-0.003370,0.999985,-0.006723,none,0.250
63,1787195711.558933,camera_init,10.361214,-0.054872,0.000000,0.003874,0.002244,-0.005714,0.999974,-0.011410,ext:traffic_light,0.250
64,1787195721.059055,camera_init,10.515593,-0.056831,0.000000,0.003652,0.000400,-0.006726,0.999971,-0.013449,none,0.250
65,1787195721.659032,camera_init,10.674756,-0.061227,0.000000,0.002710,0.003144,-0.005133,0.999978,-0.010248,none,0.250
66,1787195722.258917,camera_init,10.848613,-0.071672,0.000000,0.003257,0.000621,-0.006472,0.999974,-0.012941,none,0.250
67,1787195722.759037,camera_init,11.014854,-0.076717,0.000000,0.003732,-0.000273,-0.003774,0.999986,-0.007550,none,0.250
68,1787195723.159074,camera_init,11.172406,-0.084915,0.000000,0.003152,0.002081,-0.001817,0.999991,-0.003621,none,0.250
69,1787195723.559025,camera_init,11.341450,-0.088114,0.000000,0.003994,0.001951,-0.002305,0.999987,-0.004594,none,0.250
70,1787195723.959078,camera_init,11.518265,-0.089495,0.000000,0.005668,0.000840,-0.001572,0.999982,-0.003133,none,0.250
71,1787195724.359048,camera_init,11.676338,-0.100640,0.000000,0.004038,0.000189,-0.002280,0.999989,-0.004558,none,0.250
72,1787195724.758975,camera_init,11.843838,-0.110527,0.000000,0.005901,0.003029,-0.004499,0.999968,-0.008962,none,0.250
73,1787195725.159065,camera_init,12.001298,-0.116659,0.000000,0.003182,0.001297,-0.006901,0.999970,-0.013794,none,0.250
74,1787195725.558993,camera_init,12.163572,-0.123124,0.000000,0.003093,0.001288,-0.009656,0.999948,-0.019305,none,0.250
75,1787195725.958924,camera_init,12.318572,-0.132542,0.000000,0.002360,-0.000084,-0.008316,0.999963,-0.016633,none,0.250
76,1787195726.358898,camera_init,12.493068,-0.138089,0.000000,0.006033,0.000316,-0.007202,0.999956,-0.014401,none,0.250
77,1787195726.759074,camera_init,12.663095,-0.141458,0.000000,0.008839,-0.000762,-0.007624,0.999932,-0.015261,none,0.250
78,1787195727.159059,camera_init,12.823695,-0.151005,0.000000,0.005651,0.000390,-0.005612,0.999968,-0.011220,none,0.250
79,1787195727.558928,camera_init,12.998614,-0.152091,0.000000,0.007421,0.002164,-0.005394,0.999956,-0.010756,none,0.250
80,1787195728.059086,camera_init,13.170034,-0.165503,0.000000,0.005325,0.000776,-0.005966,0.999968,-0.011924,none,0.250
81,1787195728.558891,camera_init,13.359695,-0.177375,0.000000,0.007565,0.003015,-0.007211,0.999941,-0.014376,none,0.250
82,1787195728.959355,camera_init,13.548877,-0.188155,0.000000,0.010458,0.005134,-0.009891,0.999883,-0.019675,none,0.250
83,1787195729.358872,camera_init,13.736086,-0.194735,0.000000,0.006878,0.003801,-0.008859,0.999930,-0.017666,none,0.250
84,1787195729.758956,camera_init,13.929482,-0.209242,0.000000,0.005068,0.004527,-0.012364,0.999900,-0.024682,none,0.250
85,1787195730.158872,camera_init,14.101676,-0.214638,0.000000,0.006632,0.004740,-0.012759,0.999885,-0.025456,none,0.250
86,1787195730.559041,camera_init,14.269648,-0.227576,0.000000,0.007805,0.004676,-0.012068,0.999886,-0.024064,none,0.250
87,1787195730.959250,camera_init,14.450853,-0.235273,0.000000,0.008073,0.004875,-0.006388,0.999935,-0.012697,none,0.250
88,1787195731.358497,camera_init,14.626658,-0.235841,0.000000,0.006269,0.003989,-0.003692,0.999966,-0.007334,none,0.250
89,1787195731.759342,camera_init,14.806618,-0.240680,0.000000,0.005811,0.003749,-0.001236,0.999975,-0.002428,none,0.250
90,1787195732.159008,camera_init,14.994780,-0.253157,0.000000,0.007433,0.003492,-0.003046,0.999962,-0.006040,none,0.250
91,1787195732.558879,camera_init,15.198540,-0.264473,0.000000,0.006526,0.002905,-0.005703,0.999958,-0.011368,none,0.250
92,1787195732.858848,camera_init,15.351273,-0.269350,0.000000,0.006613,0.002404,-0.006271,0.999956,-0.012510,none,0.250
93,1787195733.259208,camera_init,15.539533,-0.280419,0.000000,0.006697,0.000075,-0.010257,0.999925,-0.020512,none,0.250
94,1787195733.659329,camera_init,15.734594,-0.294470,0.000000,0.007151,0.001586,-0.011062,0.999912,-0.022102,none,0.250
95,1787195733.959198,camera_init,15.891933,-0.298069,0.000000,0.006647,0.003323,-0.008424,0.999937,-0.016804,none,0.250
96,1787195734.259276,camera_init,16.042759,-0.304610,0.000000,0.007014,0.002082,-0.004977,0.999961,-0.009925,none,0.250
97,1787195734.659167,camera_init,16.221509,-0.308443,0.000000,0.006308,0.000771,-0.002930,0.999976,-0.005849,none,0.250
98,1787195735.058966,camera_init,16.420720,-0.310304,0.000000,0.005833,0.002309,-0.001738,0.999979,-0.003449,none,0.250
99,1787195735.359365,camera_init,16.576229,-0.315095,0.000000,0.005868,0.002013,0.000098,0.999981,0.000220,none,0.250
100,1787195735.758589,camera_init,16.770375,-0.330783,0.000000,0.006592,0.002964,-0.003528,0.999968,-0.007016,none,0.250
101,1787195736.159174,camera_init,16.967873,-0.336530,0.000000,0.006857,0.002193,-0.005734,0.999958,-0.011438,none,0.250
102,1787195736.559128,camera_init,17.160231,-0.345814,0.000000,0.004433,0.002266,-0.008336,0.999953,-0.016653,none,0.250
103,1787195736.859180,camera_init,17.316418,-0.356091,0.000000,0.006468,0.003227,-0.009080,0.999933,-0.018118,none,0.250
104,1787195737.159224,camera_init,17.472511,-0.370783,0.000000,0.006921,0.001325,-0.009528,0.999930,-0.019038,none,0.250
105,1787195737.558984,camera_init,17.661357,-0.367944,0.000000,0.007748,0.001064,-0.004347,0.999960,-0.008678,none,0.250
106,1787195737.859183,camera_init,17.823853,-0.373485,0.000000,0.006853,0.002126,-0.003898,0.999967,-0.007767,none,0.250
107,1787195738.159139,camera_init,17.978896,-0.375478,0.000000,0.006619,0.000512,-0.000757,0.999978,-0.001507,none,0.250
108,1787195738.459107,camera_init,18.135991,-0.382982,0.000000,0.007414,0.001251,-0.000922,0.999971,-0.001826,none,0.250
109,1787195738.859241,camera_init,18.325907,-0.392673,0.000000,0.007773,0.003289,-0.002222,0.999962,-0.004392,none,0.250
110,1787195739.159187,camera_init,18.486167,-0.395456,0.000000,0.009593,0.002368,-0.004658,0.999940,-0.009269,none,0.250
111,1787195739.459113,camera_init,18.638355,-0.403039,0.000000,0.008297,-0.000062,-0.004842,0.999954,-0.009686,none,0.250
112,1787195739.759122,camera_init,18.801956,-0.411910,0.000000,0.005473,0.001154,-0.006466,0.999963,-0.012920,none,0.250
113,1787195740.059069,camera_init,18.954446,-0.421430,0.000000,0.006952,0.002440,-0.008580,0.999936,-0.017127,none,0.250
114,1787195740.459229,camera_init,19.151856,-0.430274,0.000000,0.007580,0.000902,-0.010060,0.999920,-0.020107,none,0.250
115,1787195740.859107,camera_init,19.346415,-0.419893,0.000000,0.008777,0.002043,0.006483,0.999938,0.013002,none,0.250
116,1787195741.159098,camera_init,19.499334,-0.417736,0.000000,0.007876,0.002997,0.016691,0.999825,0.033429,none,0.250
117,1787195741.560209,camera_init,19.682233,-0.409885,0.000000,0.008214,0.003808,0.028934,0.999540,0.057938,none,0.250
118,1787195741.959069,camera_init,19.834754,-0.394765,0.000000,0.008070,0.004331,0.039552,0.999176,0.079194,none,0.250
119,1787195742.360178,camera_init,20.025264,-0.376313,0.000000,0.008124,0.004371,0.054026,0.998497,0.108175,none,0.250
120,1787195742.759073,camera_init,20.207134,-0.359859,0.000000,0.007415,0.003045,0.058290,0.998268,0.116689,none,0.250
121,1787195743.059001,camera_init,20.359100,-0.350061,0.000000,0.006622,0.004582,0.059119,0.998218,0.118368,none,0.250
122,1787195743.459148,camera_init,20.530945,-0.334439,0.000000,0.005848,0.003978,0.058798,0.998245,0.117712,none,0.250
123,1787195743.859015,camera_init,20.713228,-0.318861,0.000000,0.005777,0.002250,0.059299,0.998221,0.118692,none,0.250
124,1787195744.259107,camera_init,20.899808,-0.313606,0.000000,0.006630,0.002676,0.040489,0.999154,0.081035,none,0.250
125,1787195744.559086,camera_init,21.061722,-0.306173,0.000000,0.006091,0.005232,0.036899,0.999287,0.073879,none,0.250
126,1787195744.958976,camera_init,21.227267,-0.309405,0.000000,0.003592,0.001804,0.029445,0.999558,0.058911,none,0.250
127,1787195745.358950,camera_init,21.412568,-0.299145,0.000000,0.004866,0.002474,0.019860,0.999788,0.039746,none,0.250
128,1787195745.758959,camera_init,21.601538,-0.317801,0.000000,0.007446,0.004047,0.001216,0.999963,0.002493,none,0.250
129,1787195746.159007,camera_init,21.790566,-0.325179,0.000000,0.006584,0.004571,-0.005475,0.999953,-0.010890,none,0.250
130,1787195746.560054,camera_init,21.980289,-0.334112,0.000000,0.006925,0.003222,-0.009903,0.999922,-0.019761,none,0.250
131,1787195746.958935,camera_init,22.163385,-0.341701,0.000000,0.007387,0.002854,-0.015918,0.999842,-0.031795,none,0.250
132,1787195747.258907,camera_init,22.319331,-0.356483,0.000000,0.005498,0.002625,-0.018440,0.999811,-0.036854,none,0.250
133,1787195747.558875,camera_init,22.477362,-0.358629,0.000000,0.007678,0.004492,-0.016727,0.999821,-0.033387,none,0.250
134,1787195747.958902,camera_init,22.657152,-0.370191,0.000000,0.008018,0.002686,-0.016055,0.999835,-0.032068,none,0.250
135,1787195748.360085,camera_init,22.827816,-0.379792,0.000000,0.004753,0.000636,-0.010667,0.999932,-0.021327,none,0.250
136,1787195748.660059,camera_init,22.979024,-0.388572,0.000000,0.006297,0.001379,-0.008781,0.999941,-0.017545,none,0.250
137,1787195749.058920,camera_init,23.158913,-0.390548,0.000000,0.003964,0.001759,-0.007591,0.999962,-0.015167,none,0.250
138,1787195749.458854,camera_init,23.321461,-0.397240,0.000000,0.005907,0.002969,-0.007454,0.999950,-0.014873,none,0.250
139,1787195749.959989,camera_init,23.483687,-0.407799,0.000000,0.006192,0.004270,-0.009795,0.999924,-0.019537,none,0.250
140,1787195750.358904,camera_init,23.638485,-0.417385,0.000000,0.004065,0.002726,-0.010735,0.999930,-0.021449,none,0.250
141,1787195750.858933,camera_init,23.789155,-0.421290,0.000000,0.004102,0.001097,-0.010537,0.999935,-0.021065,none,0.250
142,1787195751.359997,camera_init,23.950341,-0.427113,0.000000,0.005132,0.002257,-0.008183,0.999951,-0.016343,none,0.250
143,1787195751.958934,camera_init,24.116629,-0.434669,0.000000,0.006134,0.001409,-0.005962,0.999962,-0.011907,none,0.250
144,1787195752.459918,camera_init,24.266838,-0.444578,0.000000,0.005719,0.002575,-0.006386,0.999960,-0.012743,none,0.250
145,1787195762.359802,camera_init,24.372408,-0.448332,0.000000,0.006655,0.002215,-0.006007,0.999957,-0.011985,ext:traffic_light,0.250
146,1787195768.759719,camera_init,24.548079,-0.448874,0.000000,0.005388,0.003070,-0.000511,0.999981,-0.000988,none,0.250
147,1787195769.159573,camera_init,24.708551,-0.452047,0.000000,0.006596,0.004730,0.001740,0.999966,0.003542,none,0.250
148,1787195769.659521,camera_init,24.895144,-0.452122,0.000000,0.006056,0.003300,0.000710,0.999976,0.001460,none,0.250
149,1787195770.059674,camera_init,25.069846,-0.464778,0.000000,0.006606,0.002539,0.001186,0.999974,0.002406,none,0.250
150,1787195770.459551,camera_init,25.240723,-0.469664,0.000000,0.005092,0.002474,-0.000361,0.999984,-0.000696,none,0.250
151,1787195770.859513,camera_init,25.428920,-0.474711,0.000000,0.004645,0.002403,-0.001846,0.999985,-0.003671,none,0.250
152,1787195771.259609,camera_init,25.633886,-0.484877,0.000000,0.006145,0.002832,-0.002711,0.999973,-0.005387,none,0.250
153,1787195771.659596,camera_init,25.828987,-0.490465,0.000000,0.005552,0.002995,-0.002950,0.999976,-0.005866,none,0.250
154,1787195771.959596,camera_init,25.982080,-0.499781,0.000000,0.006844,0.001927,-0.001937,0.999973,-0.003847,none,0.250
155,1787195772.359553,camera_init,26.169709,-0.503955,0.000000,0.005315,0.002347,-0.003107,0.999978,-0.006189,none,0.250
156,1787195772.659499,camera_init,26.328262,-0.507028,0.000000,0.004108,0.003923,-0.001632,0.999983,-0.003232,none,0.250
157,1787195772.959502,camera_init,26.492346,-0.507953,0.000000,0.005290,0.002574,0.000083,0.999983,0.000194,none,0.250
158,1787195773.259440,camera_init,26.663923,-0.521667,0.000000,0.005521,0.004698,-0.002478,0.999971,-0.004903,none,0.250
159,1787195773.559441,camera_init,26.821857,-0.531839,0.000000,0.005009,0.004188,-0.000817,0.999978,-0.001591,none,0.250
160,1787195773.859407,camera_init,26.975734,-0.535397,0.000000,0.003507,0.005137,-0.001372,0.999980,-0.002709,none,0.250
161,1787195774.159414,camera_init,27.133143,-0.538445,0.000000,0.005660,0.003148,-0.003628,0.999972,-0.007219,none,0.250
162,1787195774.559519,camera_init,27.322270,-0.543086,0.000000,0.005053,0.004820,-0.005601,0.999960,-0.011153,none,0.250
163,1787195774.959512,camera_init,27.513546,-0.551144,0.000000,0.005706,0.005871,-0.004600,0.999956,-0.009134,none,0.250
164,1787195775.359379,camera_init,27.703923,-0.560491,0.000000,0.004824,0.003868,-0.007817,0.999950,-0.015598,none,0.250
165,1787195775.759480,camera_init,27.901693,-0.570633,0.000000,0.002058,0.003083,-0.005758,0.999977,-0.011504,none,0.250
166,1787195776.159455,camera_init,28.089697,-0.574000,0.000000,0.004603,0.002553,-0.001875,0.999984,-0.003727,none,0.250
167,1787195776.459348,camera_init,28.245680,-0.579040,0.000000,0.005553,0.002699,-0.003306,0.999975,-0.006582,none,0.250
168,1787195776.759345,camera_init,28.405493,-0.587600,0.000000,0.005390,0.003326,-0.000779,0.999980,-0.001523,none,0.250
169,1787195777.059377,camera_init,28.565256,-0.597267,0.000000,0.004113,0.001459,0.000946,0.999990,0.001903,none,0.250
170,1787195777.459334,camera_init,28.755514,-0.597585,0.000000,0.003804,0.001276,0.003487,0.999986,0.006984,none,0.250
171,1787195777.759374,camera_init,28.908540,-0.603150,0.000000,0.004025,0.002342,0.002743,0.999985,0.005504,none,0.250
172,1787195778.059321,camera_init,29.062204,-0.601624,0.000000,0.004962,0.002489,0.002700,0.999981,0.005425,none,0.250
173,1787195778.359424,camera_init,29.214960,-0.597116,0.000000,0.006198,0.001382,0.008869,0.999941,0.017755,none,0.250
174,1787195778.659422,camera_init,29.380944,-0.602473,0.000000,0.004665,0.001433,0.009535,0.999943,0.019084,none,0.250
175,1787195778.959451,camera_init,29.552001,-0.608252,0.000000,0.004027,0.000572,0.012196,0.999917,0.024396,none,0.250
176,1787195779.259333,camera_init,29.715040,-0.596907,0.000000,0.004293,0.001011,0.013579,0.999898,0.027168,none,0.250
177,1787195779.559335,camera_init,29.886447,-0.599254,0.000000,0.009151,0.000438,0.011500,0.999892,0.023008,none,0.250
178,1787195779.859303,camera_init,30.054665,-0.611792,0.000000,0.007727,-0.000942,0.010782,0.999912,0.021549,none,0.250
179,1787195780.159284,camera_init,30.210249,-0.609014,0.000000,0.004655,-0.000061,0.012589,0.999910,0.025178,none,0.250
180,1787195780.459251,camera_init,30.379730,-0.618018,0.000000,0.004295,0.001733,0.011753,0.999920,0.023522,none,0.250
181,1787195780.759395,camera_init,30.555023,-0.623982,0.000000,0.004529,0.002175,0.010875,0.999928,0.021771,none,0.250
182,1787195781.059345,camera_init,30.730302,-0.617611,0.000000,0.005186,0.001407,0.010971,0.999925,0.021957,none,0.250
183,1787195781.359236,camera_init,30.923160,-0.620282,0.000000,0.004775,0.005472,0.009014,0.999933,0.018082,none,0.250
184,1787195781.659204,camera_init,31.093583,-0.623126,0.000000,0.005460,0.003855,0.008704,0.999940,0.017450,none,0.250
185,1787195781.959237,camera_init,31.265514,-0.624468,0.000000,0.003854,0.002502,0.009509,0.999944,0.019038,none,0.250
186,1787195782.259339,camera_init,31.451511,-0.627387,0.000000,0.005628,0.004583,0.006888,0.999950,0.013828,none,0.250
187,1787195782.559286,camera_init,31.625214,-0.633923,0.000000,0.008631,0.004045,0.005037,0.999942,0.010143,none,0.250
188,1787195782.859282,camera_init,31.801666,-0.636254,0.000000,0.005646,0.005270,0.004375,0.999961,0.008810,none,0.250
189,1787195783.159273,camera_init,31.969316,-0.632585,0.000000,0.006559,0.006463,0.005751,0.999941,0.011587,none,0.250
190,1787195783.459191,camera_init,32.138109,-0.648408,0.000000,0.005958,0.003879,-0.001164,0.999974,-0.002282,none,0.250
191,1787195783.759207,camera_init,32.326608,-0.653418,0.000000,0.005278,0.003992,-0.002438,0.999975,-0.004834,none,0.250
192,1787195784.059145,camera_init,32.493633,-0.657110,0.000000,0.006172,0.006494,-0.003660,0.999953,-0.007240,none,0.250
193,1787195784.359165,camera_init,32.650369,-0.659415,0.000000,0.006709,0.007601,-0.005263,0.999935,-0.010425,none,0.250
194,1787195784.659132,camera_init,32.823687,-0.663638,0.000000,0.007058,0.006139,-0.003394,0.999950,-0.006702,none,0.250
195,1787195784.959216,camera_init,32.991189,-0.670585,0.000000,0.006812,0.006537,-0.001774,0.999954,-0.003458,none,0.250
196,1787195785.259110,camera_init,33.173371,-0.684286,0.000000,0.004029,0.007301,-0.004361,0.999956,-0.008664,none,0.250
197,1787195785.559092,camera_init,33.346905,-0.689402,0.000000,0.007661,0.008361,-0.005255,0.999922,-0.010382,none,0.250
198,1787195785.859094,camera_init,33.535601,-0.683368,0.000000,0.004310,0.008095,-0.002189,0.999956,-0.004309,none,0.250
199,1787195786.159127,camera_init,33.706955,-0.689226,0.000000,0.006685,0.010494,-0.001181,0.999922,-0.002221,none,0.250
200,1787195786.459092,camera_init,33.894088,-0.699601,0.000000,0.004708,0.008426,-0.000797,0.999953,-0.001516,none,0.250
201,1787195786.759159,camera_init,34.071353,-0.705670,0.000000,0.005332,0.008887,-0.001187,0.999946,-0.002279,none,0.250
202,1787195787.059167,camera_init,34.244721,-0.710619,0.000000,0.005762,0.007686,0.001563,0.999953,0.003215,none,0.250
203,1787195787.359221,camera_init,34.424291,-0.713502,0.000000,0.005336,0.008159,-0.000687,0.999952,-0.001288,none,0.250
204,1787195787.659163,camera_init,34.615578,-0.717690,0.000000,0.004972,0.007000,0.001814,0.999961,0.003697,none,0.250
205,1787195787.959149,camera_init,34.787560,-0.722000,0.000000,0.007096,0.008987,0.002099,0.999932,0.004325,none,0.250
206,1787195788.259157,camera_init,34.959376,-0.727512,0.000000,0.008337,0.007679,0.000849,0.999935,0.001826,none,0.250
207,1787195788.559137,camera_init,35.139818,-0.728062,0.000000,0.006173,0.007281,0.003184,0.999949,0.006458,none,0.250
208,1787195788.859118,camera_init,35.322180,-0.735576,0.000000,0.005233,0.006412,0.002533,0.999963,0.005133,none,0.250
209,1787195789.159104,camera_init,35.510661,-0.738661,0.000000,0.006845,0.009577,0.002825,0.999927,0.005782,none,0.250
210,1787195789.459067,camera_init,35.688937,-0.745608,0.000000,0.006488,0.006590,0.003778,0.999950,0.007642,none,0.250
211,1787195789.758992,camera_init,35.867980,-0.749867,0.000000,0.004777,0.008331,0.003897,0.999946,0.007874,none,0.250
212,1787195790.058996,camera_init,36.049440,-0.746278,0.000000,0.005815,0.007400,0.004657,0.999945,0.009401,none,0.250
213,1787195790.358974,camera_init,36.234313,-0.751001,0.000000,0.008078,0.008274,0.002801,0.999929,0.005737,none,0.250
214,1787195790.659109,camera_init,36.409616,-0.759375,0.000000,0.006455,0.008655,0.001942,0.999940,0.003995,none,0.250
215,1787195790.959099,camera_init,36.590417,-0.761045,0.000000,0.009511,0.009599,0.000240,0.999909,0.000664,none,0.250
216,1787195791.259101,camera_init,36.770887,-0.771278,0.000000,0.008761,0.007555,0.000243,0.999933,0.000619,none,0.250
217,1787195791.558970,camera_init,36.949852,-0.778590,0.000000,0.005665,0.008809,-0.001171,0.999944,-0.002242,none,0.250
218,1787195791.858938,camera_init,37.128770,-0.776889,0.000000,0.007655,0.007213,0.002206,0.999942,0.004523,none,0.250
219,1787195792.159072,camera_init,37.314953,-0.773081,0.000000,0.009354,0.008360,0.000951,0.999921,0.002059,none,0.250
220,1787195792.458963,camera_init,37.491640,-0.784392,0.000000,0.008814,0.006629,0.002431,0.999936,0.004979,none,0.250
221,1787195792.759000,camera_init,37.677732,-0.791569,0.000000,0.005698,0.005900,0.001628,0.999965,0.003323,none,0.250
222,1787195793.058998,camera_init,37.841241,-0.793874,0.000000,0.006700,0.007049,0.001597,0.999951,0.003289,none,0.250
223,1787195793.358973,camera_init,38.019378,-0.796204,0.000000,0.007417,0.007748,-0.000120,0.999942,-0.000125,none,0.250
224,1787195793.658904,camera_init,38.200090,-0.808309,0.000000,0.007243,0.009268,-0.002570,0.999928,-0.005006,none,0.250
225,1787195793.958979,camera_init,38.368856,-0.806535,0.000000,0.007174,0.004395,-0.001409,0.999964,-0.002755,none,0.250
226,1787195794.259081,camera_init,38.540526,-0.812285,0.000000,0.005386,0.004345,-0.000220,0.999976,-0.000393,none,0.250
227,1787195794.558901,camera_init,38.709964,-0.816712,0.000000,0.006414,0.006928,-0.000647,0.999955,-0.001205,none,0.250
228,1787195794.859061,camera_init,38.870455,-0.817485,0.000000,0.007759,0.006641,0.001125,0.999947,0.002353,none,0.250
229,1787195795.159068,camera_init,39.039438,-0.827334,0.000000,0.007700,0.005149,-0.000133,0.999957,-0.000186,none,0.250
230,1787195795.458967,camera_init,39.203261,-0.831132,0.000000,0.008307,0.005432,-0.000956,0.999950,-0.001822,none,0.250
231,1787195795.758891,camera_init,39.365054,-0.836505,0.000000,0.007402,0.005686,-0.000183,0.999956,-0.000283,none,0.250
232,1787195796.058901,camera_init,39.524277,-0.835664,0.000000,0.007209,0.006451,0.000206,0.999953,0.000505,none,0.250
233,1787195796.358791,camera_init,39.693321,-0.852174,0.000000,0.007728,0.009413,-0.008723,0.999888,-0.017302,none,0.250
234,1787195796.759056,camera_init,39.893434,-0.892736,0.000000,0.011047,0.007958,-0.040918,0.999070,-0.081686,none,0.250
235,1787195797.059000,camera_init,40.045839,-0.926827,0.000000,0.011145,0.008095,-0.076249,0.996994,-0.152474,none,0.250
236,1787195797.358826,camera_init,40.193886,-0.980173,0.000000,0.011591,0.007409,-0.111805,0.993635,-0.223914,none,0.250
237,1787195797.658852,camera_init,40.330879,-1.048654,0.000000,0.012667,0.006879,-0.155857,0.987675,-0.312822,none,0.250
238,1787195797.959095,camera_init,40.462362,-1.141020,0.000000,0.015053,0.006493,-0.209187,0.977738,-0.421291,none,0.250
239,1787195798.259055,camera_init,40.595264,-1.254483,0.000000,0.015927,0.007027,-0.267510,0.963398,-0.541402,none,0.250
240,1787195798.559014,camera_init,40.706010,-1.373259,0.000000,0.017056,0.004265,-0.324407,0.945754,-0.660593,none,0.250
241,1787195798.859032,camera_init,40.797698,-1.506764,0.000000,0.020515,0.005430,-0.379414,0.924984,-0.778076,none,0.250
242,1787195799.158930,camera_init,40.885502,-1.649436,0.000000,0.020557,0.004304,-0.426910,0.904050,-0.881930,none,0.250
243,1787195799.458915,camera_init,40.959254,-1.789483,0.000000,0.019954,0.001506,-0.456666,0.889413,-0.948338,none,0.250
244,1787195799.758940,camera_init,41.049951,-1.933847,0.000000,0.019242,0.002657,-0.466420,0.884350,-0.970319,none,0.250
245,1787195800.058913,camera_init,41.127208,-2.078900,0.000000,0.020117,0.001746,-0.486092,0.873674,-1.015073,none,0.250
246,1787195800.358942,camera_init,41.192022,-2.230371,0.000000,0.019684,-0.000167,-0.514890,0.857030,-1.081652,none,0.250
247,1787195800.658873,camera_init,41.245006,-2.392184,0.000000,0.023215,-0.000914,-0.546645,0.837042,-1.156581,none,0.250
248,1787195800.959089,camera_init,41.274989,-2.558300,0.000000,0.020198,0.000171,-0.579981,0.814379,-1.237314,none,0.250
249,1787195801.258924,camera_init,41.305806,-2.729813,0.000000,0.018878,-0.000814,-0.606931,0.794530,-1.304324,none,0.250
250,1787195801.558827,camera_init,41.316014,-2.899309,0.000000,0.020114,-0.001880,-0.640204,0.767939,-1.389487,none,0.250
251,1787195801.859021,camera_init,41.319996,-3.069685,0.000000,0.020293,-0.004149,-0.661450,0.749703,-1.445508,none,0.250
252,1787195802.158990,camera_init,41.342306,-3.237069,0.000000,0.019981,-0.004048,-0.663366,0.748017,-1.450625,none,0.250
253,1787195802.458988,camera_init,41.353331,-3.418498,0.000000,0.021338,-0.003107,-0.666293,0.745378,-1.458441,none,0.250
254,1787195802.758961,camera_init,41.351204,-3.593137,0.000000,0.020690,-0.002400,-0.683280,0.729860,-1.504481,none,0.250
255,1787195803.058952,camera_init,41.360151,-3.778315,0.000000,0.022954,-0.003357,-0.684502,0.728642,-1.507840,none,0.250
256,1787195803.359049,camera_init,41.361509,-3.954958,0.000000,0.026729,-0.003165,-0.690351,0.722974,-1.523944,none,0.250
257,1787195803.658916,camera_init,41.362349,-4.131907,0.000000,0.025026,-0.003092,-0.693831,0.719696,-1.533594,none,0.250
258,1787195803.958853,camera_init,41.359418,-4.305577,0.000000,0.022989,-0.003732,-0.696322,0.717352,-1.540536,none,0.250
259,1787195804.259022,camera_init,41.353937,-4.490021,0.000000,0.023945,-0.003914,-0.700441,0.713298,-1.552053,none,0.250
260,1787195804.558994,camera_init,41.358116,-4.658628,0.000000,0.022383,-0.006684,-0.702533,0.711268,-1.557988,none,0.250
261,1787195804.859017,camera_init,41.351771,-4.842501,0.000000,0.021704,-0.004503,-0.702908,0.710936,-1.558991,none,0.250
262,1787195805.159006,camera_init,41.349699,-5.032087,0.000000,0.022110,-0.004588,-0.700849,0.712952,-1.553212,none,0.250
263,1787195805.458960,camera_init,41.349486,-5.218545,0.000000,0.021755,-0.005525,-0.699087,0.714684,-1.548295,none,0.250
264,1787195805.758848,camera_init,41.355822,-5.404011,0.000000,0.021985,-0.005406,-0.697233,0.716487,-1.543113,none,0.250
265,1787195806.058959,camera_init,41.351093,-5.590620,0.000000,0.025378,-0.003163,-0.699677,0.714001,-1.549901,none,0.250
266,1787195806.358850,camera_init,41.345378,-5.786427,0.000000,0.027217,-0.002682,-0.702909,0.710754,-1.558965,none,0.250
267,1787195806.658928,camera_init,41.339738,-5.972578,0.000000,0.024456,-0.006014,-0.710351,0.703397,-1.580068,none,0.250
268,1787195806.958909,camera_init,41.330795,-6.165085,0.000000,0.024302,-0.003031,-0.715459,0.698225,-1.594593,none,0.250
269,1787195807.259069,camera_init,41.298288,-6.350263,0.000000,0.026013,-0.002249,-0.729746,0.683219,-1.635952,none,0.250
270,1787195807.559039,camera_init,41.263569,-6.534680,0.000000,0.025013,-0.001826,-0.742717,0.669136,-1.674307,none,0.250
271,1787195807.858862,camera_init,41.248783,-6.718298,0.000000,0.026602,-0.001995,-0.745671,0.665781,-1.683167,none,0.250
272,1787195808.159046,camera_init,41.220521,-6.908708,0.000000,0.025936,-0.002661,-0.752586,0.657978,-1.704060,none,0.250
273,1787195808.458929,camera_init,41.183149,-7.070778,0.000000,0.023941,-0.001766,-0.756495,0.653558,-1.715965,none,0.250
274,1787195808.759076,camera_init,41.155348,-7.250632,0.000000,0.022720,-0.004256,-0.756275,0.653845,-1.715299,none,0.250
275,1787195809.058855,camera_init,41.117400,-7.427613,0.000000,0.026052,-0.003782,-0.758973,0.650590,-1.723589,none,0.250
276,1787195809.359048,camera_init,41.087513,-7.606740,0.000000,0.024580,-0.003861,-0.755148,0.655082,-1.711864,none,0.250
277,1787195809.658935,camera_init,41.066692,-7.800114,0.000000,0.025938,-0.001398,-0.748077,0.663103,-1.690406,none,0.250
278,1787195809.959039,camera_init,41.049003,-7.970984,0.000000,0.025558,-0.000963,-0.740269,0.671824,-1.667007,none,0.250
279,1787195810.259039,camera_init,41.036594,-8.152629,0.000000,0.023900,-0.001135,-0.728149,0.685001,-1.631272,none,0.250
280,1787195810.559018,camera_init,41.041869,-8.303816,0.000000,0.023299,-0.001009,-0.710461,0.703350,-1.580314,none,0.250
281,1787195810.858274,camera_init,41.046222,-8.454671,0.000000,0.020655,0.000092,-0.703778,0.710120,-1.561398,none,0.250
282,1787195811.158440,camera_init,41.048017,-8.620806,0.000000,0.019917,-0.000787,-0.699285,0.714565,-1.548788,none,0.250
283,1787195811.458914,camera_init,41.047668,-8.800084,0.000000,0.021802,-0.000832,-0.697712,0.716046,-1.544388,none,0.250
284,1787195811.758874,camera_init,41.041606,-8.995097,0.000000,0.024203,0.000024,-0.697772,0.715911,-1.544549,none,0.250
285,1787195812.059033,camera_init,41.045971,-9.185919,0.000000,0.024319,-0.000139,-0.699714,0.714009,-1.549982,none,0.250
286,1787195812.358974,camera_init,41.038342,-9.379779,0.000000,0.019708,-0.001253,-0.701022,0.712867,-1.553655,none,0.250
287,1787195812.659047,camera_init,41.029548,-9.573916,0.000000,0.019616,-0.000278,-0.702350,0.711562,-1.557382,none,0.250
288,1787195812.958959,camera_init,41.026158,-9.762227,0.000000,0.022798,0.001181,-0.703966,0.709867,-1.561929,none,0.250
289,1787195813.258972,camera_init,41.021333,-9.936171,0.000000,0.021578,-0.000490,-0.704670,0.709207,-1.563914,none,0.250
290,1787195813.559007,camera_init,41.022823,-10.120534,0.000000,0.019327,-0.001282,-0.704610,0.709330,-1.563749,none,0.250
291,1787195813.858901,camera_init,41.018238,-10.319663,0.000000,0.022985,0.001885,-0.702763,0.711050,-1.558547,none,0.250
292,1787195814.158873,camera_init,41.010254,-10.516486,0.000000,0.023935,0.002406,-0.704485,0.709311,-1.563400,none,0.250
293,1787195814.458875,camera_init,41.002023,-10.697476,0.000000,0.025538,0.000580,-0.707541,0.706211,-1.572026,none,0.250
294,1787195814.758948,camera_init,41.000316,-10.876559,0.000000,0.024323,-0.000847,-0.709217,0.704570,-1.576779,none,0.250
295,1787195815.058957,camera_init,40.986133,-11.060855,0.000000,0.020794,-0.003358,-0.710228,0.703656,-1.579670,none,0.250
296,1787195815.359007,camera_init,40.976309,-11.253932,0.000000,0.022258,-0.003521,-0.711079,0.702751,-1.582093,none,0.250
297,1787195815.658860,camera_init,40.968461,-11.441476,0.000000,0.022029,-0.002575,-0.711602,0.702232,-1.583570,none,0.250
298,1787195815.958886,camera_init,40.961154,-11.636474,0.000000,0.022183,-0.003260,-0.711794,0.702030,-1.584124,none,0.250
299,1787195816.258802,camera_init,40.960431,-11.800266,0.000000,0.021834,-0.003448,-0.710210,0.703643,-1.579620,none,0.250
300,1787195816.558855,camera_init,40.952969,-11.970179,0.000000,0.021899,-0.002899,-0.708983,0.704879,-1.576129,none,0.250
301,1787195816.859065,camera_init,40.950406,-12.150221,0.000000,0.023152,-0.003396,-0.707718,0.706107,-1.572550,none,0.250
302,1787195817.158913,camera_init,40.939668,-12.333702,0.000000,0.026069,-0.002446,-0.707994,0.705733,-1.573322,none,0.250
303,1787195817.459005,camera_init,40.934549,-12.527717,0.000000,0.024830,-0.001672,-0.707782,0.705992,-1.572714,none,0.250
304,1787195817.759072,camera_init,40.929437,-12.703239,0.000000,0.023978,-0.001329,-0.709294,0.704504,-1.576999,none,0.250
305,1787195818.059031,camera_init,40.923672,-12.877293,0.000000,0.024226,-0.002053,-0.706936,0.706859,-1.570323,none,0.250
306,1787195818.359029,camera_init,40.922593,-13.069651,0.000000,0.023197,-0.003528,-0.706075,0.707748,-1.567904,none,0.250
307,1787195818.660137,camera_init,40.914485,-13.242694,0.000000,0.022156,-0.006691,-0.706245,0.707589,-1.568451,none,0.250
308,1787195818.959029,camera_init,40.908201,-13.417944,0.000000,0.023425,-0.002449,-0.705997,0.707823,-1.567670,none,0.250
309,1787195819.258992,camera_init,40.903957,-13.605656,0.000000,0.027056,-0.000219,-0.707449,0.706246,-1.571767,none,0.250
310,1787195819.558873,camera_init,40.897156,-13.793833,0.000000,0.026529,-0.000547,-0.710017,0.703684,-1.579052,none,0.250
311,1787195819.859049,camera_init,40.891261,-13.972164,0.000000,0.026540,-0.001973,-0.712279,0.701392,-1.585496,none,0.250
312,1787195820.159172,camera_init,40.884859,-14.162906,0.000000,0.024592,-0.005325,-0.712025,0.701703,-1.584819,none,0.250
313,1787195820.459260,camera_init,40.875078,-14.346777,0.000000,0.023918,-0.006194,-0.712938,0.700792,-1.587440,none,0.250
314,1787195820.758897,camera_init,40.867663,-14.528935,0.000000,0.022868,-0.006926,-0.713325,0.700426,-1.588564,none,0.250
315,1787195821.058271,camera_init,40.860513,-14.716521,0.000000,0.026115,-0.007514,-0.712729,0.700913,-1.586881,none,0.250
316,1787195821.358938,camera_init,40.860751,-14.902505,0.000000,0.027794,-0.004751,-0.709168,0.704475,-1.576684,none,0.250
317,1787195821.659173,camera_init,40.850708,-15.095998,0.000000,0.026394,-0.005818,-0.708940,0.704751,-1.576057,none,0.250
318,1787195821.959016,camera_init,40.842799,-15.282763,0.000000,0.025050,-0.006114,-0.707945,0.705797,-1.573244,none,0.250
319,1787195822.259183,camera_init,40.835168,-15.474014,0.000000,0.026671,-0.007458,-0.707506,0.706165,-1.572037,none,0.250
320,1787195822.560103,camera_init,40.825953,-15.675171,0.000000,0.026915,-0.006155,-0.709456,0.704209,-1.577531,none,0.250
321,1787195822.858914,camera_init,40.821200,-15.862013,0.000000,0.025313,-0.004761,-0.708241,0.705501,-1.574053,none,0.250
322,1787195823.160067,camera_init,40.818554,-16.051671,0.000000,0.024538,-0.004573,-0.705932,0.707839,-1.567518,none,0.250
323,1787195823.458897,camera_init,40.815551,-16.238909,0.000000,0.025729,-0.007347,-0.705174,0.708529,-1.565445,none,0.250
324,1787195823.758888,camera_init,40.811415,-16.423281,0.000000,0.025580,-0.005735,-0.702904,0.710802,-1.559005,none,0.250
325,1787195824.060033,camera_init,40.810668,-16.628731,0.000000,0.026713,-0.001351,-0.698587,0.715025,-1.546830,none,0.250
326,1787195824.358892,camera_init,40.813839,-16.814997,0.000000,0.024301,-0.002733,-0.695597,0.718016,-1.538500,none,0.250
327,1787195824.658855,camera_init,40.814824,-17.005129,0.000000,0.025465,-0.002872,-0.693960,0.719558,-1.533947,none,0.250
328,1787195824.959231,camera_init,40.808776,-17.192828,0.000000,0.027736,-0.001156,-0.694868,0.718601,-1.536453,none,0.250
329,1787195825.259180,camera_init,40.815468,-17.376717,0.000000,0.025884,-0.002104,-0.695233,0.718315,-1.537479,none,0.250
330,1787195825.559187,camera_init,40.817589,-17.551535,0.000000,0.026227,-0.001392,-0.693598,0.719883,-1.532925,none,0.250
331,1787195825.859225,camera_init,40.815235,-17.755023,0.000000,0.025622,-0.002276,-0.694811,0.718732,-1.536307,none,0.250
332,1787195826.158864,camera_init,40.810866,-17.939355,0.000000,0.024923,-0.004658,-0.700857,0.712851,-1.553234,none,0.250
333,1787195826.459226,camera_init,40.810286,-18.122364,0.000000,0.025915,-0.005512,-0.700485,0.713175,-1.552206,none,0.250
334,1787195826.759137,camera_init,40.811067,-18.310739,0.000000,0.026707,-0.004438,-0.703617,0.710064,-1.560983,none,0.250
335,1787195827.059148,camera_init,40.803624,-18.489404,0.000000,0.026123,-0.002540,-0.702929,0.710776,-1.559020,none,0.250
336,1787195827.358886,camera_init,40.798981,-18.675200,0.000000,0.025044,-0.002576,-0.703982,0.709772,-1.561986,none,0.250
337,1787195827.660016,camera_init,40.791536,-18.853632,0.000000,0.023983,-0.007627,-0.706632,0.707134,-1.569569,none,0.250
338,1787195827.959954,camera_init,40.784073,-19.037911,0.000000,0.024486,-0.005193,-0.708656,0.705110,-1.575240,none,0.250
339,1787195828.260032,camera_init,40.786768,-19.216625,0.000000,0.022214,-0.004152,-0.707022,0.706830,-1.570592,none,0.250
340,1787195828.558864,camera_init,40.777426,-19.403744,0.000000,0.023032,-0.004415,-0.709702,0.704112,-1.578191,none,0.250
341,1787195828.859934,camera_init,40.777891,-19.593543,0.000000,0.023350,-0.006310,-0.710235,0.703549,-1.579746,none,0.250
342,1787195829.159965,camera_init,40.766717,-19.777379,0.000000,0.021636,-0.007095,-0.708921,0.704921,-1.576035,none,0.250
343,1787195829.459103,camera_init,40.755229,-19.974447,0.000000,0.020156,-0.006846,-0.711137,0.702731,-1.582323,none,0.250
344,1787195829.759014,camera_init,40.750087,-20.161311,0.000000,0.022670,-0.005047,-0.709402,0.704421,-1.577353,none,0.250
345,1787195830.058878,camera_init,40.749405,-20.348921,0.000000,0.021960,-0.004955,-0.707907,0.705946,-1.573112,none,0.250
346,1787195830.358824,camera_init,40.737079,-20.533132,0.000000,0.027029,-0.005921,-0.709734,0.703927,-1.578314,none,0.250
347,1787195830.658906,camera_init,40.729481,-20.721059,0.000000,0.023505,-0.004100,-0.708802,0.705004,-1.575632,none,0.250
348,1787195830.958958,camera_init,40.725519,-20.908833,0.000000,0.021713,-0.002936,-0.707180,0.706694,-1.571020,none,0.250
349,1787195831.258346,camera_init,40.720026,-21.087129,0.000000,0.025109,-0.002592,-0.707687,0.706075,-1.572454,none,0.250
350,1787195831.559035,camera_init,40.719358,-21.280449,0.000000,0.025110,-0.003114,-0.707975,0.705784,-1.573273,none,0.250
351,1787195831.859848,camera_init,40.712273,-21.474260,0.000000,0.026790,-0.004101,-0.705956,0.707737,-1.567576,none,0.250
352,1787195832.159933,camera_init,40.707228,-21.662424,0.000000,0.024403,-0.003073,-0.706497,0.707289,-1.569089,none,0.250
353,1787195832.459829,camera_init,40.696733,-21.848251,0.000000,0.022771,-0.004872,-0.706339,0.707491,-1.568673,none,0.250
354,1787195832.759870,camera_init,40.694684,-22.042434,0.000000,0.022928,-0.003667,-0.706135,0.707697,-1.568074,none,0.250
355,1787195833.059853,camera_init,40.684648,-22.228583,0.000000,0.022392,-0.005741,-0.706589,0.707246,-1.569399,none,0.250
356,1787195833.359909,camera_init,40.679263,-22.427384,0.000000,0.021686,-0.005915,-0.706436,0.707420,-1.568969,none,0.250
357,1787195833.658858,camera_init,40.674109,-22.614774,0.000000,0.020002,-0.005822,-0.706745,0.707161,-1.569842,none,0.250
358,1787195833.959901,camera_init,40.667526,-22.797799,0.000000,0.020793,-0.006254,-0.706856,0.707024,-1.570166,none,0.250
359,1787195834.259766,camera_init,40.662843,-22.975945,0.000000,0.020693,-0.007721,-0.707036,0.706833,-1.570715,none,0.250
360,1787195834.559113,camera_init,40.663910,-23.162331,0.000000,0.024420,-0.004930,-0.704909,0.708860,-1.564636,none,0.250
361,1787195834.859741,camera_init,40.652106,-23.330956,0.000000,0.024468,-0.003400,-0.706378,0.707403,-1.568759,none,0.250
362,1787195835.159750,camera_init,40.649365,-23.507246,0.000000,0.027072,-0.003814,-0.705790,0.707893,-1.567103,none,0.250
363,1787195835.459071,camera_init,40.645354,-23.681112,0.000000,0.025804,-0.002415,-0.704864,0.708869,-1.564472,none,0.250
364,1787195835.758986,camera_init,40.635813,-23.850613,0.000000,0.026983,-0.001663,-0.705420,0.708274,-1.566033,none,0.250
365,1787195836.059826,camera_init,40.634012,-24.021445,0.000000,0.025305,-0.004514,-0.704059,0.709676,-1.562231,none,0.250
366,1787195836.358939,camera_init,40.627891,-24.194598,0.000000,0.024956,-0.006044,-0.704859,0.708882,-1.564521,none,0.250
367,1787195836.659704,camera_init,40.623382,-24.365309,0.000000,0.023987,-0.001411,-0.703363,0.710425,-1.560232,none,0.250
368,1787195836.959079,camera_init,40.620731,-24.531240,0.000000,0.026098,-0.005077,-0.703503,0.710195,-1.560677,none,0.250
369,1787195837.259686,camera_init,40.620850,-24.707497,0.000000,0.025543,-0.005315,-0.702299,0.711404,-1.557295,none,0.250
370,1787195837.559676,camera_init,40.615455,-24.878768,0.000000,0.024325,-0.004200,-0.701799,0.711947,-1.555870,none,0.250
371,1787195837.859715,camera_init,40.614624,-25.048822,0.000000,0.024134,-0.004918,-0.701497,0.712247,-1.555035,none,0.250
372,1787195838.159790,camera_init,40.611321,-25.225217,0.000000,0.024672,-0.005766,-0.700611,0.713093,-1.552568,none,0.250
373,1787195838.459765,camera_init,40.610140,-25.398712,0.000000,0.026875,-0.004859,-0.701547,0.712100,-1.555172,none,0.250
374,1787195838.759739,camera_init,40.611635,-25.575452,0.000000,0.027463,-0.004398,-0.701867,0.711765,-1.556060,none,0.250
375,1787195839.059714,camera_init,40.607024,-25.741604,0.000000,0.026397,-0.004455,-0.701959,0.711714,-1.556321,none,0.250
376,1787195839.359740,camera_init,40.601212,-25.894951,0.000000,0.023421,-0.002607,-0.701333,0.712444,-1.554537,none,0.250
377,1787195839.659791,camera_init,40.598221,-26.056307,0.000000,0.022704,-0.004335,-0.701461,0.712333,-1.554922,none,0.250
378,1787195840.059698,camera_init,40.599783,-26.256617,0.000000,0.022378,-0.004508,-0.700322,0.713462,-1.551731,none,0.250
379,1787195840.359692,camera_init,40.588758,-26.414890,0.000000,0.020369,-0.007666,-0.701047,0.712783,-1.553845,none,0.250
380,1787195840.659621,camera_init,40.587160,-26.586402,0.000000,0.021941,-0.005753,-0.701062,0.712739,-1.553834,none,0.250
381,1787195840.959620,camera_init,40.587899,-26.752980,0.000000,0.025956,-0.002486,-0.701120,0.712567,-1.553937,none,0.250
382,1787195841.258391,camera_init,40.587604,-26.921909,0.000000,0.026428,-0.003373,-0.698165,0.715441,-1.545672,none,0.250
383,1787195841.559617,camera_init,40.578584,-27.087040,0.000000,0.024895,-0.003795,-0.698496,0.715171,-1.546606,none,0.250
384,1787195841.858564,camera_init,40.579030,-27.253318,0.000000,0.026149,-0.003716,-0.698594,0.715031,-1.546877,none,0.250
385,1787195842.159604,camera_init,40.574397,-27.424777,0.000000,0.026092,-0.003651,-0.697373,0.716224,-1.543464,none,0.250
386,1787195842.459534,camera_init,40.575599,-27.587429,0.000000,0.025221,-0.004592,-0.697417,0.716207,-1.543606,none,0.250
387,1787195842.759721,camera_init,40.572454,-27.758290,0.000000,0.025179,-0.005048,-0.697642,0.715986,-1.544244,none,0.250
388,1787195843.059701,camera_init,40.571692,-27.924286,0.000000,0.026945,-0.003811,-0.698540,0.715053,-1.546728,none,0.250
389,1787195843.358881,camera_init,40.554703,-28.092282,0.000000,0.026494,-0.004655,-0.710835,0.702845,-1.581416,none,0.250
390,1787195843.658851,camera_init,40.530002,-28.257092,0.000000,0.027148,-0.005194,-0.732349,0.680368,-1.643624,none,0.250
391,1787195843.959552,camera_init,40.483700,-28.428022,0.000000,0.027850,-0.005570,-0.759993,0.649310,-1.726764,none,0.250
392,1787195844.259621,camera_init,40.417721,-28.585036,0.000000,0.033771,-0.003807,-0.788076,0.614639,-1.815679,none,0.250
393,1787195844.559587,camera_init,40.333136,-28.715855,0.000000,0.034080,-0.005488,-0.821867,0.568633,-1.929890,none,0.250
394,1787195844.958915,camera_init,40.209085,-28.859996,0.000000,-0.032772,0.006961,0.865611,-0.499595,-2.093564,none,0.250
395,1787195845.359643,camera_init,40.069775,-28.989362,0.000000,-0.032172,0.009915,0.898848,-0.436965,-2.235466,none,0.250
396,1787195845.759532,camera_init,39.911390,-29.104309,0.000000,-0.030376,0.009615,0.925716,-0.376876,-2.367338,none,0.250
397,1787195846.059621,camera_init,39.767924,-29.181710,0.000000,-0.028178,0.009608,0.945001,-0.325711,-2.476900,none,0.250
398,1787195846.359493,camera_init,39.628670,-29.240828,0.000000,-0.027303,0.010260,0.960873,-0.275448,-2.582423,none,0.250
399,1787195846.659496,camera_init,39.484139,-29.287028,0.000000,-0.025448,0.010503,0.972980,-0.229242,-2.678098,none,0.250
400,1787195846.958842,camera_init,39.329015,-29.340680,0.000000,-0.027005,0.009792,0.979715,-0.198327,-2.741389,none,0.250
401,1787195847.259536,camera_init,39.183505,-29.397925,0.000000,-0.026248,0.009015,0.980048,-0.196813,-2.744554,none,0.250
402,1787195847.559577,camera_init,39.028188,-29.459583,0.000000,-0.027767,0.008733,0.979858,-0.197561,-2.742966,none,0.250
403,1787195847.859563,camera_init,38.881909,-29.520083,0.000000,-0.027491,0.008567,0.980531,-0.194240,-2.749768,none,0.250
404,1787195848.159557,camera_init,38.739471,-29.577542,0.000000,-0.027278,0.008646,0.980870,-0.192551,-2.753219,none,0.250
405,1787195848.558848,camera_init,38.555325,-29.638854,0.000000,-0.026896,0.009989,0.983709,-0.177463,-2.783905,none,0.250
406,1787195848.959409,camera_init,38.384087,-29.661253,0.000000,-0.028594,0.011520,0.991072,-0.129718,-2.880485,none,0.250
407,1787195849.358970,camera_init,38.210631,-29.657836,0.000000,-0.024903,0.011552,0.996571,-0.078061,-2.984608,none,0.250
408,1787195849.759394,camera_init,38.046629,-29.646929,0.000000,-0.025434,0.011552,0.999114,-0.031474,-3.077989,none,0.250
409,1787195850.259531,camera_init,37.863106,-29.592574,0.000000,-0.023832,0.011785,0.998832,0.040351,3.061366,none,0.250
410,1787195850.659450,camera_init,37.698518,-29.563509,0.000000,-0.024730,0.013193,0.998160,0.053762,3.034577,none,0.250
411,1787195851.359368,camera_init,37.523715,-29.546336,0.000000,-0.023527,0.012033,0.998066,0.056260,3.029492,none,0.250
412,1787195851.959492,camera_init,37.350189,-29.529149,0.000000,-0.024871,0.013479,0.998382,0.049331,3.043476,none,0.250
413,1787195852.759363,camera_init,37.194310,-29.524471,0.000000,-0.023473,0.009377,0.999241,0.029625,3.082727,none,0.250
414,1787195853.559386,camera_init,37.026648,-29.528980,0.000000,-0.025968,0.010742,0.999600,-0.003150,-3.134729,none,0.250
415,1787195854.359439,camera_init,36.861234,-29.543394,0.000000,-0.026840,0.010177,0.999306,-0.023739,-3.093515,none,0.250
416,1787195855.159415,camera_init,36.700088,-29.534215,0.000000,-0.027020,0.014483,0.999453,-0.012435,-3.115913,none,0.250
417,1787195855.959038,camera_init,36.530229,-29.533908,0.000000,-0.026926,0.014480,0.999487,-0.009582,-3.121629,none,0.250
418,1787195856.659205,camera_init,36.378865,-29.528941,0.000000,-0.025832,0.010710,0.999567,-0.009196,-3.122629,none,0.250
419,1787195857.559208,camera_init,36.217104,-29.521032,0.000000,-0.026442,0.012469,0.999569,-0.002607,-3.135713,none,0.250
420,1787195858.259181,camera_init,36.063364,-29.516136,0.000000,-0.027836,0.012221,0.999524,0.005330,3.131603,none,0.250
421,1787195859.059170,camera_init,35.911928,-29.508524,0.000000,-0.026254,0.012009,0.999563,0.006423,3.129366,none,0.250
422,1787195859.859188,camera_init,35.748442,-29.508575,0.000000,-0.026809,0.014100,0.999533,0.004096,3.134150,none,0.250
423,1787195860.759198,camera_init,35.585716,-29.503061,0.000000,-0.027419,0.014497,0.999513,0.003480,3.135421,none,0.250
424,1787195862.059187,camera_init,35.423437,-29.499345,0.000000,-0.025550,0.011499,0.999607,0.001310,3.139559,none,0.250
425,1787195863.059105,camera_init,35.272601,-29.494041,0.000000,-0.026444,0.013301,0.999562,0.000510,3.141276,none,0.250
426,1787195864.159131,camera_init,35.110891,-29.488112,0.000000,-0.025827,0.013828,0.999571,-0.000525,-3.139827,none,0.250
427,1787195864.959084,camera_init,34.943578,-29.482839,0.000000,-0.024894,0.014451,0.999583,0.002287,3.137736,none,0.250
428,1787195865.759040,camera_init,34.785370,-29.473840,0.000000,-0.025181,0.014565,0.999573,0.002741,3.136840,none,0.250
429,1787195910.958915,camera_init,34.626491,-29.471678,0.000000,-0.026879,0.012821,0.999550,0.003540,3.135196,none,0.250
430,1787195912.959802,camera_init,34.463626,-29.480258,0.000000,-0.025736,0.013550,0.999406,-0.018485,-3.103889,none,0.250
431,1787195914.359824,camera_init,34.311560,-29.465233,0.000000,-0.026827,0.015384,0.999522,-0.000322,-3.140121,none,0.250
432,1787195915.659751,camera_init,34.147635,-29.456210,0.000000,-0.027113,0.015293,0.999515,-0.000553,-3.139654,none,0.250
433,1787195917.158903,camera_init,33.984850,-29.451837,0.000000,-0.026137,0.014742,0.999547,0.002278,3.137804,none,0.250
434,1787195918.558960,camera_init,33.834300,-29.445884,0.000000,-0.026036,0.013280,0.999567,0.003531,3.135216,none,0.250
435,1787195919.959702,camera_init,33.671439,-29.442850,0.000000,-0.028593,0.013587,0.999497,0.001721,3.138925,none,0.250
436,1787195921.459641,camera_init,33.516991,-29.442217,0.000000,-0.028394,0.015132,0.999481,0.001852,3.138745,none,0.250
437,1787195923.159563,camera_init,33.366188,-29.433909,0.000000,-0.027448,0.015238,0.999493,0.005298,3.131824,none,0.250
438,1787195935.859358,camera_init,33.370112,-29.434129,0.000000,-0.027186,0.016177,0.999485,0.005331,3.131802,ext:piper_stop_1,0.250
439,1787195978.159199,camera_init,33.207326,-29.425315,0.000000,-0.027387,0.014446,0.999510,0.004598,3.133180,none,0.250
440,1787195979.559201,camera_init,33.054503,-29.416376,0.000000,-0.025887,0.013222,0.999418,0.017857,3.106530,none,0.250
441,1787195981.059269,camera_init,32.902878,-29.408948,0.000000,-0.026692,0.016036,0.999263,0.022443,3.097518,none,0.250
442,1787195983.859076,camera_init,32.751872,-29.404349,0.000000,-0.027723,0.015515,0.999452,0.009257,3.123921,none,0.250
443,1787195986.158959,camera_init,32.597966,-29.396524,0.000000,-0.026899,0.015083,0.999413,0.014941,3.112492,none,0.250
444,1787195989.258889,camera_init,32.441009,-29.391527,0.000000,-0.027292,0.014900,0.999487,0.007687,3.127017,none,0.250
445,1787195992.458906,camera_init,32.290668,-29.391518,0.000000,-0.027256,0.014651,0.999521,-0.000701,-3.139389,none,0.250
446,1787196021.359291,camera_init,32.248018,-29.384523,0.000000,-0.028444,0.013750,0.999499,-0.001698,-3.137409,ext:piper_stop_2,0.250
447,1787196041.858943,camera_init,32.094951,-29.390880,0.000000,-0.027308,0.013239,0.999539,-0.001087,-3.138692,none,0.250
448,1787196048.658869,camera_init,31.944519,-29.389354,0.000000,-0.028159,0.014313,0.999501,-0.000078,-3.140629,none,0.250
449,1787196065.459096,camera_init,31.863552,-29.371059,0.000000,-0.027589,0.014125,0.999517,0.002452,3.137464,ext:piper_stop_3,0.250
450,1787196077.459893,camera_init,31.705752,-29.376166,0.000000,-0.029346,0.015350,0.999451,-0.000673,-3.139343,none,0.250
451,1787196079.059755,camera_init,31.555824,-29.364065,0.000000,-0.026111,0.013678,0.999559,0.003511,3.135280,none,0.250
452,1787196112.258986,camera_init,31.440683,-29.364360,0.000000,-0.026804,0.012365,0.999546,0.006011,3.130222,ext:piper_stop_4,0.250
453,1787196144.659128,camera_init,31.280432,-29.353541,0.000000,-0.026122,0.013297,0.999550,0.006310,3.129656,none,0.250
454,1787196145.559192,camera_init,31.123395,-29.344102,0.000000,-0.027804,0.011698,0.999519,0.007133,3.127963,none,0.250
455,1787196146.459081,camera_init,30.963384,-29.344697,0.000000,-0.026903,0.013771,0.999505,0.008738,3.124840,none,0.250
456,1787196147.159153,camera_init,30.793792,-29.338246,0.000000,-0.027554,0.013248,0.999501,0.007988,3.126331,none,0.250
457,1787196147.859110,camera_init,30.635962,-29.340571,0.000000,-0.028012,0.012410,0.999486,-0.009462,-3.121951,none,0.250
458,1787196148.660219,camera_init,30.473445,-29.389105,0.000000,-0.028429,0.010525,0.995695,-0.087591,-2.965393,none,0.250
459,1787196149.459093,camera_init,30.323942,-29.478499,0.000000,-0.027748,0.010208,0.984625,-0.172160,-2.794637,none,0.250
460,1787196149.959082,camera_init,30.174685,-29.555095,0.000000,-0.027767,0.011698,0.976483,-0.213478,-2.710270,none,0.250
461,1787196150.459118,camera_init,30.034278,-29.641318,0.000000,-0.026377,0.008594,0.971805,-0.234149,-2.668033,none,0.250
462,1787196150.958995,camera_init,29.874648,-29.720050,0.000000,-0.027745,0.008643,0.968058,-0.249036,-2.637249,none,0.250
463,1787196151.458986,camera_init,29.711548,-29.803571,0.000000,-0.028748,0.010287,0.966785,-0.253760,-2.627347,none,0.250
464,1787196151.959118,camera_init,29.573802,-29.885281,0.000000,-0.024014,0.011602,0.965906,-0.257516,-2.619797,none,0.250
465,1787196152.458940,camera_init,29.416413,-29.969127,0.000000,-0.026168,0.012001,0.964582,-0.262206,-2.609935,none,0.250
466,1787196152.959049,camera_init,29.271661,-30.063276,0.000000,-0.027184,0.011467,0.962689,-0.268998,-2.595796,none,0.250
467,1787196153.460019,camera_init,29.133169,-30.159782,0.000000,-0.026777,0.012120,0.959111,-0.281499,-2.569771,none,0.250
468,1787196153.958956,camera_init,28.987714,-30.248025,0.000000,-0.027918,0.010619,0.957333,-0.287440,-2.557356,none,0.250
469,1787196154.463321,camera_init,28.857305,-30.331212,0.000000,-0.028061,0.011213,0.957084,-0.288232,-2.555667,none,0.250
470,1787196154.960047,camera_init,28.706298,-30.420127,0.000000,-0.028612,0.012555,0.956893,-0.288754,-2.554481,none,0.250
471,1787196155.458865,camera_init,28.556209,-30.509913,0.000000,-0.028784,0.009753,0.956977,-0.288569,-2.554975,none,0.250
472,1787196155.959051,camera_init,28.416310,-30.600917,0.000000,-0.028808,0.011096,0.957214,-0.287730,-2.556671,none,0.250
473,1787196156.458953,camera_init,28.276681,-30.667378,0.000000,-0.030446,0.012100,0.961184,-0.273958,-2.585236,none,0.250
474,1787196157.058964,camera_init,28.118364,-30.728314,0.000000,-0.029673,0.014320,0.971063,-0.236538,-2.662659,none,0.250
475,1787196157.658996,camera_init,27.955563,-30.784886,0.000000,-0.027616,0.013813,0.977056,-0.210731,-2.715810,none,0.250
476,1787196158.160015,camera_init,27.797275,-30.849785,0.000000,-0.027628,0.013382,0.977703,-0.207738,-2.721955,none,0.250
477,1787196158.658882,camera_init,27.645668,-30.907035,0.000000,-0.027895,0.012416,0.977950,-0.206595,-2.724322,none,0.250
478,1787196159.059987,camera_init,27.499851,-30.959252,0.000000,-0.030339,0.012482,0.980385,-0.194342,-2.749213,none,0.250
479,1787196159.558859,camera_init,27.332858,-30.993130,0.000000,-0.029148,0.013499,0.988108,-0.150368,-2.838603,none,0.250
480,1787196160.058882,camera_init,27.159491,-31.016531,0.000000,-0.029657,0.014513,0.992283,-0.119516,-2.900860,none,0.250
481,1787196160.458848,camera_init,27.008807,-31.025726,0.000000,-0.028573,0.013540,0.995524,-0.089063,-2.962266,none,0.250
482,1787196160.959871,camera_init,26.845670,-31.034749,0.000000,-0.027305,0.012351,0.997269,-0.067498,-3.005685,none,0.250
483,1787196161.459849,camera_init,26.667836,-31.056559,0.000000,-0.025402,0.013774,0.997534,-0.063955,-3.012789,none,0.250
484,1787196161.958858,camera_init,26.492323,-31.071026,0.000000,-0.025129,0.013595,0.998251,-0.051746,-3.037285,none,0.250
485,1787196162.460021,camera_init,26.332095,-31.043438,0.000000,-0.026919,0.014796,0.999497,-0.007928,-3.124923,none,0.250
486,1787196162.958961,camera_init,26.160275,-31.014268,0.000000,-0.026723,0.013260,0.999227,0.025597,3.091052,none,0.250
487,1787196163.459898,camera_init,25.999763,-30.979585,0.000000,-0.026403,0.013704,0.997632,0.062019,3.018075,none,0.250
488,1787196163.959916,camera_init,25.852453,-30.936945,0.000000,-0.025020,0.012817,0.995617,0.089202,2.963430,none,0.250
489,1787196164.559970,camera_init,25.679996,-30.886670,0.000000,-0.026177,0.013557,0.993738,0.107772,2.926121,none,0.250
490,1787196165.059814,camera_init,25.515889,-30.848651,0.000000,-0.025910,0.015867,0.993391,0.110683,2.920379,none,0.250
491,1787196165.559864,camera_init,25.361981,-30.803615,0.000000,-0.026814,0.016805,0.992607,0.117173,2.907364,none,0.250
492,1787196166.059910,camera_init,25.214678,-30.750939,0.000000,-0.024533,0.015313,0.991451,0.127234,2.886960,none,0.250
493,1787196166.559761,camera_init,25.043969,-30.686951,0.000000,-0.024560,0.014143,0.987988,0.151910,2.837010,none,0.250
494,1787196166.959831,camera_init,24.905613,-30.616577,0.000000,-0.025473,0.014953,0.982473,0.184048,2.771779,none,0.250
495,1787196167.359793,camera_init,24.758589,-30.552886,0.000000,-0.026561,0.016362,0.982072,0.185909,2.768065,none,0.250
496,1787196167.859790,camera_init,24.594690,-30.474919,0.000000,-0.027192,0.016539,0.979569,0.198576,2.742225,none,0.250
497,1787196168.359722,camera_init,24.451398,-30.407570,0.000000,-0.025987,0.015531,0.979606,0.198634,2.742055,none,0.250
498,1787196168.859759,camera_init,24.301811,-30.339341,0.000000,-0.025511,0.013537,0.980192,0.195931,2.747471,none,0.250
499,1787196169.359819,camera_init,24.148653,-30.261352,0.000000,-0.026061,0.013030,0.977195,0.210335,2.717985,none,0.250
500,1787196169.859711,camera_init,24.013568,-30.167107,0.000000,-0.024088,0.012896,0.968300,0.248290,2.639919,none,0.250
501,1787196170.359720,camera_init,23.892881,-30.074244,0.000000,-0.023372,0.011878,0.963726,0.265603,2.604015,none,0.250
502,1787196170.759692,camera_init,23.753935,-29.996915,0.000000,-0.021700,0.009305,0.962438,0.270473,2.593811,none,0.250
503,1787196171.259689,camera_init,23.602424,-29.904499,0.000000,-0.021398,0.008998,0.962540,0.270143,2.594491,none,0.250
504,1787196171.759663,camera_init,23.451836,-29.813072,0.000000,-0.023219,0.006902,0.962404,0.270538,2.593541,none,0.250
505,1787196172.259616,camera_init,23.306121,-29.712238,0.000000,-0.023772,0.009616,0.962126,0.271396,2.591865,none,0.250
506,1787196172.759663,camera_init,23.165404,-29.609720,0.000000,-0.023273,0.008868,0.962135,0.271434,2.591762,none,0.250
507,1787196173.159577,camera_init,23.034187,-29.530665,0.000000,-0.023490,0.010130,0.963057,0.268080,2.598787,none,0.250
508,1787196173.659719,camera_init,22.878319,-29.442977,0.000000,-0.023663,0.011830,0.962904,0.268545,2.597895,none,0.250
509,1787196174.159578,camera_init,22.735865,-29.343800,0.000000,-0.023080,0.009918,0.962911,0.268646,2.597609,none,0.250
510,1787196174.659586,camera_init,22.592929,-29.249475,0.000000,-0.023532,0.013750,0.963011,0.268082,2.598949,none,0.250
511,1787196175.159695,camera_init,22.449246,-29.161457,0.000000,-0.024815,0.014552,0.964793,0.261432,2.612777,none,0.250
512,1787196175.659640,camera_init,22.293258,-29.074025,0.000000,-0.023732,0.013181,0.969097,0.245181,2.646358,none,0.250
513,1787196176.159579,camera_init,22.138718,-29.002764,0.000000,-0.023473,0.013560,0.973909,0.225314,2.687304,none,0.250
514,1787196176.559706,camera_init,22.001192,-28.939077,0.000000,-0.024132,0.012099,0.977173,0.210721,2.717163,none,0.250
515,1787196177.059558,camera_init,21.850600,-28.871786,0.000000,-0.026557,0.013696,0.978763,0.202805,2.733428,none,0.250
516,1787196177.459539,camera_init,21.710761,-28.807702,0.000000,-0.026850,0.015405,0.978859,0.202179,2.734799,none,0.250
517,1787196177.959666,camera_init,21.552548,-28.736871,0.000000,-0.027583,0.012727,0.979575,0.198770,2.741615,none,0.250
518,1787196178.459658,camera_init,21.395977,-28.669101,0.000000,-0.024908,0.010866,0.981637,0.188811,2.761866,none,0.250
519,1787196178.959649,camera_init,21.240318,-28.627313,0.000000,-0.028244,0.013003,0.987558,0.154149,2.832418,none,0.250
520,1787196179.559598,camera_init,21.081793,-28.607623,0.000000,-0.028228,0.013814,0.994578,0.099132,2.943550,none,0.250
521,1787196180.059534,camera_init,20.927820,-28.584174,0.000000,-0.026306,0.014321,0.996366,0.079729,2.982561,none,0.250
522,1787196180.559567,camera_init,20.777302,-28.561548,0.000000,-0.026626,0.013258,0.997071,0.070467,3.001104,none,0.250
523,1787196181.059576,camera_init,20.601551,-28.535901,0.000000,-0.029837,0.014256,0.997367,0.064544,3.013101,none,0.250
524,1787196181.559534,camera_init,20.442344,-28.511591,0.000000,-0.027836,0.013730,0.998065,0.053874,3.034438,none,0.250
525,1787196182.059496,camera_init,20.262224,-28.499742,0.000000,-0.028293,0.015587,0.998866,0.034974,3.072436,none,0.250
526,1787196182.559529,camera_init,20.103016,-28.494670,0.000000,-0.028123,0.012529,0.999368,0.017787,3.106683,none,0.250
527,1787196183.059413,camera_init,19.924169,-28.489393,0.000000,-0.028460,0.013688,0.999402,0.014089,3.114163,none,0.250
528,1787196183.559481,camera_init,19.755882,-28.476850,0.000000,-0.029350,0.012925,0.999457,0.007603,3.127129,none,0.250
529,1787196184.059302,camera_init,19.583462,-28.475568,0.000000,-0.028299,0.015087,0.999463,0.006779,3.128875,none,0.250
530,1787196184.559360,camera_init,19.411946,-28.465036,0.000000,-0.028224,0.015010,0.999458,0.007861,3.126703,none,0.250
531,1787196185.059419,camera_init,19.252197,-28.460556,0.000000,-0.028432,0.012771,0.999514,-0.001068,-3.138727,none,0.250
532,1787196185.559299,camera_init,19.101143,-28.464959,0.000000,-0.025894,0.013521,0.999527,-0.009576,-3.121722,none,0.250
533,1787196186.059321,camera_init,18.932149,-28.477693,0.000000,-0.027964,0.013834,0.998973,-0.032847,-3.075042,none,0.250
534,1787196186.559379,camera_init,18.773850,-28.511220,0.000000,-0.027620,0.013485,0.996822,-0.073489,-2.993590,none,0.250
535,1787196186.959235,camera_init,18.624447,-28.544231,0.000000,-0.029073,0.013911,0.993923,-0.105256,-2.929652,none,0.250
536,1787196187.459234,camera_init,18.468281,-28.594758,0.000000,-0.026790,0.014629,0.990411,-0.134740,-2.870273,none,0.250
537,1787196187.959255,camera_init,18.313121,-28.661092,0.000000,-0.027329,0.014163,0.985353,-0.167724,-2.803479,none,0.250
538,1787196188.459225,camera_init,18.155134,-28.740681,0.000000,-0.029892,0.015204,0.978641,-0.202824,-2.731779,none,0.250
539,1787196188.959216,camera_init,17.990992,-28.816419,0.000000,-0.029285,0.015874,0.976395,-0.213410,-2.710123,none,0.250
540,1787196189.359214,camera_init,17.853803,-28.879036,0.000000,-0.029033,0.014109,0.976089,-0.214961,-2.707045,none,0.250
541,1787196189.859328,camera_init,17.673931,-28.924748,0.000000,-0.030938,0.013042,0.981328,-0.189390,-2.759251,none,0.250
542,1787196190.359333,camera_init,17.522168,-28.938033,0.000000,-0.030905,0.012626,0.990091,-0.136400,-2.866817,none,0.250
543,1787196191.159256,camera_init,17.354809,-28.935340,0.000000,-0.028239,0.013763,0.996881,-0.072401,-2.995733,none,0.250
544,1787196191.759252,camera_init,17.185739,-28.946733,0.000000,-0.029103,0.014088,0.997997,-0.054373,-3.031849,none,0.250
545,1787196192.459224,camera_init,17.016148,-28.942256,0.000000,-0.028626,0.012148,0.998915,-0.034670,-3.071464,none,0.250
546,1787196193.159220,camera_init,16.866202,-28.936684,0.000000,-0.028927,0.014535,0.999367,-0.014782,-3.111152,none,0.250
547,1787196193.859133,camera_init,16.708194,-28.928089,0.000000,-0.027134,0.012094,0.999558,-0.001114,-3.138706,none,0.250
548,1787196194.659092,camera_init,16.539268,-28.923593,0.000000,-0.028199,0.013899,0.999505,0.000804,3.140769,none,0.250
549,1787196195.359087,camera_init,16.384740,-28.916339,0.000000,-0.027324,0.013282,0.999470,0.011669,3.118958,none,0.250
550,1787196196.059042,camera_init,16.222378,-28.904836,0.000000,-0.028389,0.015209,0.999428,0.010312,3.121811,none,0.250
551,1787196196.859017,camera_init,16.050778,-28.903456,0.000000,-0.027639,0.015550,0.999478,0.006211,3.130019,none,0.250
552,1787196197.659087,camera_init,15.877489,-28.899217,0.000000,-0.028447,0.013792,0.999485,0.005552,3.131262,none,0.250
553,1787196198.359075,camera_init,15.708987,-28.887425,0.000000,-0.028208,0.013465,0.999500,0.004784,3.132775,none,0.250
554,1787196199.059033,camera_init,15.558073,-28.883771,0.000000,-0.028245,0.013052,0.999509,0.003694,3.134935,none,0.250
555,1787196199.859048,camera_init,15.383776,-28.884388,0.000000,-0.027906,0.015170,0.999493,0.002372,3.137693,none,0.250
556,1787196200.559067,camera_init,15.229894,-28.872357,0.000000,-0.026564,0.014542,0.999536,0.003158,3.136044,none,0.250
557,1787196201.358993,camera_init,15.078143,-28.873308,0.000000,-0.026735,0.013443,0.999550,0.002031,3.138247,none,0.250
558,1787196247.058971,camera_init,14.922260,-28.853410,0.000000,-0.028579,0.012287,0.999516,-0.000698,-3.139492,none,0.250
559,1787196249.158941,camera_init,14.762329,-28.848969,0.000000,-0.027835,0.013539,0.999521,0.000554,3.141239,none,0.250
560,1787196250.758881,camera_init,14.612445,-28.836902,0.000000,-0.030897,0.013405,0.999433,-0.000048,-3.140667,none,0.250
561,1787196252.259577,camera_init,14.453733,-28.836418,0.000000,-0.029344,0.012752,0.999488,0.000644,3.141054,none,0.250
562,1787196254.059500,camera_init,14.297551,-28.831914,0.000000,-0.029467,0.011887,0.999495,0.000408,3.141477,none,0.250
563,1787196255.859419,camera_init,14.146124,-28.828531,0.000000,-0.030260,0.010321,0.999488,0.001302,3.139612,none,0.250
564,1787196257.959401,camera_init,13.991013,-28.818176,0.000000,-0.031335,0.009011,0.999468,0.000091,-3.141210,none,0.250
565,1787196297.258931,camera_init,13.911887,-28.832144,0.000000,-0.030857,0.011249,0.999458,0.002168,3.137946,ext:piper_stop_5,0.250
566,1787196314.759120,camera_init,13.753210,-28.821006,0.000000,-0.030451,0.012050,0.999460,0.002813,3.136695,none,0.250
567,1787196317.859903,camera_init,13.602961,-28.820116,0.000000,-0.028795,0.011686,0.999511,0.003589,3.135080,none,0.250
568,1787196340.859438,camera_init,13.514264,-28.810932,0.000000,-0.028739,0.010607,0.999519,0.004811,3.132569,ext:piper_stop_6,0.250
569,1787196349.459110,camera_init,13.357338,-28.804782,0.000000,-0.029274,0.008637,0.999532,0.001809,3.138476,none,0.250
570,1787196351.759152,camera_init,13.204492,-28.798764,0.000000,-0.029852,0.008884,0.999509,0.003441,3.135232,none,0.250
571,1787196371.158943,camera_init,13.183434,-28.795008,0.000000,-0.029707,0.010461,0.999490,0.005295,3.131612,ext:piper_stop_7,0.250
572,1787196394.559070,camera_init,13.028821,-28.784473,0.000000,-0.030189,0.011080,0.999447,0.008491,3.125259,none,0.250
573,1787196395.358951,camera_init,12.865851,-28.750814,0.000000,-0.031555,0.011730,0.998184,0.049951,3.042245,none,0.250
574,1787196396.058951,camera_init,12.700229,-28.718920,0.000000,-0.029356,0.009848,0.997342,0.065960,3.009986,none,0.250
575,1787196396.658948,camera_init,12.528426,-28.689312,0.000000,-0.029586,0.008940,0.997248,0.067382,3.007080,none,0.250
576,1787196397.059080,camera_init,12.376898,-28.663277,0.000000,-0.029319,0.007634,0.997365,0.065922,3.009931,none,0.250
577,1787196397.459034,camera_init,12.207077,-28.641866,0.000000,-0.031225,0.010005,0.997255,0.066394,3.009140,none,0.250
578,1787196397.858962,camera_init,12.039200,-28.588076,0.000000,-0.030284,0.010048,0.994805,0.096667,2.948298,none,0.250
579,1787196398.258983,camera_init,11.873658,-28.553502,0.000000,-0.028513,0.009807,0.994720,0.098100,2.945395,none,0.250
580,1787196398.759908,camera_init,11.685794,-28.509617,0.000000,-0.028860,0.008526,0.994532,0.100006,2.941486,none,0.250
581,1787196399.158950,camera_init,11.532640,-28.479167,0.000000,-0.028728,0.008513,0.994620,0.099161,2.943185,none,0.250
582,1787196399.558863,camera_init,11.386210,-28.445337,0.000000,-0.030362,0.010924,0.994488,0.099764,2.942119,none,0.250
583,1787196400.258864,camera_init,11.234771,-28.416586,0.000000,-0.029336,0.010682,0.995382,0.090778,2.960179,none,0.250
584,1787196400.958925,camera_init,11.070190,-28.408529,0.000000,-0.030267,0.008098,0.997993,0.055035,3.031808,none,0.250
585,1787196401.659023,camera_init,10.916077,-28.438333,0.000000,-0.029773,0.011188,0.999280,-0.020682,-3.099506,none,0.250
586,1787196402.258883,camera_init,10.737095,-28.451351,0.000000,-0.033344,0.009980,0.998685,-0.037635,-3.065517,none,0.250
587,1787196405.858950,camera_init,10.577220,-28.462545,0.000000,-0.031644,0.009740,0.998459,-0.044546,-3.051726,none,0.250
588,1787196406.559788,camera_init,10.419182,-28.510881,0.000000,-0.032246,0.009493,0.994289,-0.101286,-2.937764,none,0.250
589,1787196407.159711,camera_init,10.272621,-28.586947,0.000000,-0.029955,0.009361,0.984655,-0.171668,-2.795573,none,0.250
590,1787196407.758864,camera_init,10.131587,-28.691917,0.000000,-0.033332,0.009158,0.966617,-0.253884,-2.626852,none,0.250
591,1787196408.358880,camera_init,10.022488,-28.816236,0.000000,-0.033924,0.010471,0.941900,-0.334013,-2.458820,none,0.250
592,1787196409.059775,camera_init,9.936984,-28.966604,0.000000,-0.030746,0.010420,0.905714,-0.422643,-2.267326,none,0.250
593,1787196409.559776,camera_init,9.869356,-29.101179,0.000000,-0.030087,0.010495,0.876236,-0.480827,-2.136829,none,0.250
594,1787196410.159612,camera_init,9.820919,-29.272578,0.000000,0.030678,-0.008738,-0.834974,0.549363,-1.976712,none,0.250
595,1787196410.659660,camera_init,9.814302,-29.428289,0.000000,0.030949,-0.010475,-0.788002,0.614805,-1.815501,none,0.250
596,1787196411.159766,camera_init,9.825546,-29.602778,0.000000,0.028417,-0.009346,-0.741478,0.670310,-1.670760,none,0.250
597,1787196411.659602,camera_init,9.859125,-29.753183,0.000000,0.027635,-0.007618,-0.684069,0.728854,-1.506745,none,0.250
598,1787196412.159652,camera_init,9.904735,-29.918869,0.000000,0.028423,-0.007115,-0.630972,0.775252,-1.365651,none,0.250
599,1787196412.659611,camera_init,9.980711,-30.066708,0.000000,0.027579,-0.006794,-0.576363,0.816700,-1.228563,none,0.250
600,1787196413.159705,camera_init,10.072229,-30.208150,0.000000,0.022528,-0.007399,-0.522519,0.852298,-1.099698,none,0.250
601,1787196413.658855,camera_init,10.178595,-30.332972,0.000000,0.023262,-0.005971,-0.479453,0.877239,-1.000103,none,0.250
602,1787196414.159698,camera_init,10.302288,-30.445577,0.000000,0.018685,-0.006263,-0.414568,0.909805,-0.855033,none,0.250
603,1787196414.659552,camera_init,10.436533,-30.522970,0.000000,0.018434,-0.005758,-0.339301,0.940480,-0.692450,none,0.250
604,1787196415.159551,camera_init,10.591585,-30.591900,0.000000,0.015463,-0.004048,-0.275174,0.961262,-0.557602,none,0.250
605,1787196415.659651,camera_init,10.746819,-30.660493,0.000000,0.013587,-0.003970,-0.235735,0.971714,-0.476017,none,0.250
606,1787196416.159499,camera_init,10.889348,-30.728905,0.000000,0.015007,-0.003978,-0.215287,0.976427,-0.434045,none,0.250
607,1787196416.659521,camera_init,11.037196,-30.777712,0.000000,0.012743,-0.005154,-0.175220,0.984433,-0.352368,none,0.250
608,1787196417.159613,camera_init,11.204273,-30.804908,0.000000,0.009687,-0.003103,-0.117546,0.993015,-0.235688,none,0.250
609,1787196417.659567,camera_init,11.375143,-30.803772,0.000000,0.007584,-0.000701,-0.059912,0.998175,-0.119903,none,0.250
610,1787196418.159438,camera_init,11.528055,-30.809102,0.000000,0.005206,-0.002004,-0.037387,0.999285,-0.074812,none,0.250
611,1787196418.559538,camera_init,11.682423,-30.826230,0.000000,0.005810,-0.000412,-0.032113,0.999467,-0.064242,none,0.250
612,1787196418.959527,camera_init,11.851071,-30.835642,0.000000,0.005537,0.001408,-0.028728,0.999571,-0.057448,none,0.250
613,1787196419.459397,camera_init,12.046720,-30.848603,0.000000,0.004358,0.000766,-0.026658,0.999635,-0.053315,none,0.250
614,1787196419.859578,camera_init,12.226934,-30.863063,0.000000,0.006091,0.001382,-0.024403,0.999683,-0.048794,none,0.250
615,1787196420.259425,camera_init,12.392754,-30.883278,0.000000,0.007068,0.001414,-0.027835,0.999587,-0.055655,none,0.250
616,1787196420.659557,camera_init,12.570097,-30.911273,0.000000,0.006417,0.000604,-0.044008,0.999010,-0.088035,none,0.250
617,1787196421.059422,camera_init,12.740125,-30.940859,0.000000,0.004558,-0.000422,-0.047436,0.998864,-0.094911,none,0.250
618,1787196421.459542,camera_init,12.919531,-30.954789,0.000000,0.004871,-0.000190,-0.048157,0.998828,-0.096351,none,0.250
619,1787196421.859418,camera_init,13.100498,-30.985588,0.000000,0.006020,-0.000149,-0.059829,0.998191,-0.119728,none,0.250
620,1787196422.259442,camera_init,13.267620,-31.003829,0.000000,0.007087,-0.000571,-0.061763,0.998066,-0.123610,none,0.250
621,1787196422.659364,camera_init,13.444312,-31.028832,0.000000,0.008649,-0.002251,-0.058984,0.998219,-0.118071,none,0.250
622,1787196423.059354,camera_init,13.629718,-31.057936,0.000000,0.006486,-0.003864,-0.058640,0.998251,-0.117397,none,0.250
623,1787196423.459335,camera_init,13.806991,-31.073771,0.000000,0.005639,-0.001458,-0.055369,0.998449,-0.110810,none,0.250
624,1787196423.859338,camera_init,13.986008,-31.097094,0.000000,0.006621,-0.001265,-0.052573,0.998594,-0.105210,none,0.250
625,1787196424.259314,camera_init,14.166865,-31.130819,0.000000,0.006820,-0.000782,-0.057959,0.998295,-0.115992,none,0.250
626,1787196424.659416,camera_init,14.355165,-31.155979,0.000000,0.006826,-0.001506,-0.058177,0.998282,-0.116437,none,0.250
627,1787196425.059353,camera_init,14.542397,-31.186056,0.000000,0.005112,-0.002335,-0.059386,0.998219,-0.118866,none,0.250
628,1787196425.459400,camera_init,14.733951,-31.215608,0.000000,0.004467,-0.000049,-0.060919,0.998133,-0.121913,none,0.250
629,1787196425.859357,camera_init,14.921465,-31.238636,0.000000,0.006006,0.000255,-0.061366,0.998097,-0.122805,none,0.250
630,1787196426.259277,camera_init,15.109522,-31.272214,0.000000,0.004198,-0.000381,-0.058417,0.998283,-0.116902,none,0.250
631,1787196426.659232,camera_init,15.292824,-31.292062,0.000000,0.007403,-0.000509,-0.057230,0.998333,-0.114527,none,0.250
632,1787196426.959394,camera_init,15.448965,-31.314700,0.000000,0.006816,0.000370,-0.057218,0.998338,-0.114492,none,0.250
633,1787196427.259221,camera_init,15.610393,-31.337227,0.000000,0.005879,0.000542,-0.055930,0.998417,-0.111911,none,0.250
634,1787196427.659305,camera_init,15.796064,-31.362099,0.000000,0.007638,0.002219,-0.058314,0.998267,-0.116659,none,0.250
635,1787196427.959299,camera_init,15.943717,-31.389527,0.000000,0.008722,0.000234,-0.058941,0.998223,-0.117943,none,0.250
636,1787196428.359360,camera_init,16.121415,-31.422426,0.000000,0.007745,-0.000217,-0.060549,0.998135,-0.121171,none,0.250
637,1787196428.659160,camera_init,16.270932,-31.438519,0.000000,0.007393,0.001693,-0.058792,0.998241,-0.117625,none,0.250
638,1787196428.959311,camera_init,16.427294,-31.463861,0.000000,0.008582,-0.000615,-0.059972,0.998163,-0.120023,none,0.250
639,1787196429.359225,camera_init,16.613704,-31.493368,0.000000,0.009689,-0.001224,-0.056368,0.998362,-0.112814,none,0.250
640,1787196429.759163,camera_init,16.808561,-31.511708,0.000000,0.008859,0.000856,-0.053321,0.998538,-0.106673,none,0.250
641,1787196430.159257,camera_init,17.000163,-31.539358,0.000000,0.008750,0.000138,-0.048115,0.998803,-0.096260,none,0.250
642,1787196430.559266,camera_init,17.199983,-31.561207,0.000000,0.007824,-0.000217,-0.043823,0.999009,-0.087675,none,0.250
643,1787196430.959211,camera_init,17.389155,-31.584591,0.000000,0.009864,0.001559,-0.040094,0.999146,-0.080176,none,0.250
644,1787196431.259276,camera_init,17.539240,-31.603425,0.000000,0.008634,0.000759,-0.040462,0.999143,-0.080930,none,0.250
645,1787196431.659178,camera_init,17.735250,-31.621244,0.000000,0.008556,0.001622,-0.040829,0.999128,-0.081651,none,0.250
646,1787196432.059161,camera_init,17.923294,-31.643113,0.000000,0.008947,0.000532,-0.039136,0.999194,-0.078279,none,0.250
647,1787196432.459182,camera_init,18.115421,-31.656657,0.000000,0.010702,0.000474,-0.031722,0.999439,-0.063441,none,0.250
648,1787196432.859090,camera_init,18.305215,-31.678892,0.000000,0.012233,0.000919,-0.029089,0.999502,-0.058159,none,0.250
649,1787196433.159097,camera_init,18.457008,-31.690841,0.000000,0.012112,0.001846,-0.026248,0.999580,-0.052453,none,0.250
650,1787196433.559147,camera_init,18.653187,-31.691791,0.000000,0.011753,0.003284,-0.018983,0.999745,-0.037889,none,0.250
651,1787196433.959163,camera_init,18.850916,-31.707789,0.000000,0.010866,0.002785,-0.015587,0.999816,-0.031112,none,0.250
652,1787196434.259129,camera_init,19.002888,-31.721001,0.000000,0.010906,0.003128,-0.015069,0.999822,-0.030070,none,0.250
653,1787196434.559054,camera_init,19.169642,-31.728991,0.000000,0.010868,0.001425,-0.014340,0.999837,-0.028648,none,0.250
654,1787196434.959187,camera_init,19.369463,-31.739709,0.000000,0.009665,0.000250,-0.014197,0.999852,-0.028389,none,0.250
655,1787196435.259113,camera_init,19.521406,-31.753653,0.000000,0.008537,0.000217,-0.013474,0.999873,-0.026943,none,0.250
656,1787196435.559084,camera_init,19.681917,-31.759144,0.000000,0.010169,0.001460,-0.014362,0.999844,-0.028693,none,0.250
657,1787196435.859108,camera_init,19.848336,-31.764040,0.000000,0.010763,-0.000823,-0.014942,0.999830,-0.029901,none,0.250
658,1787196436.159127,camera_init,20.009298,-31.776390,0.000000,0.008882,0.000174,-0.013221,0.999873,-0.026438,none,0.250
659,1787196436.558978,camera_init,20.212877,-31.783116,0.000000,0.007416,-0.000635,-0.010872,0.999913,-0.021753,none,0.250
660,1787196436.858974,camera_init,20.367687,-31.783228,0.000000,0.008561,-0.000056,-0.004226,0.999954,-0.008453,none,0.250
661,1787196437.158961,camera_init,20.533848,-31.778759,0.000000,0.008271,0.001973,0.011996,0.999892,0.024025,none,0.250
662,1787196437.459057,camera_init,20.697451,-31.781366,0.000000,0.007657,0.002092,0.016191,0.999837,0.032414,none,0.250
663,1787196437.759058,camera_init,20.853589,-31.780644,0.000000,0.006406,0.002605,0.019343,0.999789,0.038721,none,0.250
664,1787196438.059106,camera_init,21.009316,-31.772806,0.000000,0.006152,0.002743,0.020334,0.999771,0.040705,none,0.250
665,1787196438.358983,camera_init,21.166647,-31.774584,0.000000,0.006217,0.002825,0.019509,0.999786,0.039056,none,0.250
666,1787196438.659062,camera_init,21.329976,-31.778080,0.000000,0.006669,0.003098,0.020721,0.999758,0.041486,none,0.250
667,1787196438.958979,camera_init,21.487686,-31.774409,0.000000,0.006670,0.002498,0.021402,0.999746,0.042840,none,0.250
668,1787196439.258943,camera_init,21.648619,-31.773725,0.000000,0.007162,0.004718,0.021701,0.999728,0.043472,none,0.250
669,1787196439.558956,camera_init,21.803811,-31.770888,0.000000,0.006358,0.001964,0.022205,0.999731,0.044438,none,0.250
670,1787196439.858939,camera_init,21.970813,-31.768534,0.000000,0.005169,0.002561,0.023062,0.999717,0.046154,none,0.250
671,1787196440.158903,camera_init,22.134479,-31.765040,0.000000,0.007633,0.003096,0.024128,0.999675,0.048308,none,0.250
672,1787196440.458917,camera_init,22.303405,-31.767234,0.000000,0.007714,0.002425,0.022802,0.999707,0.045645,none,0.250
673,1787196440.759007,camera_init,22.464286,-31.764712,0.000000,0.006217,0.001941,0.022160,0.999733,0.044347,none,0.250
674,1787196441.058893,camera_init,22.634080,-31.759070,0.000000,0.006203,0.000547,0.023203,0.999711,0.046416,none,0.250
675,1787196441.358927,camera_init,22.803900,-31.755850,0.000000,0.007073,0.000944,0.023855,0.999690,0.047728,none,0.250
676,1787196441.658972,camera_init,22.960691,-31.752372,0.000000,0.008159,0.002427,0.023968,0.999676,0.047980,none,0.250
677,1787196441.958929,camera_init,23.130019,-31.752430,0.000000,0.005237,0.001613,0.024191,0.999692,0.048404,none,0.250
678,1787196442.258941,camera_init,23.302846,-31.751495,0.000000,0.006352,0.001805,0.024097,0.999688,0.048221,none,0.250
679,1787196442.558915,camera_init,23.469268,-31.745525,0.000000,0.005726,0.002867,0.025092,0.999665,0.050222,none,0.250
680,1787196442.858890,camera_init,23.643606,-31.742495,0.000000,0.004733,0.003040,0.027312,0.999611,0.054660,none,0.250
681,1787196443.158903,camera_init,23.818381,-31.739165,0.000000,0.007461,0.003809,0.027548,0.999585,0.055160,none,0.250
682,1787196443.459025,camera_init,23.975042,-31.743206,0.000000,0.007493,0.004229,0.022167,0.999717,0.044401,none,0.250
683,1787196443.759052,camera_init,24.138612,-31.734850,0.000000,0.007072,0.003411,0.022197,0.999723,0.044445,none,0.250
684,1787196444.059028,camera_init,24.313281,-31.731649,0.000000,0.005410,0.004209,0.020716,0.999762,0.041480,none,0.250
685,1787196444.359023,camera_init,24.475234,-31.738435,0.000000,0.004792,0.002462,0.010332,0.999932,0.020687,none,0.250
686,1787196444.659033,camera_init,24.645197,-31.736729,0.000000,0.006050,0.001654,0.009139,0.999939,0.018299,none,0.250
687,1787196444.958938,camera_init,24.820242,-31.735876,0.000000,0.007293,0.000851,0.010151,0.999922,0.020314,none,0.250
688,1787196445.258985,camera_init,24.998909,-31.735766,0.000000,0.006378,-0.000160,0.008344,0.999945,0.016687,none,0.250
689,1787196445.558938,camera_init,25.173105,-31.737016,0.000000,0.004163,0.000996,0.010436,0.999936,0.020880,none,0.250
690,1787196445.858924,camera_init,25.350328,-31.734676,0.000000,0.004612,0.001463,0.013446,0.999898,0.026905,none,0.250
691,1787196446.158875,camera_init,25.516148,-31.735279,0.000000,0.004390,0.002234,0.012412,0.999911,0.024844,none,0.250
692,1787196446.458910,camera_init,25.692011,-31.735776,0.000000,0.004806,0.002954,0.012171,0.999910,0.024371,none,0.250
693,1787196446.759057,camera_init,25.876847,-31.732004,0.000000,0.003128,-0.000411,0.014892,0.999884,0.029782,none,0.250
694,1787196447.058879,camera_init,26.047525,-31.731800,0.000000,0.005434,0.002294,0.014560,0.999877,0.029146,none,0.250
695,1787196447.359040,camera_init,26.221868,-31.739956,0.000000,0.004137,0.000743,0.008437,0.999956,0.016879,none,0.250
696,1787196447.658829,camera_init,26.393528,-31.737897,0.000000,0.004791,-0.000759,0.008029,0.999956,0.016051,none,0.250
697,1787196447.958850,camera_init,26.578228,-31.738490,0.000000,0.003029,0.004099,0.009545,0.999941,0.019115,none,0.250
698,1787196448.258845,camera_init,26.754114,-31.735981,0.000000,0.003899,0.003818,0.009909,0.999936,0.019848,none,0.250
699,1787196448.558829,camera_init,26.938519,-31.741812,0.000000,0.002657,0.001860,0.010177,0.999943,0.020365,none,0.250
700,1787196448.859047,camera_init,27.120043,-31.744229,0.000000,0.003418,0.002058,0.010752,0.999934,0.021519,none,0.250
701,1787196449.158929,camera_init,27.297173,-31.745695,0.000000,0.005320,0.004290,0.009178,0.999935,0.018402,none,0.250
702,1787196449.459059,camera_init,27.481439,-31.742193,0.000000,0.002760,0.000399,0.011202,0.999933,0.022407,none,0.250
703,1787196449.758844,camera_init,27.659433,-31.744864,0.000000,0.003166,0.001675,0.011949,0.999922,0.023909,none,0.250
704,1787196450.058866,camera_init,27.844642,-31.745156,0.000000,0.001244,0.001539,0.013459,0.999907,0.026923,none,0.250
705,1787196450.359030,camera_init,28.006875,-31.747645,0.000000,0.001046,0.001009,0.012983,0.999915,0.025968,none,0.250
706,1787196450.658905,camera_init,28.188437,-31.743900,0.000000,0.000835,0.001042,0.015448,0.999880,0.030899,none,0.250
707,1787196450.958890,camera_init,28.366897,-31.737794,0.000000,0.000136,0.000602,0.014871,0.999889,0.029742,none,0.250
708,1787196451.259028,camera_init,28.555919,-31.752976,0.000000,0.001537,0.001485,-0.002223,0.999995,-0.004441,none,0.250
709,1787196451.558863,camera_init,28.737154,-31.766840,0.000000,0.002946,0.002241,-0.007403,0.999966,-0.014794,none,0.250
710,1787196451.859074,camera_init,28.910888,-31.777720,0.000000,0.002751,0.002581,-0.010043,0.999942,-0.020073,none,0.250
711,1787196452.158870,camera_init,29.075318,-31.775761,0.000000,0.002075,0.002487,-0.013055,0.999910,-0.026100,none,0.250
712,1787196452.459048,camera_init,29.273854,-31.783518,0.000000,0.001475,0.003101,-0.013839,0.999898,-0.027670,none,0.250
713,1787196452.758929,camera_init,29.446487,-31.796936,0.000000,0.002600,0.004440,-0.018503,0.999816,-0.036985,none,0.250
714,1787196453.059564,camera_init,29.619649,-31.806905,0.000000,0.002576,0.001619,-0.018494,0.999824,-0.036982,none,0.250
715,1787196453.358902,camera_init,29.813135,-31.822536,0.000000,0.003503,0.004780,-0.020491,0.999772,-0.040952,none,0.250
716,1787196453.658852,camera_init,29.996034,-31.837944,0.000000,0.003269,0.003880,-0.023393,0.999713,-0.046767,none,0.250
717,1787196453.958912,camera_init,30.192364,-31.847311,0.000000,0.005280,0.006223,-0.021571,0.999734,-0.043081,none,0.250
718,1787196454.258998,camera_init,30.391391,-31.858856,0.000000,0.005869,0.005219,-0.021449,0.999739,-0.042840,none,0.250
719,1787196454.559027,camera_init,30.571066,-31.874611,0.000000,0.005587,0.004700,-0.022520,0.999720,-0.044993,none,0.250
720,1787196454.858867,camera_init,30.761193,-31.887020,0.000000,0.004777,0.003384,-0.023599,0.999704,-0.047171,none,0.250
721,1787196455.159534,camera_init,30.936109,-31.900056,0.000000,0.004109,0.000641,-0.025304,0.999671,-0.050608,none,0.250
722,1787196455.458840,camera_init,31.127636,-31.920971,0.000000,0.004337,-0.000019,-0.032492,0.999463,-0.064994,none,0.250
723,1787196455.758986,camera_init,31.320087,-31.940245,0.000000,0.005400,-0.000268,-0.035087,0.999370,-0.070190,none,0.250
724,1787196456.058966,camera_init,31.488954,-31.967599,0.000000,0.006455,-0.001829,-0.045753,0.998930,-0.091561,none,0.250
725,1787196456.358898,camera_init,31.666606,-31.980231,0.000000,0.004241,-0.000841,-0.049184,0.998780,-0.098415,none,0.250
726,1787196456.658873,camera_init,31.849971,-31.999167,0.000000,0.005896,0.001117,-0.050437,0.998709,-0.100903,none,0.250
727,1787196456.958861,camera_init,32.021645,-32.022324,0.000000,0.005383,0.000865,-0.054103,0.998520,-0.108248,none,0.250
728,1787196457.258826,camera_init,32.202675,-32.044733,0.000000,0.006963,-0.000147,-0.057466,0.998323,-0.114995,none,0.250
729,1787196457.559030,camera_init,32.384742,-32.065345,0.000000,0.006391,0.002398,-0.055727,0.998423,-0.111480,none,0.250
730,1787196457.858813,camera_init,32.558085,-32.093366,0.000000,0.004926,0.002524,-0.054409,0.998503,-0.108847,none,0.250
731,1787196458.159563,camera_init,32.729527,-32.111349,0.000000,0.004207,0.000835,-0.053118,0.998579,-0.106278,none,0.250
732,1787196458.459045,camera_init,32.920913,-32.134371,0.000000,0.006053,0.003395,-0.053011,0.998570,-0.106030,none,0.250
733,1787196458.758901,camera_init,33.082108,-32.161618,0.000000,0.008438,0.000296,-0.052974,0.998560,-0.105989,none,0.250
734,1787196459.059033,camera_init,33.259061,-32.183999,0.000000,0.006932,0.000802,-0.052184,0.998613,-0.104403,none,0.250
735,1787196459.358956,camera_init,33.427063,-32.202282,0.000000,0.006265,0.001442,-0.052329,0.998609,-0.104685,none,0.250
736,1787196459.658865,camera_init,33.598058,-32.227048,0.000000,0.007675,0.001471,-0.053628,0.998530,-0.107282,none,0.250
737,1787196459.958984,camera_init,33.765393,-32.251733,0.000000,0.008484,0.004016,-0.056167,0.998377,-0.112324,none,0.250
738,1787196460.259052,camera_init,33.916687,-32.274073,0.000000,0.009417,0.003530,-0.054284,0.998475,-0.108552,none,0.250
739,1787196460.658894,camera_init,34.103939,-32.288106,0.000000,0.008916,0.001090,-0.037432,0.999259,-0.074859,none,0.250
740,1787196461.059030,camera_init,34.284445,-32.274844,0.000000,0.006371,0.002029,-0.003007,0.999973,-0.005989,none,0.250
741,1787196461.358986,camera_init,34.435817,-32.260187,0.000000,0.005682,0.004782,0.027554,0.999593,0.055171,none,0.250
742,1787196461.758998,camera_init,34.623995,-32.218513,0.000000,0.005062,0.004663,0.077733,0.996950,0.155673,none,0.250
743,1787196462.058931,camera_init,34.771643,-32.172635,0.000000,0.003295,0.005028,0.110432,0.993866,0.221355,none,0.250
744,1787196462.358951,camera_init,34.915224,-32.124013,0.000000,0.000839,0.006635,0.144917,0.989421,0.290889,none,0.250
745,1787196462.758849,camera_init,35.089633,-32.039122,0.000000,-0.000255,0.009513,0.199343,0.979884,0.401424,none,0.250
746,1787196463.159278,camera_init,35.248561,-31.932700,0.000000,-0.002001,0.008611,0.248646,0.968554,0.502587,none,0.250
747,1787196463.558967,camera_init,35.403289,-31.818244,0.000000,-0.003070,0.008449,0.285124,0.958448,0.578287,none,0.250
748,1787196463.958905,camera_init,35.551575,-31.701480,0.000000,-0.005135,0.008993,0.320105,0.947325,0.651677,none,0.250
749,1787196464.359225,camera_init,35.674698,-31.572821,0.000000,-0.004467,0.009788,0.363777,0.931424,0.744671,none,0.250
750,1787196464.758888,camera_init,35.779915,-31.428918,0.000000,-0.004100,0.012250,0.421197,0.906877,0.869644,none,0.250
751,1787196465.158933,camera_init,35.861552,-31.266367,0.000000,-0.005840,0.009234,0.485637,0.874093,1.014235,none,0.250
752,1787196465.559210,camera_init,35.900209,-31.094726,0.000000,-0.005135,0.007764,0.552606,0.833391,1.171033,none,0.250
753,1787196465.959346,camera_init,35.905334,-30.919693,0.000000,-0.005954,0.009466,0.620131,0.784419,1.337944,none,0.250
754,1787196466.359226,camera_init,35.905828,-30.744974,0.000000,-0.007304,0.008482,0.677472,0.735463,1.488765,none,0.250
755,1787196466.758959,camera_init,35.868394,-30.563998,0.000000,-0.009718,0.006533,0.725115,0.688529,1.622501,none,0.250
756,1787196467.158887,camera_init,35.818662,-30.406653,0.000000,-0.010020,0.006765,0.763781,0.645362,1.738443,none,0.250
757,1787196467.559157,camera_init,35.765177,-30.248931,0.000000,-0.013055,0.009654,0.801160,0.598231,1.858811,none,0.250
758,1787196467.959331,camera_init,35.692454,-30.113576,0.000000,-0.015715,0.009491,0.834272,0.551048,1.974105,none,0.250
759,1787196468.359207,camera_init,35.595658,-29.972769,0.000000,-0.019063,0.011724,0.857327,0.514285,2.060955,none,0.250
760,1787196468.858881,camera_init,35.473664,-29.850395,0.000000,-0.020935,0.013927,0.889235,0.456759,2.192713,none,0.250
761,1787196469.358954,camera_init,35.338555,-29.739840,0.000000,-0.021602,0.015666,0.920907,0.388867,2.342803,none,0.250
762,1787196469.859228,camera_init,35.202014,-29.647957,0.000000,-0.021902,0.015691,0.940322,0.339219,2.449538,none,0.250
763,1787196470.359095,camera_init,35.073811,-29.557119,0.000000,-0.019952,0.012629,0.953315,0.301052,2.530101,none,0.250
764,1787196470.859207,camera_init,34.932125,-29.495049,0.000000,-0.022713,0.013559,0.964620,0.262315,2.610926,none,0.250
765,1787196471.358858,camera_init,34.787805,-29.444090,0.000000,-0.023274,0.016068,0.976799,0.212280,2.714167,none,0.250
766,1787196472.059228,camera_init,34.627951,-29.419556,0.000000,-0.024911,0.014530,0.989958,0.138389,2.864392,none,0.250
767,1787196473.059105,camera_init,34.468114,-29.432867,0.000000,-0.024936,0.013157,0.998042,0.055837,3.030419,none,0.250
768,1787196475.059264,camera_init,34.320482,-29.470612,0.000000,-0.026464,0.013517,0.999227,-0.025755,-3.089312,none,0.250
769,1787196476.358955,camera_init,34.159879,-29.465401,0.000000,-0.028276,0.013877,0.999201,-0.024612,-3.091525,none,0.250
770,1787196477.559061,camera_init,34.006774,-29.464245,0.000000,-0.026742,0.016597,0.999297,-0.020359,-3.099946,none,0.250
771,1787196478.658879,camera_init,33.855715,-29.461531,0.000000,-0.025859,0.014855,0.999440,-0.015182,-3.110432,none,0.250
772,1787196517.459116,camera_init,33.704166,-29.446862,0.000000,-0.026946,0.014715,0.999491,0.008645,3.125080,none,0.250
773,1787196519.059042,camera_init,33.551278,-29.444062,0.000000,-0.028221,0.013717,0.999507,0.000844,3.140678,none,0.250
774,1787196521.458963,camera_init,33.398569,-29.442402,0.000000,-0.027355,0.014809,0.999512,0.002722,3.136954,none,0.250
775,1787196588.059383,camera_init,33.376360,-29.433902,0.000000,-0.026912,0.014405,0.999531,0.002435,3.137495,ext:piper_stop_1,0.250
776,1787196598.159114,camera_init,33.223320,-29.434699,0.000000,-0.026018,0.014502,0.999556,0.000643,3.141061,none,0.250
777,1787196598.859285,camera_init,33.068325,-29.431130,0.000000,-0.027249,0.013368,0.999521,0.006035,3.130240,none,0.250
778,1787196599.659132,camera_init,32.912822,-29.428209,0.000000,-0.025331,0.012269,0.999588,0.005637,3.130930,none,0.250
779,1787196600.559060,camera_init,32.758172,-29.420833,0.000000,-0.027975,0.013876,0.999494,0.005996,3.130365,none,0.250
780,1787196601.559022,camera_init,32.600510,-29.419220,0.000000,-0.027952,0.014902,0.999488,0.004498,3.133422,none,0.250
781,1787196602.859036,camera_init,32.442319,-29.414894,0.000000,-0.026975,0.016330,0.999498,0.003112,3.136246,none,0.250
782,1787196604.659045,camera_init,32.291530,-29.404668,0.000000,-0.027785,0.016130,0.999467,0.005864,3.130751,none,0.250
783,1787196616.458810,camera_init,32.245143,-29.401168,0.000000,-0.027344,0.014531,0.999496,0.006973,3.128429,ext:piper_stop_2,0.250
784,1787196626.759045,camera_init,32.091248,-29.406891,0.000000,-0.026629,0.013693,0.999552,0.000058,-3.140979,none,0.250
785,1787196630.158864,camera_init,31.937919,-29.403725,0.000000,-0.026469,0.013909,0.999549,0.002787,3.136751,none,0.250
786,1787196667.159446,camera_init,31.861542,-29.389466,0.000000,-0.027172,0.012224,0.999550,0.003385,3.135481,ext:piper_stop_3,0.250
787,1787196673.859165,camera_init,31.706490,-29.373027,0.000000,-0.028038,0.012750,0.999457,0.011669,3.118944,none,0.250
788,1787196675.659136,camera_init,31.549815,-29.374081,0.000000,-0.028371,0.014493,0.999407,0.013099,3.116189,none,0.250
789,1787196686.358942,camera_init,31.435304,-29.362352,0.000000,-0.026724,0.012166,0.999500,0.011690,3.118840,ext:piper_stop_4,0.250
790,1787196706.159080,camera_init,31.267191,-29.365630,0.000000,-0.026136,0.013317,0.999537,0.008073,3.126128,none,0.250
791,1787196706.759002,camera_init,31.091203,-29.366042,0.000000,-0.026906,0.011375,0.999559,0.005257,3.131682,none,0.250
792,1787196707.258877,camera_init,30.931944,-29.359989,0.000000,-0.026362,0.010797,0.999587,0.003896,3.134363,none,0.250
793,1787196707.858921,camera_init,30.760120,-29.352151,0.000000,-0.028438,0.013360,0.999497,0.004299,3.133745,none,0.250
794,1787196708.458914,camera_init,30.588863,-29.349784,0.000000,-0.027001,0.012241,0.999558,0.002180,3.137890,none,0.250
795,1787196708.958865,camera_init,30.437180,-29.365604,0.000000,-0.026214,0.012439,0.999428,-0.017368,-3.106170,none,0.250
796,1787196709.459347,camera_init,30.283997,-29.391220,0.000000,-0.024707,0.011232,0.997456,-0.065911,-3.009013,none,0.250
797,1787196709.958918,camera_init,30.115894,-29.441713,0.000000,-0.026956,0.012258,0.993577,-0.109217,-2.921854,none,0.250
798,1787196710.459266,camera_init,29.965912,-29.484624,0.000000,-0.027215,0.011560,0.989975,-0.138114,-2.863584,none,0.250
799,1787196710.958829,camera_init,29.827900,-29.544052,0.000000,-0.024020,0.011133,0.984320,-0.174393,-2.790232,none,0.250
800,1787196711.359211,camera_init,29.673369,-29.603359,0.000000,-0.026075,0.009565,0.983043,-0.181261,-2.776237,none,0.250
801,1787196711.758987,camera_init,29.502816,-29.671389,0.000000,-0.028164,0.009509,0.981302,-0.190166,-2.758000,none,0.250
802,1787196712.159320,camera_init,29.360368,-29.734057,0.000000,-0.025239,0.011326,0.978972,-0.202110,-2.733683,none,0.250
803,1787196712.559043,camera_init,29.222063,-29.802805,0.000000,-0.026618,0.010891,0.974524,-0.222430,-2.692013,none,0.250
804,1787196712.958941,camera_init,29.075021,-29.879917,0.000000,-0.027185,0.010130,0.971899,-0.233604,-2.669044,none,0.250
805,1787196713.359219,camera_init,28.927609,-29.964154,0.000000,-0.027442,0.009700,0.968402,-0.247689,-2.640004,none,0.250
806,1787196713.758931,camera_init,28.774618,-30.049964,0.000000,-0.027416,0.010879,0.968006,-0.249189,-2.636855,none,0.250
807,1787196714.159295,camera_init,28.627651,-30.125855,0.000000,-0.028924,0.011021,0.967099,-0.252512,-2.629885,none,0.250
808,1787196714.559054,camera_init,28.462682,-30.216017,0.000000,-0.029817,0.009226,0.965122,-0.259932,-2.614546,none,0.250
809,1787196714.958953,camera_init,28.288881,-30.309247,0.000000,-0.029992,0.010003,0.964542,-0.262028,-2.610152,none,0.250
810,1787196715.259114,camera_init,28.150678,-30.376982,0.000000,-0.030282,0.010975,0.964487,-0.262158,-2.609817,none,0.250
811,1787196715.659246,camera_init,27.999521,-30.468765,0.000000,-0.028610,0.011341,0.964315,-0.262963,-2.608239,none,0.250
812,1787196716.059217,camera_init,27.845046,-30.552197,0.000000,-0.030543,0.014148,0.964965,-0.260211,-2.613689,none,0.250
813,1787196716.458869,camera_init,27.686578,-30.634081,0.000000,-0.029264,0.016671,0.966235,-0.255453,-2.623525,none,0.250
814,1787196716.859204,camera_init,27.518821,-30.715595,0.000000,-0.029228,0.013723,0.971080,-0.236561,-2.662668,none,0.250
815,1787196717.159264,camera_init,27.370139,-30.758748,0.000000,-0.028539,0.014268,0.977838,-0.206918,-2.723537,none,0.250
816,1787196717.559114,camera_init,27.204289,-30.817701,0.000000,-0.029201,0.015217,0.979277,-0.199832,-2.737936,none,0.250
817,1787196717.959058,camera_init,27.018585,-30.878477,0.000000,-0.027988,0.014374,0.983605,-0.177569,-2.783426,none,0.250
818,1787196718.359173,camera_init,26.833908,-30.904448,0.000000,-0.029220,0.014267,0.989942,-0.137690,-2.864208,none,0.250
819,1787196718.659189,camera_init,26.683994,-30.932922,0.000000,-0.027441,0.011962,0.991697,-0.125066,-2.889902,none,0.250
820,1787196718.959147,camera_init,26.520206,-30.961972,0.000000,-0.028283,0.010855,0.992741,-0.116395,-2.907409,none,0.250
821,1787196719.359037,camera_init,26.321939,-31.003886,0.000000,-0.027849,0.014136,0.993604,-0.108519,-2.923125,none,0.250
822,1787196719.659073,camera_init,26.152751,-31.029006,0.000000,-0.028567,0.014481,0.994094,-0.103686,-2.932804,none,0.250
823,1787196719.958904,camera_init,25.998331,-31.050415,0.000000,-0.027160,0.015406,0.995840,-0.085596,-2.969195,none,0.250
824,1787196720.360032,camera_init,25.801457,-31.044139,0.000000,-0.025174,0.012039,0.999271,-0.026036,-3.088863,none,0.250
825,1787196720.658971,camera_init,25.652931,-31.004287,0.000000,-0.026518,0.011560,0.999178,0.028384,3.085375,none,0.250
826,1787196720.960035,camera_init,25.501228,-30.963133,0.000000,-0.024958,0.010763,0.997530,0.064771,3.012379,none,0.250
827,1787196721.260037,camera_init,25.327943,-30.936112,0.000000,-0.026430,0.014566,0.997390,0.065595,3.010949,none,0.250
828,1787196721.560073,camera_init,25.174954,-30.909789,0.000000,-0.026250,0.014828,0.997216,0.068195,3.005743,none,0.250
829,1787196721.858869,camera_init,25.016886,-30.869745,0.000000,-0.025843,0.013417,0.995884,0.085832,2.970245,none,0.250
830,1787196722.160026,camera_init,24.868296,-30.816179,0.000000,-0.027025,0.012711,0.993037,0.113955,2.913625,none,0.250
831,1787196722.459020,camera_init,24.720446,-30.764648,0.000000,-0.025209,0.015046,0.989435,0.141975,2.857170,none,0.250
832,1787196722.758797,camera_init,24.562580,-30.698389,0.000000,-0.027196,0.016493,0.986375,0.161409,2.817893,none,0.250
833,1787196723.058965,camera_init,24.406975,-30.627979,0.000000,-0.027698,0.019366,0.982429,0.183549,2.773048,none,0.250
834,1787196723.358914,camera_init,24.257618,-30.541765,0.000000,-0.027727,0.015727,0.977826,0.206979,2.724991,none,0.250
835,1787196723.659922,camera_init,24.112918,-30.456106,0.000000,-0.025797,0.014755,0.972604,0.230563,2.676551,none,0.250
836,1787196723.958966,camera_init,23.977646,-30.356941,0.000000,-0.025683,0.013781,0.967559,0.250958,2.634423,none,0.250
837,1787196724.258905,camera_init,23.828575,-30.261588,0.000000,-0.023539,0.014763,0.965646,0.258372,2.619148,none,0.250
838,1787196724.559837,camera_init,23.671192,-30.170850,0.000000,-0.024974,0.012219,0.965801,0.257790,2.620210,none,0.250
839,1787196724.858911,camera_init,23.516173,-30.083822,0.000000,-0.023266,0.010594,0.964838,0.261600,2.612266,none,0.250
840,1787196725.158877,camera_init,23.369158,-29.989524,0.000000,-0.023847,0.009600,0.963010,0.268235,2.598433,none,0.250
841,1787196725.458850,camera_init,23.218070,-29.896793,0.000000,-0.023159,0.008420,0.963151,0.267831,2.599235,none,0.250
842,1787196725.759869,camera_init,23.061062,-29.800409,0.000000,-0.024040,0.007221,0.962794,0.269066,2.596594,none,0.250
843,1787196726.058837,camera_init,22.917679,-29.697770,0.000000,-0.022788,0.011637,0.962014,0.271800,2.591134,none,0.250
844,1787196726.358888,camera_init,22.762448,-29.590836,0.000000,-0.021452,0.008868,0.961691,0.273152,2.588226,none,0.250
845,1787196726.659863,camera_init,22.606095,-29.493073,0.000000,-0.023018,0.009134,0.961332,0.274275,2.585868,none,0.250
846,1787196726.958854,camera_init,22.451859,-29.395705,0.000000,-0.024334,0.013402,0.960919,0.275431,2.583630,none,0.250
847,1787196727.258854,camera_init,22.305219,-29.299411,0.000000,-0.023803,0.011902,0.960968,0.275377,2.583682,none,0.250
848,1787196727.559819,camera_init,22.162334,-29.200079,0.000000,-0.026474,0.012876,0.961305,0.273907,2.586737,none,0.250
849,1787196727.859854,camera_init,22.035601,-29.106447,0.000000,-0.023087,0.012297,0.961502,0.273549,2.587517,none,0.250
850,1787196728.159868,camera_init,21.894620,-29.028715,0.000000,-0.023656,0.011001,0.962634,0.269545,2.595779,none,0.250
851,1787196728.459867,camera_init,21.760743,-28.938585,0.000000,-0.024867,0.012454,0.962965,0.268188,2.598646,none,0.250
852,1787196728.758910,camera_init,21.627929,-28.855694,0.000000,-0.028721,0.014484,0.963221,0.266779,2.601604,none,0.250
853,1787196729.159803,camera_init,21.463297,-28.759318,0.000000,-0.026134,0.014948,0.965830,0.257421,2.621096,none,0.250
854,1787196729.559880,camera_init,21.324736,-28.678318,0.000000,-0.023396,0.013164,0.968670,0.246897,2.642818,none,0.250
855,1787196730.059772,camera_init,21.163136,-28.612248,0.000000,-0.024122,0.012010,0.975536,0.218181,2.701868,none,0.250
856,1787196730.458917,camera_init,21.023813,-28.551144,0.000000,-0.026643,0.012818,0.981627,0.188505,2.762578,none,0.250
857,1787196730.859760,camera_init,20.857006,-28.504253,0.000000,-0.028362,0.013102,0.987164,0.156627,2.827400,none,0.250
858,1787196731.258956,camera_init,20.704718,-28.468352,0.000000,-0.026138,0.012606,0.991997,0.122877,2.895623,none,0.250
859,1787196731.659730,camera_init,20.542821,-28.454571,0.000000,-0.028044,0.013718,0.995874,0.085208,2.971543,none,0.250
860,1787196732.058993,camera_init,20.367594,-28.448616,0.000000,-0.028610,0.015306,0.997968,0.054837,3.032614,none,0.250
861,1787196732.459831,camera_init,20.198553,-28.435346,0.000000,-0.029020,0.015711,0.998904,0.033198,3.076019,none,0.250
862,1787196732.859846,camera_init,20.030063,-28.422689,0.000000,-0.029855,0.015821,0.999093,0.025923,3.090624,none,0.250
863,1787196733.259716,camera_init,19.873332,-28.410954,0.000000,-0.028445,0.014739,0.999265,0.021056,3.100270,none,0.250
864,1787196733.659698,camera_init,19.695393,-28.390110,0.000000,-0.026655,0.014540,0.999287,0.022456,3.097409,none,0.250
865,1787196734.058994,camera_init,19.521711,-28.378355,0.000000,-0.025732,0.013815,0.999315,0.022744,3.096772,none,0.250
866,1787196734.459510,camera_init,19.341618,-28.375497,0.000000,-0.027828,0.015145,0.999448,0.009993,3.122429,none,0.250
867,1787196734.859732,camera_init,19.173581,-28.381904,0.000000,-0.027787,0.014655,0.999426,-0.012719,-3.115311,none,0.250
868,1787196735.259704,camera_init,19.015508,-28.400028,0.000000,-0.026892,0.013720,0.998915,-0.035452,-3.069866,none,0.250
869,1787196735.659693,camera_init,18.824183,-28.425803,0.000000,-0.028462,0.014411,0.997611,-0.061279,-3.018005,none,0.250
870,1787196736.059742,camera_init,18.640139,-28.456284,0.000000,-0.028933,0.014302,0.995836,-0.085260,-2.969851,none,0.250
871,1787196736.459745,camera_init,18.468578,-28.493698,0.000000,-0.028738,0.016627,0.993570,-0.108238,-2.923518,none,0.250
872,1787196736.859689,camera_init,18.302163,-28.556134,0.000000,-0.027468,0.015094,0.989378,-0.141947,-2.855651,none,0.250
873,1787196737.159807,camera_init,18.161955,-28.610029,0.000000,-0.028032,0.014482,0.986535,-0.160479,-2.818124,none,0.250
874,1787196737.559700,camera_init,17.978179,-28.671474,0.000000,-0.028107,0.014893,0.983040,-0.180614,-2.777200,none,0.250
875,1787196737.959692,camera_init,17.794106,-28.748784,0.000000,-0.028854,0.015900,0.981080,-0.190781,-2.756396,none,0.250
876,1787196738.359599,camera_init,17.605015,-28.812741,0.000000,-0.030143,0.013564,0.980471,-0.193865,-2.750142,none,0.250
877,1787196738.859653,camera_init,17.442256,-28.859209,0.000000,-0.030409,0.011560,0.983666,-0.177039,-2.784512,none,0.250
878,1787196739.359689,camera_init,17.263310,-28.898706,0.000000,-0.031979,0.012696,0.988214,-0.149162,-2.840940,none,0.250
879,1787196739.958738,camera_init,17.092089,-28.885931,0.000000,-0.029883,0.013045,0.997020,-0.069915,-3.000700,none,0.250
880,1787196740.559517,camera_init,16.930384,-28.898584,0.000000,-0.029353,0.014802,0.998185,-0.050450,-3.039665,none,0.250
881,1787196741.259572,camera_init,16.757555,-28.895741,0.000000,-0.028885,0.012486,0.998832,-0.036669,-3.067431,none,0.250
882,1787196741.959487,camera_init,16.589923,-28.910261,0.000000,-0.026630,0.013669,0.999242,-0.024887,-3.091038,none,0.250
883,1787196742.659512,camera_init,16.433047,-28.896563,0.000000,-0.026537,0.013425,0.999495,-0.011212,-3.118433,none,0.250
884,1787196743.359516,camera_init,16.273647,-28.897601,0.000000,-0.027026,0.013897,0.999504,-0.008241,-3.124342,none,0.250
885,1787196744.158163,camera_init,16.095534,-28.884691,0.000000,-0.028036,0.012692,0.999498,-0.007580,-3.125703,none,0.250
886,1787196744.859563,camera_init,15.935362,-28.891484,0.000000,-0.028841,0.013591,0.999483,-0.004138,-3.132521,none,0.250
887,1787196745.559576,camera_init,15.782498,-28.878389,0.000000,-0.028843,0.011512,0.999510,0.004017,3.134213,none,0.250
888,1787196746.259372,camera_init,15.632413,-28.875196,0.000000,-0.029258,0.013365,0.999471,0.004848,3.132669,none,0.250
889,1787196747.159525,camera_init,15.477987,-28.877708,0.000000,-0.027182,0.012763,0.999542,0.003819,3.134642,none,0.250
890,1787196748.659338,camera_init,15.325777,-28.868146,0.000000,-0.029287,0.015590,0.999434,0.005604,3.131287,none,0.250
891,1787196750.059459,camera_init,15.164591,-28.857078,0.000000,-0.027615,0.014524,0.999499,0.005284,3.131817,none,0.250
892,1787196750.959419,camera_init,15.013698,-28.856134,0.000000,-0.028739,0.012994,0.999496,0.003498,3.135336,none,0.250
893,1787196776.858945,camera_init,14.860771,-28.857334,0.000000,-0.028236,0.013260,0.999506,0.003821,3.134693,none,0.250
894,1787196778.258801,camera_init,14.705000,-28.843567,0.000000,-0.029164,0.011501,0.999468,0.008985,3.124271,none,0.250
895,1787196780.158864,camera_init,14.549293,-28.838043,0.000000,-0.027180,0.014753,0.999496,0.007112,3.128157,none,0.250
896,1787196782.258853,camera_init,14.385674,-28.834951,0.000000,-0.028999,0.013353,0.999488,0.002236,3.137892,none,0.250
897,1787196784.358946,camera_init,14.229353,-28.834001,0.000000,-0.029271,0.011482,0.999506,0.000095,-3.141109,none,0.250
898,1787196786.658995,camera_init,14.078339,-28.822361,0.000000,-0.031192,0.008636,0.999476,0.000987,3.140155,none,0.250
899,1787196789.659391,camera_init,13.926193,-28.824412,0.000000,-0.030472,0.011503,0.999469,0.001137,3.140019,none,0.250
900,1787196800.459110,camera_init,13.926703,-28.819365,0.000000,-0.032259,0.009417,0.999432,0.002377,3.137440,ext:piper_stop_5,0.250
901,1787196807.459832,camera_init,13.775483,-28.817019,0.000000,-0.032922,0.011027,0.999389,0.004048,3.134211,none,0.250
902,1787196810.359821,camera_init,13.621185,-28.803892,0.000000,-0.031187,0.010482,0.999435,0.006817,3.128593,none,0.250
903,1787196822.559599,camera_init,13.535692,-28.798428,0.000000,-0.030984,0.011375,0.999408,0.009672,3.122928,ext:piper_stop_6,0.250
904,1787196830.759310,camera_init,13.381464,-28.792635,0.000000,-0.030167,0.009042,0.999451,0.010258,3.121595,none,0.250
905,1787196833.359364,camera_init,13.229525,-28.790323,0.000000,-0.030112,0.010011,0.999444,0.010268,3.121633,none,0.250
906,1787196857.058966,camera_init,13.172357,-28.783917,0.000000,-0.030277,0.007438,0.999479,0.008309,3.125403,ext:piper_stop_7,0.250
907,1787196873.458987,camera_init,13.019435,-28.778159,0.000000,-0.029343,0.009943,0.999489,0.007809,3.126539,none,0.250
908,1787196874.358930,camera_init,12.853851,-28.779633,0.000000,-0.025058,0.009840,0.999621,0.005793,3.130489,none,0.250
909,1787196874.859202,camera_init,12.668421,-28.758350,0.000000,-0.027760,0.009744,0.999550,0.005840,3.130441,none,0.250
910,1787196875.359004,camera_init,12.482373,-28.757167,0.000000,-0.031286,0.010990,0.999443,0.003786,3.134699,none,0.250
911,1787196875.759125,camera_init,12.331416,-28.751749,0.000000,-0.031623,0.011260,0.999430,0.003718,3.134860,none,0.250
912,1787196876.159232,camera_init,12.175069,-28.744527,0.000000,-0.030554,0.009895,0.999479,0.003070,3.136051,none,0.250
913,1787196876.559105,camera_init,12.009493,-28.747394,0.000000,-0.031711,0.013092,0.999387,-0.006990,-3.126760,none,0.250
914,1787196876.959180,camera_init,11.853436,-28.745921,0.000000,-0.029169,0.012307,0.999451,-0.009786,-3.121277,none,0.250
915,1787196877.358855,camera_init,11.697525,-28.748025,0.000000,-0.031250,0.009293,0.999303,-0.018185,-3.104587,none,0.250
916,1787196877.759167,camera_init,11.545110,-28.765116,0.000000,-0.029976,0.011256,0.998894,-0.034426,-3.071965,none,0.250
917,1787196878.158852,camera_init,11.377721,-28.769945,0.000000,-0.031085,0.011421,0.998560,-0.042201,-3.056339,none,0.250
918,1787196878.559219,camera_init,11.192936,-28.780964,0.000000,-0.030557,0.011873,0.998403,-0.046013,-3.048689,none,0.250
919,1787196878.959046,camera_init,11.012831,-28.802294,0.000000,-0.029280,0.013203,0.998380,-0.046970,-3.046735,none,0.250
920,1787196879.359061,camera_init,10.826950,-28.809039,0.000000,-0.028831,0.012181,0.998322,-0.048712,-3.043316,none,0.250
921,1787196879.759163,camera_init,10.628125,-28.816529,0.000000,-0.029240,0.011531,0.998318,-0.048706,-3.043352,none,0.250
922,1787196880.159074,camera_init,10.444708,-28.829986,0.000000,-0.030704,0.013091,0.998394,-0.045770,-3.049096,none,0.250
923,1787196880.559092,camera_init,10.250269,-28.836996,0.000000,-0.030207,0.012061,0.998442,-0.045330,-3.050056,none,0.250
924,1787196880.958992,camera_init,10.049557,-28.855655,0.000000,-0.029135,0.013033,0.998407,-0.046522,-3.047647,none,0.250
925,1787196881.259023,camera_init,9.888314,-28.871911,0.000000,-0.028674,0.012596,0.998355,-0.048031,-3.044663,none,0.250
926,1787196881.558982,camera_init,9.720038,-28.877078,0.000000,-0.030536,0.012431,0.998074,-0.052557,-3.035535,none,0.250
927,1787196881.959036,camera_init,9.537242,-28.911339,0.000000,-0.031074,0.011335,0.996738,-0.073611,-2.993336,none,0.250
928,1787196882.360078,camera_init,9.333600,-28.934952,0.000000,-0.030431,0.012455,0.996256,-0.079956,-2.980550,none,0.250
929,1787196882.658823,camera_init,9.172115,-28.956689,0.000000,-0.030753,0.012134,0.995865,-0.084620,-2.971185,none,0.250
930,1787196882.960044,camera_init,9.011361,-28.979540,0.000000,-0.031328,0.009841,0.995537,-0.088476,-2.963550,none,0.250
931,1787196883.359138,camera_init,8.820911,-29.009870,0.000000,-0.031515,0.013148,0.995545,-0.087884,-2.964533,none,0.250
932,1787196883.658976,camera_init,8.665920,-29.027192,0.000000,-0.031077,0.011516,0.995653,-0.087044,-2.966338,none,0.250
933,1787196884.059060,camera_init,8.473038,-29.058673,0.000000,-0.031183,0.009763,0.995473,-0.089248,-2.962006,none,0.250
934,1787196884.459093,camera_init,8.293179,-29.084089,0.000000,-0.031615,0.009716,0.995474,-0.089095,-2.962301,none,0.250
935,1787196884.859023,camera_init,8.114172,-29.113304,0.000000,-0.030429,0.013456,0.995462,-0.089150,-2.962016,none,0.250
936,1787196885.258997,camera_init,7.938619,-29.146095,0.000000,-0.031263,0.010407,0.995044,-0.093820,-2.952772,none,0.250
937,1787196885.658936,camera_init,7.740241,-29.159594,0.000000,-0.031323,0.010209,0.996217,-0.080409,-2.979741,none,0.250
938,1787196886.059018,camera_init,7.544402,-29.189794,0.000000,-0.028870,0.011034,0.996175,-0.081730,-2.977125,none,0.250
939,1787196886.458943,camera_init,7.351095,-29.215414,0.000000,-0.030769,0.009501,0.996151,-0.081526,-2.977558,none,0.250
940,1787196886.859899,camera_init,7.164487,-29.238761,0.000000,-0.030722,0.011375,0.996610,-0.075469,-2.989614,none,0.250
941,1787196887.258862,camera_init,6.973252,-29.264351,0.000000,-0.030051,0.011749,0.997053,-0.069607,-3.001387,none,0.250
942,1787196887.658900,camera_init,6.774986,-29.283297,0.000000,-0.029065,0.010430,0.997042,-0.070376,-2.999952,none,0.250
943,1787196887.958916,camera_init,6.623832,-29.304276,0.000000,-0.029064,0.010578,0.996953,-0.071607,-2.997473,none,0.250
944,1787196888.359844,camera_init,6.427892,-29.332269,0.000000,-0.027878,0.010293,0.997222,-0.068301,-3.004162,none,0.250
945,1787196888.658822,camera_init,6.272398,-29.343434,0.000000,-0.030262,0.010424,0.997114,-0.068841,-3.002994,none,0.250
946,1787196888.958995,camera_init,6.118860,-29.362401,0.000000,-0.030326,0.010079,0.996936,-0.071396,-2.997883,none,0.250
947,1787196889.358893,camera_init,5.930717,-29.382176,0.000000,-0.028767,0.008384,0.997238,-0.067966,-3.004913,none,0.250
948,1787196889.658919,camera_init,5.774919,-29.397578,0.000000,-0.026643,0.012444,0.997364,-0.066337,-3.008032,none,0.250
949,1787196889.958888,camera_init,5.622372,-29.407192,0.000000,-0.027146,0.011239,0.997516,-0.064015,-3.012735,none,0.250
950,1787196890.359860,camera_init,5.437957,-29.422519,0.000000,-0.027535,0.013372,0.997644,-0.061402,-3.017851,none,0.250
951,1787196890.758981,camera_init,5.264417,-29.443527,0.000000,-0.028434,0.012324,0.997706,-0.060187,-3.020311,none,0.250
952,1787196891.158880,camera_init,5.086339,-29.461197,0.000000,-0.026104,0.010693,0.997699,-0.061656,-3.017529,none,0.250
953,1787196891.559863,camera_init,4.907306,-29.474921,0.000000,-0.026653,0.012438,0.997772,-0.059877,-3.020990,none,0.250
954,1787196891.959800,camera_init,4.729637,-29.490359,0.000000,-0.026114,0.011810,0.998380,-0.049148,-3.042548,none,0.250
955,1787196892.358893,camera_init,4.552559,-29.479427,0.000000,-0.026490,0.012147,0.999410,-0.018163,-3.104585,none,0.250
956,1787196892.759820,camera_init,4.376151,-29.471636,0.000000,-0.024842,0.011105,0.999627,-0.002397,-3.136241,none,0.250
957,1787196893.158949,camera_init,4.210550,-29.465395,0.000000,-0.024777,0.010472,0.999637,0.001149,3.139812,none,0.250
958,1787196893.558811,camera_init,4.027369,-29.457486,0.000000,-0.025165,0.010506,0.999612,0.005686,3.130740,none,0.250
959,1787196893.959753,camera_init,3.845144,-29.446789,0.000000,-0.024481,0.010974,0.999585,0.010465,3.121183,none,0.250
960,1787196894.359726,camera_init,3.686590,-29.429314,0.000000,-0.025142,0.012585,0.999235,0.027166,3.087840,none,0.250
961,1787196894.759795,camera_init,3.520697,-29.399261,0.000000,-0.027522,0.009335,0.998098,0.054362,3.033208,none,0.250
962,1787196895.159023,camera_init,3.349646,-29.356437,0.000000,-0.027070,0.008948,0.996058,0.083995,2.973704,none,0.250
963,1787196895.558851,camera_init,3.203887,-29.296927,0.000000,-0.028360,0.008227,0.991328,0.128048,2.884944,none,0.250
964,1787196895.959761,camera_init,3.045824,-29.236636,0.000000,-0.027571,0.010310,0.989862,0.138950,2.863037,none,0.250
965,1787196896.359690,camera_init,2.897179,-29.163773,0.000000,-0.027449,0.011787,0.984593,0.172290,2.795529,none,0.250
966,1787196896.759663,camera_init,2.749078,-29.071049,0.000000,-0.026480,0.008804,0.975727,0.217205,2.703676,none,0.250
967,1787196897.159783,camera_init,2.610857,-28.965933,0.000000,-0.026697,0.009007,0.965048,0.260554,2.614283,none,0.250
968,1787196897.559646,camera_init,2.485338,-28.838390,0.000000,-0.026995,0.011338,0.947987,0.316959,2.496392,none,0.250
969,1787196897.959644,camera_init,2.374419,-28.704136,0.000000,-0.024420,0.009217,0.931865,0.361865,2.400780,none,0.250
970,1787196898.359696,camera_init,2.272374,-28.568529,0.000000,-0.022038,0.007462,0.916472,0.399422,2.319493,none,0.250
971,1787196898.759651,camera_init,2.203618,-28.422281,0.000000,-0.020554,0.009774,0.895720,0.444035,2.221125,none,0.250
972,1787196899.159734,camera_init,2.132455,-28.264196,0.000000,-0.020287,0.009670,0.872406,0.488265,2.121043,none,0.250
973,1787196899.559701,camera_init,2.073801,-28.110243,0.000000,-0.019167,0.008323,0.850108,0.526194,2.032962,none,0.250
974,1787196899.959562,camera_init,2.032671,-27.951316,0.000000,-0.018656,0.009728,0.827955,0.560400,1.951456,none,0.250
975,1787196900.359769,camera_init,2.016917,-27.795426,0.000000,-0.016131,0.006974,0.801189,0.598154,1.858833,none,0.250
976,1787196900.759690,camera_init,2.000326,-27.637006,0.000000,-0.016475,0.010196,0.776912,0.629311,1.779862,none,0.250
977,1787196901.159593,camera_init,1.991397,-27.483075,0.000000,-0.015534,0.010133,0.764257,0.644645,1.740101,none,0.250
978,1787196901.559684,camera_init,1.962239,-27.326419,0.000000,-0.015046,0.010643,0.761251,0.648195,1.730819,none,0.250
979,1787196901.959666,camera_init,1.943424,-27.165526,0.000000,-0.017030,0.009442,0.760420,0.649139,1.728216,none,0.250
980,1787196902.459653,camera_init,1.927067,-26.984086,0.000000,-0.016645,0.008512,0.754265,0.656304,1.709305,none,0.250
981,1787196902.859570,camera_init,1.919853,-26.827163,0.000000,-0.015984,0.008104,0.737180,0.675459,1.657958,none,0.250
982,1787196903.459624,camera_init,1.945346,-26.668153,0.000000,-0.014282,0.009140,0.706944,0.707066,1.570503,none,0.250
983,1787196904.059594,camera_init,1.955357,-26.496021,0.000000,-0.012487,0.007393,0.703959,0.710092,1.562019,none,0.250
984,1787196921.559077,camera_init,1.959772,-26.403529,0.000000,-0.009582,0.007435,0.701398,0.712667,1.554819,avoid_start,0.250
985,1787196948.658965,camera_init,1.957063,-26.231617,0.000000,-0.008384,0.005540,0.702966,0.711153,1.559177,none,0.250
986,1787196949.258948,camera_init,1.960849,-26.077167,0.000000,-0.005901,0.006045,0.702412,0.711720,1.557633,none,0.250
987,1787196949.858917,camera_init,1.967123,-25.891027,0.000000,-0.007903,0.008623,0.699871,0.714174,1.550576,none,0.250
988,1787196950.258890,camera_init,1.980601,-25.734882,0.000000,-0.006405,0.008536,0.699622,0.714433,1.549878,none,0.250
989,1787196950.659061,camera_init,1.983950,-25.580964,0.000000,-0.006823,0.010604,0.700110,0.713924,1.551321,none,0.250
990,1787196951.058875,camera_init,1.984287,-25.420750,0.000000,-0.004709,0.008589,0.698351,0.715689,1.546324,none,0.250
991,1787196951.458904,camera_init,2.009745,-25.232616,0.000000,-0.006866,0.007810,0.687637,0.725980,1.516569,none,0.250
992,1787196951.859265,camera_init,2.039636,-25.036615,0.000000,-0.008056,0.009950,0.673002,0.739530,1.476689,none,0.250
993,1787196952.258923,camera_init,2.068276,-24.839307,0.000000,-0.005507,0.011338,0.667565,0.744444,1.462095,none,0.250
994,1787196952.558849,camera_init,2.105438,-24.685877,0.000000,-0.005067,0.008889,0.653494,0.756862,1.424513,none,0.250
995,1787196952.959287,camera_init,2.153525,-24.506654,0.000000,-0.001612,0.005487,0.633040,0.774098,1.370997,none,0.250
996,1787196953.258850,camera_init,2.204030,-24.363031,0.000000,-0.002154,0.007488,0.614765,0.788671,1.324267,none,0.250
997,1787196953.559220,camera_init,2.251091,-24.216900,0.000000,-0.003770,0.007379,0.609606,0.792661,1.311205,none,0.250
998,1787196953.958876,camera_init,2.313986,-24.035792,0.000000,-0.003956,0.007161,0.601192,0.799063,1.290053,none,0.250
999,1787196954.358856,camera_init,2.382158,-23.852755,0.000000,-0.002415,0.008375,0.584303,0.811489,1.248144,none,0.250
1000,1787196954.659314,camera_init,2.436611,-23.711803,0.000000,-0.001422,0.006405,0.579453,0.814980,1.236175,none,0.250
1001,1787196954.959275,camera_init,2.485225,-23.569029,0.000000,-0.002626,0.005949,0.580253,0.814410,1.238126,none,0.250
1002,1787196955.359183,camera_init,2.544226,-23.406286,0.000000,-0.001466,0.007884,0.582450,0.812827,1.243574,none,0.250
1003,1787196955.759185,camera_init,2.617672,-23.218951,0.000000,-0.002278,0.008903,0.580886,0.813933,1.239750,none,0.250
1004,1787196956.059322,camera_init,2.670867,-23.078545,0.000000,-0.002496,0.008515,0.578885,0.815361,1.234826,none,0.250
1005,1787196956.459270,camera_init,2.732929,-22.905179,0.000000,-0.003658,0.009348,0.581099,0.813771,1.240278,none,0.250
1006,1787196956.859171,camera_init,2.793131,-22.729223,0.000000,-0.002821,0.009231,0.584035,0.811671,1.247506,none,0.250
1007,1787196957.359245,camera_init,2.852401,-22.550781,0.000000,-0.003188,0.008446,0.600910,0.799265,1.289384,none,0.250
1008,1787196957.759153,camera_init,2.859476,-22.392419,0.000000,-0.005916,0.009600,0.645178,0.763949,1.402658,none,0.250
1009,1787196958.158857,camera_init,2.852762,-22.235480,0.000000,-0.005226,0.008938,0.680558,0.732621,1.497194,none,0.250
1010,1787196958.559147,camera_init,2.865794,-22.076963,0.000000,-0.006335,0.007162,0.685711,0.727811,1.511252,none,0.250
1011,1787196958.959086,camera_init,2.873178,-21.904822,0.000000,-0.005567,0.007918,0.690230,0.723526,1.523730,none,0.250
1012,1787196959.359090,camera_init,2.890159,-21.725548,0.000000,-0.006680,0.006906,0.692480,0.721373,1.529930,none,0.250
1013,1787196959.759099,camera_init,2.888590,-21.543273,0.000000,-0.005595,0.007835,0.698926,0.715129,1.547908,none,0.250
1014,1787196960.158913,camera_init,2.895582,-21.350876,0.000000,-0.005899,0.008985,0.699020,0.715022,1.548207,none,0.250
1015,1787196960.559106,camera_init,2.908786,-21.160696,0.000000,-0.004052,0.007605,0.698991,0.715078,1.548084,none,0.250
1016,1787196960.959134,camera_init,2.924092,-20.968629,0.000000,-0.004237,0.007040,0.697695,0.716348,1.544445,none,0.250
1017,1787196961.359105,camera_init,2.936903,-20.769068,0.000000,-0.007010,0.010775,0.699723,0.714299,1.550245,none,0.250
1018,1787196961.659018,camera_init,2.946476,-20.618647,0.000000,-0.005640,0.009456,0.700152,0.713909,1.551394,none,0.250
1019,1787196961.959086,camera_init,2.950386,-20.468203,0.000000,-0.008262,0.008788,0.701499,0.712568,1.555149,none,0.250
1020,1787196962.359059,camera_init,2.956976,-20.280559,0.000000,-0.007560,0.008266,0.702549,0.711547,1.558080,none,0.250
1021,1787196962.759044,camera_init,2.962541,-20.098211,0.000000,-0.006530,0.009140,0.702722,0.711376,1.558597,none,0.250
1022,1787196963.159165,camera_init,2.980512,-19.920717,0.000000,-0.007730,0.010656,0.700550,0.713482,1.552556,none,0.250
1023,1787196963.558958,camera_init,2.979880,-19.738646,0.000000,-0.009794,0.008892,0.703052,0.711016,1.559513,none,0.250
1024,1787196963.958958,camera_init,2.985864,-19.569018,0.000000,-0.007458,0.008210,0.707424,0.706702,1.571830,none,0.250
1025,1787196964.360149,camera_init,2.979095,-19.373740,0.000000,-0.008634,0.011244,0.719380,0.694472,1.606086,none,0.250
1026,1787196964.759057,camera_init,2.959348,-19.210300,0.000000,-0.010226,0.011281,0.740256,0.672153,1.667202,none,0.250
1027,1787196965.160037,camera_init,2.930681,-19.044421,0.000000,-0.011427,0.010825,0.761488,0.647988,1.731528,none,0.250
1028,1787196965.558997,camera_init,2.886079,-18.898484,0.000000,-0.012719,0.008762,0.783699,0.620948,1.801468,none,0.250
1029,1787196966.059013,camera_init,2.808143,-18.737019,0.000000,-0.014538,0.008520,0.825975,0.563454,1.944238,none,0.250
1030,1787196966.458909,camera_init,2.731337,-18.598307,0.000000,-0.014575,0.009902,0.843448,0.536921,2.007846,none,0.250
1031,1787196966.858910,camera_init,2.656740,-18.448179,0.000000,-0.012063,0.010776,0.846141,0.532714,2.017905,none,0.250
1032,1787196967.258896,camera_init,2.586569,-18.285637,0.000000,-0.015220,0.008350,0.846576,0.531984,2.019483,none,0.250
1033,1787196967.658871,camera_init,2.517053,-18.114890,0.000000,-0.014514,0.011015,0.847686,0.530185,2.023807,none,0.250
1034,1787196968.059036,camera_init,2.447584,-17.955257,0.000000,-0.015683,0.012400,0.842390,0.538498,2.004110,none,0.250
1035,1787196968.458923,camera_init,2.402495,-17.779526,0.000000,-0.016398,0.011086,0.828974,0.558936,1.955124,none,0.250
1036,1787196968.860022,camera_init,2.342039,-17.600149,0.000000,-0.016356,0.010846,0.815497,0.578428,1.907694,none,0.250
1037,1787196969.258940,camera_init,2.318119,-17.421021,0.000000,-0.015194,0.009181,0.798186,0.602149,1.848909,none,0.250
1038,1787196969.658860,camera_init,2.286401,-17.250375,0.000000,-0.016320,0.009850,0.785837,0.618140,1.808469,none,0.250
1039,1787196970.058829,camera_init,2.256167,-17.059183,0.000000,-0.015251,0.011638,0.775144,0.631493,1.774315,none,0.250
1040,1787196970.458905,camera_init,2.244190,-16.869911,0.000000,-0.014364,0.012190,0.758435,0.651476,1.722226,none,0.250
1041,1787196970.860058,camera_init,2.223755,-16.693889,0.000000,-0.011074,0.009421,0.746119,0.665654,1.684655,none,0.250
1042,1787196971.258819,camera_init,2.215284,-16.511019,0.000000,-0.012069,0.009190,0.732454,0.680647,1.644043,none,0.250
1043,1787196971.659917,camera_init,2.226482,-16.324928,0.000000,-0.011463,0.006758,0.720036,0.693809,1.607813,none,0.250
1044,1787196972.058836,camera_init,2.219265,-16.142426,0.000000,-0.012013,0.007846,0.718411,0.695471,1.603166,none,0.250
1045,1787196972.360057,camera_init,2.222157,-15.979754,0.000000,-0.013308,0.006854,0.718316,0.695556,1.602866,none,0.250
1046,1787196972.658850,camera_init,2.225600,-15.824851,0.000000,-0.011855,0.003600,0.716498,0.697479,1.597570,none,0.250
1047,1787196972.960023,camera_init,2.218898,-15.674870,0.000000,-0.010448,0.006197,0.716984,0.696984,1.599017,none,0.250
1048,1787196973.359899,camera_init,2.222074,-15.481929,0.000000,-0.013480,0.006063,0.718097,0.695786,1.602213,none,0.250
1049,1787196973.658982,camera_init,2.224769,-15.316825,0.000000,-0.013104,0.008333,0.717396,0.696493,1.600266,none,0.250
1050,1787196973.959911,camera_init,2.219749,-15.143966,0.000000,-0.012868,0.011666,0.717178,0.696673,1.599780,none,0.250
1051,1787196974.259874,camera_init,2.223962,-14.991093,0.000000,-0.014040,0.008824,0.714940,0.698989,1.593244,none,0.250
1052,1787196974.658878,camera_init,2.220363,-14.803282,0.000000,-0.015971,0.008783,0.714381,0.699520,1.591645,none,0.250
1053,1787196975.059896,camera_init,2.218308,-14.601764,0.000000,-0.011796,0.009097,0.711474,0.702554,1.583359,none,0.250
1054,1787196975.359911,camera_init,2.224802,-14.446395,0.000000,-0.010702,0.010182,0.711346,0.702687,1.583036,none,0.250
1055,1787196975.659954,camera_init,2.232530,-14.292700,0.000000,-0.011341,0.009467,0.711801,0.702226,1.584304,none,0.250
1056,1787196975.959899,camera_init,2.232801,-14.131504,0.000000,-0.011310,0.005855,0.710361,0.703722,1.580095,none,0.250
1057,1787196976.259919,camera_init,2.228672,-13.977364,0.000000,-0.008131,0.006103,0.707713,0.706427,1.572586,none,0.250
1058,1787196976.659838,camera_init,2.238470,-13.790123,0.000000,-0.009362,0.004555,0.708705,0.705428,1.575365,none,0.250
1059,1787196977.059960,camera_init,2.255560,-13.598010,0.000000,-0.011908,0.006614,0.707773,0.706309,1.572769,none,0.250
1060,1787196977.459839,camera_init,2.249931,-13.407088,0.000000,-0.011888,0.006555,0.707508,0.706575,1.572019,none,0.250
1061,1787196977.858856,camera_init,2.250552,-13.229739,0.000000,-0.014678,0.007254,0.708623,0.705397,1.575197,none,0.250
1062,1787196978.259940,camera_init,2.262150,-13.037707,0.000000,-0.016222,0.006406,0.709218,0.704773,1.576863,none,0.250
1063,1787196978.659856,camera_init,2.259597,-12.871069,0.000000,-0.016446,0.011154,0.707501,0.706432,1.572163,none,0.250
1064,1787196988.259589,camera_init,2.261487,-12.872245,0.000000,-0.013312,0.007364,0.706646,0.707404,1.569602,avoid_end,0.250
1065,1787196993.459530,camera_init,2.263423,-12.689891,0.000000,-0.007096,0.007513,0.710186,0.703939,1.579638,none,0.250
1066,1787196993.859524,camera_init,2.258638,-12.524260,0.000000,-0.007697,0.006586,0.710151,0.703977,1.579513,none,0.250
1067,1787196994.259450,camera_init,2.267762,-12.333062,0.000000,-0.008314,0.006698,0.711412,0.702694,1.583103,none,0.250
1068,1787196994.659496,camera_init,2.273612,-12.152960,0.000000,-0.010110,0.005993,0.710811,0.703285,1.581375,none,0.250
1069,1787196995.059418,camera_init,2.275980,-11.990763,0.000000,-0.010761,0.010007,0.713316,0.700688,1.588646,none,0.250
1070,1787196995.459402,camera_init,2.279638,-11.791985,0.000000,-0.015635,0.009993,0.714729,0.699155,1.592687,none,0.250
1071,1787196995.859361,camera_init,2.285043,-11.608701,0.000000,-0.015545,0.005436,0.714794,0.699141,1.592727,none,0.250
1072,1787196996.159326,camera_init,2.283488,-11.454841,0.000000,-0.015920,0.007709,0.716871,0.696982,1.598742,none,0.250
1073,1787196996.559464,camera_init,2.282659,-11.252744,0.000000,-0.012385,0.007961,0.716897,0.697024,1.598821,none,0.250
1074,1787196996.859470,camera_init,2.286662,-11.102392,0.000000,-0.015930,0.006119,0.719157,0.694638,1.605268,none,0.250
1075,1787196997.259327,camera_init,2.275882,-10.920327,0.000000,-0.017554,0.006700,0.727163,0.686207,1.628486,none,0.250
1076,1787196997.659307,camera_init,2.272746,-10.720819,0.000000,-0.018394,0.004748,0.730687,0.682448,1.638739,none,0.250
1077,1787196998.059414,camera_init,2.257585,-10.536972,0.000000,-0.018924,0.007106,0.731026,0.682050,1.639798,none,0.250
1078,1787196998.359368,camera_init,2.247427,-10.379628,0.000000,-0.019251,0.007305,0.734005,0.678832,1.648564,none,0.250
1079,1787196998.759310,camera_init,2.197256,-10.208244,0.000000,-0.022549,0.010729,0.773821,0.632911,1.770177,none,0.250
1080,1787196999.159273,camera_init,2.121256,-10.058015,0.000000,-0.023584,0.012102,0.813169,0.581424,1.899931,none,0.250
1081,1787196999.459243,camera_init,2.069649,-9.901602,0.000000,-0.019128,0.009003,0.816431,0.577056,1.910883,none,0.250
1082,1787196999.759217,camera_init,2.013627,-9.710201,0.000000,-0.018918,0.009777,0.818678,0.573857,1.918738,none,0.250
1083,1787197000.059225,camera_init,1.953898,-9.545996,0.000000,-0.022230,0.011314,0.819550,0.572465,1.921970,none,0.250
1084,1787197000.359265,camera_init,1.896915,-9.373693,0.000000,-0.019798,0.007919,0.819870,0.572153,1.922817,none,0.250
1085,1787197000.659247,camera_init,1.838717,-9.221690,0.000000,-0.017420,0.006069,0.821330,0.570155,1.927792,none,0.250
1086,1787197000.959225,camera_init,1.790590,-9.048672,0.000000,-0.021435,0.004852,0.821147,0.570294,1.927194,none,0.250
1087,1787197001.259222,camera_init,1.736559,-8.883230,0.000000,-0.017677,0.007803,0.818473,0.574220,1.917885,none,0.250
1088,1787197001.559181,camera_init,1.671588,-8.723170,0.000000,-0.018474,0.011044,0.816466,0.576993,1.911110,none,0.250
1089,1787197001.859171,camera_init,1.622815,-8.541309,0.000000,-0.021264,0.006222,0.817618,0.575335,1.914921,none,0.250
1090,1787197002.159190,camera_init,1.574248,-8.396429,0.000000,-0.022086,0.009916,0.817790,0.575007,1.915736,none,0.250
1091,1787197002.459174,camera_init,1.518978,-8.241390,0.000000,-0.021988,0.009431,0.818373,0.574189,1.917734,none,0.250
1092,1787197002.759215,camera_init,1.459018,-8.080991,0.000000,-0.021200,0.012544,0.819665,0.572313,1.922430,none,0.250
1093,1787197003.059241,camera_init,1.405788,-7.923763,0.000000,-0.023256,0.014157,0.819154,0.572926,1.920836,none,0.250
1094,1787197003.359208,camera_init,1.353524,-7.745718,0.000000,-0.022072,0.013027,0.819502,0.572503,1.921922,none,0.250
1095,1787197003.659219,camera_init,1.302283,-7.578019,0.000000,-0.022720,0.012031,0.819765,0.572123,1.922787,none,0.250
1096,1787197003.959156,camera_init,1.252074,-7.425533,0.000000,-0.023083,0.013966,0.817246,0.575657,1.914165,none,0.250
1097,1787197004.259229,camera_init,1.205827,-7.276290,0.000000,-0.023660,0.013803,0.813528,0.580881,1.901299,none,0.250
1098,1787197004.559106,camera_init,1.163874,-7.127276,0.000000,-0.022278,0.010445,0.810191,0.585649,1.889571,none,0.250
1099,1787197004.959144,camera_init,1.102854,-6.944110,0.000000,-0.022490,0.012040,0.809563,0.586479,1.887538,none,0.250
1100,1787197005.359200,camera_init,1.049457,-6.761770,0.000000,-0.023174,0.011426,0.810395,0.585314,1.890355,none,0.250
1101,1787197005.759113,camera_init,0.998644,-6.590668,0.000000,-0.022977,0.010835,0.807824,0.588876,1.881549,none,0.250
1102,1787197006.159271,camera_init,0.952374,-6.422393,0.000000,-0.020867,0.013726,0.798511,0.601462,1.850384,none,0.250
1103,1787197006.459054,camera_init,0.942477,-6.254633,0.000000,-0.023125,0.012135,0.781200,0.623734,1.793772,none,0.250
1104,1787197006.859162,camera_init,0.925394,-6.059771,0.000000,-0.018607,0.010540,0.760192,0.649346,1.727582,none,0.250
1105,1787197007.259090,camera_init,0.921311,-5.888130,0.000000,-0.019439,0.011118,0.746766,0.664710,1.686732,none,0.250
1106,1787197007.659060,camera_init,0.924976,-5.731441,0.000000,-0.020794,0.012273,0.730383,0.682611,1.638141,none,0.250
1107,1787197008.059214,camera_init,0.941723,-5.560734,0.000000,-0.022666,0.013072,0.708247,0.705480,1.574369,none,0.250
1108,1787197008.659017,camera_init,0.960050,-5.398910,0.000000,-0.021446,0.010616,0.692165,0.721342,1.529153,none,0.250
1109,1787197009.259087,camera_init,0.971772,-5.226450,0.000000,-0.022409,0.012360,0.680746,0.732072,1.497781,none,0.250
1110,1787197009.759118,camera_init,0.994486,-5.076052,0.000000,-0.020806,0.011060,0.678101,0.734591,1.490518,none,0.250
