seq,stamp,frame_id,x,y,z,qx,qy,qz,qw,yaw,task,tol
0,1787055141.250338,camera_init,0.079269,-0.058100,0.000000,-0.005311,0.008692,0.000702,0.999948,0.001312,none,0.250
1,1787055159.651233,camera_init,0.229412,-0.059419,0.000000,-0.006018,0.009538,-0.002291,0.999934,-0.004698,none,0.250
2,1787055160.750204,camera_init,0.393478,-0.071292,0.000000,-0.003344,0.007670,-0.017959,0.999804,-0.035975,none,0.250
3,1787055162.549941,camera_init,0.555438,-0.077210,0.000000,-0.001050,0.009442,-0.016556,0.999818,-0.033138,none,0.250
4,1787055163.350480,camera_init,0.728321,-0.088235,0.000000,-0.012580,0.010136,-0.014446,0.999765,-0.029150,none,0.250
5,1787055164.350382,camera_init,0.887968,-0.097848,0.000000,-0.005221,0.007696,-0.015009,0.999844,-0.030102,none,0.250
6,1787055165.349987,camera_init,1.053002,-0.109323,0.000000,-0.008490,0.008678,-0.019337,0.999739,-0.038827,none,0.250
7,1787055166.150093,camera_init,1.216556,-0.120022,0.000000,-0.005544,0.008920,-0.018748,0.999769,-0.037602,none,0.250
8,1787055167.050068,camera_init,1.371271,-0.132977,0.000000,-0.004455,0.008148,-0.022192,0.999711,-0.044463,none,0.250
9,1787055167.850650,camera_init,1.532549,-0.143033,0.000000,-0.000631,0.010568,-0.022728,0.999686,-0.045482,none,0.250
10,1787055168.650038,camera_init,1.684819,-0.151406,0.000000,-0.003690,0.010425,-0.023578,0.999661,-0.047245,none,0.250
11,1787055169.549948,camera_init,1.851914,-0.163960,0.000000,-0.002434,0.010815,-0.018643,0.999765,-0.037347,none,0.250
12,1787055170.250006,camera_init,2.004089,-0.174642,0.000000,-0.004056,0.008426,-0.018381,0.999787,-0.036836,none,0.250
13,1787055171.050105,camera_init,2.164135,-0.185454,0.000000,-0.007707,0.010510,-0.017262,0.999766,-0.034693,none,0.250
14,1787055171.949949,camera_init,2.324114,-0.191039,0.000000,-0.001963,0.011923,-0.015292,0.999810,-0.030638,none,0.250
15,1787055172.750131,camera_init,2.484699,-0.202969,0.000000,-0.001231,0.009977,-0.012991,0.999865,-0.026010,none,0.250
16,1787055173.350021,camera_init,2.635611,-0.208535,0.000000,0.001116,0.010059,-0.017191,0.999801,-0.034366,none,0.250
17,1787055173.850097,camera_init,2.797897,-0.219670,0.000000,0.000151,0.011404,-0.017975,0.999773,-0.035955,none,0.250
18,1787055174.450024,camera_init,2.955648,-0.231222,0.000000,-0.003236,0.010782,-0.018630,0.999763,-0.037338,none,0.250
19,1787055175.050184,camera_init,3.134781,-0.244977,0.000000,-0.003425,0.009451,-0.019269,0.999764,-0.038611,none,0.250
20,1787055175.650303,camera_init,3.300292,-0.254712,0.000000,0.000108,0.006395,-0.018678,0.999805,-0.037359,none,0.250
21,1787055176.250165,camera_init,3.472028,-0.273313,0.000000,-0.004674,0.007525,-0.017577,0.999806,-0.035228,none,0.250
22,1787055176.750036,camera_init,3.631885,-0.262550,0.000000,-0.002146,0.012058,-0.010784,0.999867,-0.021625,none,0.250
23,1787055177.250164,camera_init,3.801840,-0.272522,0.000000,-0.007534,0.014111,-0.005863,0.999855,-0.011941,none,0.250
24,1787055177.750194,camera_init,3.978237,-0.270770,0.000000,-0.001940,0.014318,-0.005212,0.999882,-0.010483,none,0.250
25,1787055178.350210,camera_init,4.138854,-0.274699,0.000000,-0.001204,0.011849,-0.005534,0.999914,-0.011099,none,0.250
26,1787055179.050347,camera_init,4.314102,-0.285752,0.000000,-0.002770,0.010575,-0.009120,0.999899,-0.018302,none,0.250
27,1787055186.950286,camera_init,4.482974,-0.300929,0.000000,-0.001727,0.013287,-0.009171,0.999868,-0.018393,none,0.250
28,1787055187.650714,camera_init,4.640466,-0.300955,0.000000,-0.009850,0.013550,-0.000928,0.999859,-0.002124,none,0.250
29,1787055188.250825,camera_init,4.818281,-0.301189,0.000000,-0.002177,0.010551,0.001688,0.999941,0.003330,none,0.250
30,1787055188.650807,camera_init,4.973247,-0.301632,0.000000,0.001585,0.013431,0.001295,0.999908,0.002633,none,0.250
31,1787055189.150855,camera_init,5.149793,-0.312078,0.000000,0.002371,0.013365,0.003718,0.999901,0.007501,none,0.250
32,1787055189.650898,camera_init,5.302357,-0.313380,0.000000,-0.000473,0.010254,0.005223,0.999934,0.010438,none,0.250
33,1787055190.051003,camera_init,5.479609,-0.312127,0.000000,-0.002902,0.012607,0.007652,0.999887,0.015235,none,0.250
34,1787055190.450028,camera_init,5.663795,-0.310238,0.000000,-0.002603,0.011646,0.009885,0.999880,0.019713,none,0.250
35,1787055190.850141,camera_init,5.825346,-0.318830,0.000000,-0.002817,0.010017,0.009258,0.999903,0.018463,none,0.250
36,1787055191.350101,camera_init,6.007247,-0.313804,0.000000,-0.002712,0.009511,0.004340,0.999942,0.008629,none,0.250
37,1787055191.949991,camera_init,6.182836,-0.326435,0.000000,-0.005942,0.006360,0.003700,0.999955,0.007324,none,0.250
38,1787055192.549984,camera_init,6.359510,-0.327971,0.000000,-0.005552,0.009855,0.002815,0.999932,0.005520,none,0.250
39,1787055193.150070,camera_init,6.515880,-0.327729,0.000000,-0.005952,0.008934,0.001001,0.999942,0.001897,none,0.250
40,1787055193.850047,camera_init,6.691832,-0.330170,0.000000,-0.006719,0.009415,-0.001394,0.999932,-0.002915,none,0.250
41,1787055194.451113,camera_init,6.850413,-0.341762,0.000000,-0.005345,0.011728,-0.000226,0.999917,-0.000577,none,0.250
42,1787055195.249947,camera_init,7.006981,-0.329194,0.000000,-0.002204,0.011093,0.000401,0.999936,0.000753,none,0.250
43,1787055195.851226,camera_init,7.190280,-0.347213,0.000000,-0.005377,0.012026,0.004190,0.999904,0.008253,none,0.250
44,1787055196.550160,camera_init,7.360814,-0.347096,0.000000,-0.005701,0.009005,0.004601,0.999933,0.009100,none,0.250
45,1787055197.149907,camera_init,7.531250,-0.347341,0.000000,-0.001434,0.014631,0.003216,0.999887,0.006393,none,0.250
46,1787055197.650406,camera_init,7.694522,-0.354031,0.000000,-0.001453,0.010738,0.002921,0.999937,0.005813,none,0.250
47,1787055198.150257,camera_init,7.848332,-0.368534,0.000000,-0.004837,0.007947,0.000912,0.999956,0.001747,none,0.250
48,1787055198.650069,camera_init,8.007216,-0.366533,0.000000,-0.004351,0.007947,-0.000671,0.999959,-0.001411,none,0.250
49,1787055199.150143,camera_init,8.173639,-0.363495,0.000000,-0.005223,0.008683,-0.001209,0.999948,-0.002510,none,0.250
50,1787055199.749927,camera_init,8.349168,-0.369011,0.000000,0.001041,0.010050,-0.002433,0.999946,-0.004846,none,0.250
51,1787055200.250008,camera_init,8.504632,-0.364608,0.000000,-0.001859,0.007021,-0.001536,0.999972,-0.003098,none,0.250
52,1787055200.849999,camera_init,8.664751,-0.364843,0.000000,0.002258,0.007346,-0.000674,0.999970,-0.001315,none,0.250
53,1787055201.449812,camera_init,8.831100,-0.381996,0.000000,0.007726,0.007879,0.000676,0.999939,0.001474,none,0.250
54,1787055202.050514,camera_init,9.001514,-0.385609,0.000000,0.004159,0.008335,0.001240,0.999956,0.002550,none,0.250
55,1787055202.550082,camera_init,9.152491,-0.390851,0.000000,0.002453,0.008222,-0.000764,0.999963,-0.001487,none,0.250
56,1787055203.049952,camera_init,9.302499,-0.400862,0.000000,-0.000227,0.007986,0.000731,0.999968,0.001459,none,0.250
57,1787055203.749993,camera_init,9.473633,-0.401031,0.000000,-0.003699,0.004923,-0.003508,0.999975,-0.007053,none,0.250
58,1787055204.350104,camera_init,9.628883,-0.406867,0.000000,-0.001714,0.003838,-0.003734,0.999984,-0.007482,none,0.250
59,1787055204.950058,camera_init,9.806783,-0.406062,0.000000,0.002154,0.006258,-0.003707,0.999971,-0.007388,none,0.250
60,1787055205.450056,camera_init,9.981622,-0.420256,0.000000,0.002330,0.007465,-0.004886,0.999957,-0.009738,none,0.250
61,1787055205.950002,camera_init,10.169064,-0.423882,0.000000,0.003659,0.008146,-0.005894,0.999943,-0.011729,none,0.250
62,1787055206.349996,camera_init,10.323745,-0.423392,0.000000,0.005820,0.009473,-0.003425,0.999932,-0.006741,none,0.250
63,1787055206.850087,camera_init,10.497536,-0.431586,0.000000,0.006062,0.009414,-0.002767,0.999933,-0.005421,none,0.250
64,1787055207.250051,camera_init,10.655371,-0.427279,0.000000,0.004401,0.011110,0.004319,0.999919,0.008737,none,0.250
65,1787055207.650120,camera_init,10.807682,-0.421594,0.000000,0.004001,0.011673,0.022062,0.999680,0.044230,none,0.250
66,1787055208.050138,camera_init,10.965662,-0.392556,0.000000,0.003040,0.010383,0.066289,0.997742,0.132758,none,0.250
67,1787055208.450209,camera_init,11.124549,-0.355815,0.000000,0.003506,0.014757,0.104968,0.994360,0.210492,none,0.250
68,1787055208.850171,camera_init,11.281289,-0.304417,0.000000,-0.000627,0.013893,0.133153,0.990998,0.267160,none,0.250
69,1787055209.249970,camera_init,11.427606,-0.247877,0.000000,-0.000799,0.014963,0.158269,0.987282,0.317957,none,0.250
70,1787055209.650109,camera_init,11.574531,-0.184927,0.000000,-0.001020,0.014665,0.182506,0.983095,0.367159,none,0.250
71,1787055210.050079,camera_init,11.720226,-0.126227,0.000000,-0.003449,0.015068,0.198268,0.980026,0.399218,none,0.250
72,1787055210.450010,camera_init,11.867181,-0.062042,0.000000,-0.003421,0.015010,0.213182,0.976891,0.429708,none,0.250
73,1787055210.850184,camera_init,12.003153,0.014126,0.000000,-0.003952,0.014577,0.232449,0.972491,0.469230,none,0.250
74,1787055211.250057,camera_init,12.148662,0.102503,0.000000,-0.002900,0.016764,0.251148,0.967799,0.507856,none,0.250
75,1787055211.650125,camera_init,12.275414,0.185744,0.000000,-0.002890,0.013674,0.283665,0.958822,0.575316,none,0.250
76,1787055212.150118,camera_init,12.400564,0.303134,0.000000,-0.002867,0.015517,0.320854,0.946997,0.653417,none,0.250
77,1787055212.650134,camera_init,12.522583,0.436558,0.000000,-0.004766,0.015591,0.367073,0.930049,0.751867,none,0.250
78,1787055213.150183,camera_init,12.634089,0.573936,0.000000,-0.005240,0.017769,0.407064,0.913212,0.838719,none,0.250
79,1787055213.650276,camera_init,12.727947,0.714206,0.000000,-0.005860,0.018574,0.443106,0.896258,0.918423,none,0.250
80,1787055214.150198,camera_init,12.809303,0.869926,0.000000,-0.006208,0.017454,0.470035,0.882453,0.978944,none,0.250
81,1787055214.550314,camera_init,12.912106,1.027102,0.000000,-0.006804,0.017505,0.473859,0.880401,0.987611,none,0.250
82,1787055214.950265,camera_init,13.002322,1.154209,0.000000,-0.006919,0.017472,0.474451,0.880081,0.988953,none,0.250
83,1787055215.350234,camera_init,13.088641,1.277752,0.000000,-0.005231,0.020398,0.471510,0.881609,0.982447,none,0.250
84,1787055215.750345,camera_init,13.196684,1.423873,0.000000,-0.005227,0.019517,0.471610,0.881576,0.982630,none,0.250
85,1787055216.150344,camera_init,13.293307,1.563107,0.000000,-0.005839,0.016566,0.471915,0.881469,0.983181,none,0.250
86,1787055216.550407,camera_init,13.378951,1.691330,0.000000,-0.007978,0.017118,0.472757,0.880990,0.985066,none,0.250
87,1787055216.950416,camera_init,13.470668,1.817290,0.000000,-0.005817,0.019798,0.472731,0.880965,0.985174,none,0.250
88,1787055217.450412,camera_init,13.568523,1.964612,0.000000,-0.004970,0.020254,0.477200,0.878547,0.995381,none,0.250
89,1787055217.850422,camera_init,13.665480,2.105210,0.000000,-0.007600,0.020262,0.479330,0.877368,1.000168,none,0.250
90,1787055218.250581,camera_init,13.762214,2.248110,0.000000,-0.008033,0.018871,0.478896,0.877632,0.999104,none,0.250
91,1787055218.650579,camera_init,13.859896,2.381252,0.000000,-0.007369,0.019744,0.479257,0.877422,0.999983,none,0.250
92,1787055219.050580,camera_init,13.962782,2.535902,0.000000,-0.007496,0.020473,0.479040,0.877522,0.999520,none,0.250
93,1787055219.449944,camera_init,14.076687,2.688154,0.000000,-0.004716,0.018817,0.476235,0.879104,0.993121,none,0.250
94,1787055219.850721,camera_init,14.184804,2.848114,0.000000,-0.004945,0.018368,0.474676,0.879955,0.989549,none,0.250
95,1787055220.250672,camera_init,14.293740,2.999519,0.000000,-0.005806,0.018279,0.475282,0.879625,0.990902,none,0.250
96,1787055220.650602,camera_init,14.387475,3.135975,0.000000,-0.006419,0.020232,0.475192,0.879626,0.990773,none,0.250
97,1787055221.050662,camera_init,14.486708,3.282188,0.000000,-0.004749,0.019380,0.477052,0.878648,0.995007,none,0.250
98,1787055221.450771,camera_init,14.594758,3.440842,0.000000,-0.005559,0.018809,0.479528,0.877307,1.000603,none,0.250
99,1787055221.850672,camera_init,14.690278,3.590327,0.000000,-0.006716,0.019244,0.480940,0.876517,1.003817,none,0.250
100,1787055222.250002,camera_init,14.795363,3.742411,0.000000,-0.005349,0.018712,0.482574,0.875639,1.007557,none,0.250
101,1787055222.650783,camera_init,14.901237,3.908154,0.000000,-0.009097,0.018350,0.483674,0.875009,1.009964,none,0.250
102,1787055223.050773,camera_init,15.009910,4.067856,0.000000,-0.007144,0.018996,0.481382,0.876276,1.004803,none,0.250
103,1787055223.450113,camera_init,15.123205,4.207989,0.000000,-0.009632,0.018633,0.460293,0.887519,0.956880,none,0.250
104,1787055223.850092,camera_init,15.257493,4.329512,0.000000,-0.011315,0.018037,0.412769,0.910587,0.851068,none,0.250
105,1787055224.249972,camera_init,15.417880,4.404385,0.000000,-0.003976,0.014688,0.331045,0.943492,0.674937,none,0.250
106,1787055224.650197,camera_init,15.586435,4.466095,0.000000,-0.005757,0.015592,0.276371,0.960907,0.560070,none,0.250
107,1787055225.050096,camera_init,15.729683,4.545475,0.000000,-0.003393,0.015489,0.254823,0.966858,0.515417,none,0.250
108,1787055225.451005,camera_init,15.878944,4.616264,0.000000,-0.004949,0.015692,0.248224,0.968563,0.501733,none,0.250
109,1787055225.850923,camera_init,16.024823,4.679174,0.000000,-0.005124,0.015992,0.236022,0.971603,0.476569,none,0.250
110,1787055226.250244,camera_init,16.176099,4.751716,0.000000,-0.004737,0.013957,0.231585,0.972703,0.467424,none,0.250
111,1787055226.650138,camera_init,16.335627,4.828157,0.000000,-0.005625,0.017245,0.230307,0.972949,0.464809,none,0.250
112,1787055227.050380,camera_init,16.473187,4.892735,0.000000,-0.002879,0.018720,0.228371,0.973390,0.460949,none,0.250
113,1787055227.550078,camera_init,16.635089,4.979684,0.000000,-0.004561,0.017878,0.246896,0.968866,0.499039,none,0.250
114,1787055228.050222,camera_init,16.758359,5.109336,0.000000,-0.007972,0.021803,0.326299,0.944981,0.664939,none,0.250
115,1787055228.449976,camera_init,16.793388,5.199693,0.000000,-0.010081,0.020789,0.408837,0.912315,0.842566,none,0.250
116,1787055228.850281,camera_init,16.814561,5.303008,0.000000,-0.009606,0.022581,0.486137,0.873538,1.015790,none,0.250
117,1787055229.450347,camera_init,16.879623,5.455897,0.000000,-0.008091,0.023970,0.518274,0.854841,1.090323,none,0.250
118,1787055229.950028,camera_init,16.965700,5.615272,0.000000,-0.008938,0.023865,0.529918,0.847666,1.117667,none,0.250
119,1787055230.350091,camera_init,17.010405,5.772771,0.000000,-0.009774,0.024321,0.564056,0.825320,1.199338,none,0.250
120,1787055230.851173,camera_init,17.021845,5.935570,0.000000,-0.012314,0.024802,0.629663,0.776375,1.363188,none,0.250
121,1787055231.350184,camera_init,17.052392,6.094105,0.000000,-0.010395,0.026193,0.638812,0.768847,1.387035,none,0.250
122,1787055231.750040,camera_init,17.086373,6.254877,0.000000,-0.011302,0.023784,0.640300,0.767674,1.390690,none,0.250
123,1787055232.150014,camera_init,17.121067,6.408140,0.000000,-0.013674,0.025067,0.642843,0.765466,1.397409,none,0.250
124,1787055232.650009,camera_init,17.133456,6.579497,0.000000,-0.011106,0.028833,0.666230,0.745106,1.459772,none,0.250
125,1787055233.150194,camera_init,17.147494,6.750916,0.000000,-0.008970,0.026508,0.672146,0.739890,1.475493,none,0.250
126,1787055233.549953,camera_init,17.166903,6.901349,0.000000,-0.012029,0.022386,0.675465,0.736954,1.484091,none,0.250
127,1787055233.950021,camera_init,17.185013,7.066604,0.000000,-0.012177,0.024151,0.676993,0.735492,1.488398,none,0.250
128,1787055234.450083,camera_init,17.193765,7.232052,0.000000,-0.012588,0.026910,0.688876,0.724270,1.521247,none,0.250
129,1787055234.949970,camera_init,17.188336,7.392614,0.000000,-0.015431,0.023679,0.705185,0.708460,1.566483,none,0.250
130,1787055235.450147,camera_init,17.182946,7.558000,0.000000,-0.013733,0.026030,0.713129,0.700414,1.589289,none,0.250
131,1787055235.950133,camera_init,17.189793,7.734891,0.000000,-0.016990,0.025816,0.714598,0.698853,1.593472,none,0.250
132,1787055236.450207,camera_init,17.189816,7.908804,0.000000,-0.014316,0.027149,0.714163,0.699307,1.592365,none,0.250
133,1787055236.950130,camera_init,17.193906,8.070464,0.000000,-0.014685,0.023862,0.710496,0.703144,1.581559,none,0.250
134,1787055237.350129,camera_init,17.205732,8.231339,0.000000,-0.015672,0.024615,0.706190,0.707421,1.569415,none,0.250
135,1787055237.850037,camera_init,17.199964,8.385633,0.000000,-0.011732,0.028830,0.706990,0.706538,1.572131,none,0.250
136,1787055238.450072,camera_init,17.208981,8.561114,0.000000,-0.012780,0.026247,0.706233,0.707377,1.569704,none,0.250
137,1787055238.949895,camera_init,17.208740,8.729931,0.000000,-0.008478,0.027596,0.707483,0.706140,1.573388,none,0.250
138,1787055239.450034,camera_init,17.210990,8.920593,0.000000,-0.013590,0.029902,0.709777,0.703660,1.580170,none,0.250
139,1787055239.950053,camera_init,17.214552,9.080204,0.000000,-0.011575,0.029380,0.710965,0.702518,1.583487,none,0.250
140,1787055240.549945,camera_init,17.221289,9.255036,0.000000,-0.011671,0.030464,0.708099,0.705359,1.575470,none,0.250
141,1787055241.049955,camera_init,17.230343,9.434146,0.000000,-0.015639,0.030733,0.707304,0.706068,1.573248,none,0.250
142,1787055241.549690,camera_init,17.233690,9.589076,0.000000,-0.011574,0.030236,0.706350,0.707122,1.570486,none,0.250
143,1787055242.149964,camera_init,17.241008,9.750669,0.000000,-0.015590,0.029247,0.706425,0.707011,1.570581,none,0.250
144,1787055242.750063,camera_init,17.247566,9.920947,0.000000,-0.014717,0.030652,0.705791,0.707604,1.568953,none,0.250
145,1787055244.450151,camera_init,17.247788,10.074488,0.000000,-0.010825,0.027241,0.704069,0.709526,1.563697,none,0.250
146,1787055247.750409,camera_init,17.256161,10.231294,0.000000,-0.012041,0.030147,0.704094,0.709364,1.564100,none,0.250
147,1787055248.950352,camera_init,17.263444,10.385678,0.000000,-0.012698,0.029689,0.704315,0.709153,1.564666,none,0.250
148,1787055250.050549,camera_init,17.269125,10.554410,0.000000,-0.013078,0.029608,0.705457,0.708014,1.567883,none,0.250
149,1787055251.050495,camera_init,17.275800,10.717004,0.000000,-0.010333,0.032465,0.706623,0.706770,1.571537,none,0.250
150,1787055251.850600,camera_init,17.278673,10.870111,0.000000,-0.016110,0.029951,0.707026,0.706369,1.572365,none,0.250
151,1787055252.850725,camera_init,17.287388,11.024942,0.000000,-0.011907,0.033850,0.706029,0.707273,1.570041,none,0.250
152,1787055253.850684,camera_init,17.296451,11.187540,0.000000,-0.015740,0.029273,0.705716,0.707715,1.568576,none,0.250
153,1787055254.750700,camera_init,17.301515,11.341000,0.000000,-0.016661,0.029640,0.705097,0.708295,1.566868,none,0.250
154,1787055269.450372,camera_init,17.309884,11.427833,0.000000,-0.011131,0.031976,0.702676,0.710704,1.560327,ext:traffic_light,0.250
155,1787055280.250176,camera_init,17.310968,11.578981,0.000000,-0.009961,0.031123,0.704505,0.708946,1.565379,none,0.250
156,1787055280.850274,camera_init,17.314354,11.758636,0.000000,-0.010474,0.032422,0.703171,0.710204,1.561782,none,0.250
157,1787055281.350024,camera_init,17.322160,11.925016,0.000000,-0.009615,0.035556,0.705096,0.708154,1.567640,none,0.250
158,1787055281.850208,camera_init,17.321949,12.085669,0.000000,-0.009168,0.031312,0.704265,0.709187,1.564725,none,0.250
159,1787055282.450194,camera_init,17.323540,12.276088,0.000000,-0.009659,0.030904,0.706032,0.707439,1.569667,none,0.250
160,1787055282.850223,camera_init,17.333475,12.438725,0.000000,-0.011403,0.031575,0.707449,0.705966,1.573765,none,0.250
161,1787055283.250431,camera_init,17.341299,12.594862,0.000000,-0.013125,0.031010,0.706881,0.706530,1.572084,none,0.250
162,1787055283.650372,camera_init,17.341447,12.770105,0.000000,-0.013562,0.031595,0.706600,0.706777,1.571361,none,0.250
163,1787055284.050274,camera_init,17.352809,12.942441,0.000000,-0.010094,0.031206,0.707921,0.705530,1.575055,none,0.250
164,1787055284.650347,camera_init,17.348285,13.095971,0.000000,-0.014731,0.029818,0.708584,0.704843,1.576768,none,0.250
165,1787055285.150376,camera_init,17.356666,13.272502,0.000000,-0.011413,0.030605,0.708305,0.705151,1.576070,none,0.250
166,1787055285.550552,camera_init,17.365213,13.423833,0.000000,-0.012953,0.029790,0.710573,0.702873,1.582422,none,0.250
167,1787055286.050397,camera_init,17.363448,13.604733,0.000000,-0.013221,0.030751,0.710684,0.702715,1.582855,none,0.250
168,1787055286.450435,camera_init,17.366244,13.765928,0.000000,-0.010778,0.027309,0.709699,0.703893,1.579647,none,0.250
169,1787055286.850446,camera_init,17.367930,13.931257,0.000000,-0.011890,0.028987,0.712277,0.701199,1.587181,none,0.250
170,1787055287.250500,camera_init,17.371028,14.116675,0.000000,-0.013249,0.030472,0.712535,0.700850,1.588099,none,0.250
171,1787055287.650630,camera_init,17.385813,14.287162,0.000000,-0.012719,0.030923,0.700983,0.712394,1.555433,none,0.250
172,1787055288.050601,camera_init,17.398371,14.439996,0.000000,-0.017326,0.030629,0.703015,0.710304,1.561111,none,0.250
173,1787055288.550574,camera_init,17.391918,14.630441,0.000000,-0.012756,0.029184,0.702951,0.710525,1.560762,none,0.250
174,1787055288.950633,camera_init,17.400903,14.809556,0.000000,-0.012652,0.029663,0.704494,0.708977,1.565170,none,0.250
175,1787055289.350683,camera_init,17.409558,14.985947,0.000000,-0.011717,0.022581,0.704856,0.708894,1.565453,none,0.250
176,1787055289.750753,camera_init,17.408133,15.143987,0.000000,-0.010788,0.029305,0.705381,0.708140,1.567633,none,0.250
177,1787055290.150856,camera_init,17.416250,15.334629,0.000000,-0.012756,0.028339,0.705882,0.707647,1.568939,none,0.250
178,1787055290.550703,camera_init,17.423218,15.526266,0.000000,-0.014233,0.022895,0.706176,0.707523,1.569213,none,0.250
179,1787055290.950753,camera_init,17.428650,15.691387,0.000000,-0.010841,0.022110,0.707765,0.706019,1.573639,none,0.250
180,1787055291.349689,camera_init,17.439195,15.847502,0.000000,-0.013208,0.020881,0.706550,0.707231,1.570094,none,0.250
181,1787055291.750152,camera_init,17.440158,16.023269,0.000000,-0.013709,0.023958,0.704671,0.708997,1.565059,none,0.250
182,1787055292.149925,camera_init,17.448736,16.194736,0.000000,-0.012528,0.025036,0.707729,0.705929,1.573814,none,0.250
183,1787055292.450009,camera_init,17.453739,16.347589,0.000000,-0.014988,0.026038,0.706220,0.707355,1.569643,none,0.250
184,1787055292.850008,camera_init,17.455643,16.501923,0.000000,-0.011608,0.022344,0.706764,0.707001,1.570826,none,0.250
185,1787055293.250019,camera_init,17.457740,16.652143,0.000000,-0.009239,0.022760,0.708538,0.705245,1.575891,none,0.250
186,1787055293.649965,camera_init,17.461783,16.832578,0.000000,-0.011009,0.019117,0.710920,0.702927,1.582352,none,0.250
187,1787055293.949910,camera_init,17.456356,16.984035,0.000000,-0.011889,0.017780,0.711058,0.702808,1.582645,none,0.250
188,1787055294.250912,camera_init,17.462672,17.136927,0.000000,-0.010249,0.025282,0.711634,0.702020,1.584940,none,0.250
189,1787055294.649958,camera_init,17.471947,17.318372,0.000000,-0.014411,0.024159,0.713714,0.699872,1.590770,none,0.250
190,1787055295.050052,camera_init,17.473120,17.498642,0.000000,-0.011157,0.027229,0.712749,0.700802,1.588327,none,0.250
191,1787055295.450013,camera_init,17.479275,17.695105,0.000000,-0.013312,0.029083,0.712343,0.701102,1.587384,none,0.250
192,1787055295.850033,camera_init,17.485105,17.872225,0.000000,-0.014660,0.023680,0.712277,0.701346,1.586618,none,0.250
193,1787055296.250049,camera_init,17.479739,18.050613,0.000000,-0.014183,0.025676,0.712965,0.700586,1.588781,none,0.250
194,1787055296.650193,camera_init,17.486088,18.225006,0.000000,-0.012103,0.026568,0.711978,0.701594,1.586058,none,0.250
195,1787055297.050071,camera_init,17.492847,18.416169,0.000000,-0.012013,0.026659,0.711793,0.701781,1.585538,none,0.250
196,1787055297.451112,camera_init,17.493485,18.594019,0.000000,-0.009842,0.026338,0.711802,0.701818,1.585526,none,0.250
197,1787055297.850100,camera_init,17.492452,18.790016,0.000000,-0.011966,0.029500,0.712502,0.700948,1.587885,none,0.250
198,1787055298.250264,camera_init,17.499810,18.975374,0.000000,-0.011268,0.030573,0.712569,0.700845,1.588206,none,0.250
199,1787055298.650181,camera_init,17.504504,19.172157,0.000000,-0.012883,0.030697,0.711205,0.702196,1.584331,none,0.250
200,1787055299.050198,camera_init,17.509002,19.360646,0.000000,-0.014109,0.031175,0.711137,0.702220,1.584199,none,0.250
201,1787055299.550340,camera_init,17.502171,19.541070,0.000000,-0.009645,0.029395,0.710138,0.703383,1.581132,none,0.250
202,1787055300.049991,camera_init,17.517134,19.733376,0.000000,-0.015471,0.025899,0.711276,0.702265,1.583988,none,0.250
203,1787055300.350265,camera_init,17.522428,19.895079,0.000000,-0.016604,0.026231,0.707270,0.706261,1.572638,none,0.250
204,1787055300.750290,camera_init,17.513055,20.066912,0.000000,-0.010204,0.029418,0.707938,0.705588,1.574886,none,0.250
205,1787055301.150403,camera_init,17.526997,20.259425,0.000000,-0.010110,0.029025,0.706770,0.706776,1.571530,none,0.250
206,1787055301.549333,camera_init,17.530158,20.431283,0.000000,-0.013296,0.024322,0.707035,0.706635,1.571777,none,0.250
207,1787055301.949877,camera_init,17.527952,20.604160,0.000000,-0.010104,0.026589,0.708188,0.705451,1.575277,none,0.250
208,1787055302.350394,camera_init,17.542345,20.769142,0.000000,-0.014219,0.024860,0.707988,0.705644,1.574531,none,0.250
209,1787055302.750412,camera_init,17.539977,20.960353,0.000000,-0.012153,0.026919,0.706735,0.706861,1.571196,none,0.250
210,1787055303.149939,camera_init,17.542191,21.140364,0.000000,-0.014085,0.025657,0.707203,0.706404,1.572388,none,0.250
211,1787055303.549981,camera_init,17.553973,21.330826,0.000000,-0.014506,0.023794,0.708334,0.705327,1.575410,none,0.250
212,1787055303.950464,camera_init,17.552999,21.515554,0.000000,-0.013490,0.032045,0.709173,0.704177,1.578719,none,0.250
213,1787055304.350511,camera_init,17.557009,21.710481,0.000000,-0.013561,0.028182,0.709314,0.704198,1.578651,none,0.250
214,1787055304.650074,camera_init,17.557542,21.862315,0.000000,-0.018052,0.028891,0.709166,0.704218,1.578316,none,0.250
215,1787055305.050165,camera_init,17.547342,22.033541,0.000000,-0.013474,0.031468,0.708661,0.704718,1.577191,none,0.250
216,1787055305.450018,camera_init,17.553949,22.236312,0.000000,-0.013651,0.030128,0.709290,0.704141,1.578811,none,0.250
217,1787055305.749966,camera_init,17.560973,22.387224,0.000000,-0.013092,0.028659,0.708221,0.705288,1.575600,none,0.250
218,1787055306.150204,camera_init,17.570587,22.570537,0.000000,-0.013824,0.025503,0.706796,0.706822,1.571219,none,0.250
219,1787055306.550061,camera_init,17.571435,22.768005,0.000000,-0.015057,0.026962,0.705616,0.707921,1.568035,none,0.250
220,1787055306.949996,camera_init,17.572067,22.935114,0.000000,-0.015182,0.029764,0.706367,0.707057,1.570476,none,0.250
221,1787055307.250102,camera_init,17.577019,23.095012,0.000000,-0.016074,0.030246,0.705719,0.707663,1.568701,none,0.250
222,1787055307.650082,camera_init,17.580043,23.290049,0.000000,-0.016252,0.028703,0.706887,0.706557,1.571825,none,0.250
223,1787055308.050088,camera_init,17.577905,23.469066,0.000000,-0.013608,0.027664,0.707163,0.706378,1.572490,none,0.250
224,1787055308.450037,camera_init,17.586258,23.642255,0.000000,-0.012182,0.031001,0.708435,0.704989,1.576490,none,0.250
225,1787055308.850093,camera_init,17.599388,23.843960,0.000000,-0.016288,0.030625,0.708905,0.704450,1.577781,none,0.250
226,1787055309.150089,camera_init,17.601263,23.996499,0.000000,-0.015002,0.026145,0.707596,0.705974,1.573553,none,0.250
227,1787055309.450020,camera_init,17.606680,24.152328,0.000000,-0.017738,0.028915,0.706768,0.706631,1.571513,none,0.250
228,1787055309.850112,camera_init,17.600850,24.341932,0.000000,-0.009164,0.032134,0.706513,0.706911,1.571184,none,0.250
229,1787055310.250077,camera_init,17.613172,24.514388,0.000000,-0.017127,0.033692,0.708092,0.705108,1.575868,none,0.250
230,1787055310.650059,camera_init,17.619415,24.702076,0.000000,-0.012344,0.029784,0.708629,0.704844,1.576892,none,0.250
231,1787055310.950027,camera_init,17.620964,24.857585,0.000000,-0.013653,0.029756,0.709111,0.704336,1.578259,none,0.250
232,1787055311.350112,camera_init,17.621168,25.023534,0.000000,-0.010098,0.029494,0.708399,0.705124,1.576202,none,0.250
233,1787055311.749106,camera_init,17.627722,25.210022,0.000000,-0.008276,0.028144,0.709624,0.703970,1.579524,none,0.250
234,1787055312.050020,camera_init,17.633445,25.368176,0.000000,-0.011186,0.026401,0.710195,0.703420,1.580960,none,0.250
235,1787055312.450134,camera_init,17.644733,25.570950,0.000000,-0.012801,0.028916,0.705776,0.707729,1.568704,none,0.250
236,1787055312.850198,camera_init,17.646847,25.762272,0.000000,-0.010915,0.028614,0.701362,0.712148,1.556226,none,0.250
237,1787055313.250230,camera_init,17.654346,25.937921,0.000000,-0.011041,0.031176,0.700824,0.712567,1.555019,none,0.250
238,1787055320.050687,camera_init,17.654901,25.959330,0.000000,-0.010189,0.032039,0.698868,0.714461,1.549641,ext:traffic_light,0.250
239,1787055326.450059,camera_init,17.661854,26.128408,0.000000,-0.012408,0.026141,0.699975,0.713581,1.552063,none,0.250
240,1787055327.050135,camera_init,17.659464,26.316137,0.000000,-0.011961,0.026099,0.701367,0.712222,1.555967,none,0.250
241,1787055327.549980,camera_init,17.675242,26.499428,0.000000,-0.014421,0.027017,0.706349,0.707201,1.570113,none,0.250
242,1787055327.949944,camera_init,17.681783,26.649845,0.000000,-0.016078,0.023438,0.706677,0.706965,1.570680,none,0.250
243,1787055328.251026,camera_init,17.679718,26.813120,0.000000,-0.013066,0.027966,0.706320,0.707220,1.570134,none,0.250
244,1787055328.650005,camera_init,17.685771,27.001057,0.000000,-0.016776,0.027434,0.707662,0.705819,1.573880,none,0.250
245,1787055328.950030,camera_init,17.689561,27.153619,0.000000,-0.017193,0.026921,0.708607,0.704880,1.576505,none,0.250
246,1787055329.350224,camera_init,17.698687,27.341990,0.000000,-0.014399,0.028758,0.706138,0.707344,1.569709,none,0.250
247,1787055329.750093,camera_init,17.708758,27.511402,0.000000,-0.014580,0.027947,0.703632,0.709865,1.562539,none,0.250
248,1787055330.250246,camera_init,17.710986,27.693716,0.000000,-0.013943,0.024586,0.704113,0.709525,1.563544,none,0.250
249,1787055330.750239,camera_init,17.717636,27.866485,0.000000,-0.012910,0.026543,0.705004,0.708589,1.566260,none,0.250
250,1787055331.148900,camera_init,17.723139,28.024546,0.000000,-0.015215,0.027919,0.706261,0.707237,1.569964,none,0.250
251,1787055331.649765,camera_init,17.720796,28.196414,0.000000,-0.013058,0.027362,0.709442,0.704111,1.578924,none,0.250
252,1787055332.050250,camera_init,17.727487,28.357817,0.000000,-0.011255,0.025538,0.708862,0.704794,1.577081,none,0.250
253,1787055332.450036,camera_init,17.730711,28.514321,0.000000,-0.010141,0.023336,0.709408,0.704339,1.578413,none,0.250
254,1787055332.850289,camera_init,17.730804,28.693501,0.000000,-0.015148,0.024378,0.711456,0.702145,1.584345,none,0.250
255,1787055333.249913,camera_init,17.730183,28.872042,0.000000,-0.013320,0.029632,0.711552,0.701882,1.585193,none,0.250
256,1787055333.649981,camera_init,17.745934,29.041699,0.000000,-0.010634,0.029197,0.706218,0.707312,1.569989,none,0.250
257,1787055334.050399,camera_init,17.752609,29.206182,0.000000,-0.012496,0.027062,0.704208,0.709368,1.564068,none,0.250
258,1787055334.449956,camera_init,17.755816,29.377466,0.000000,-0.011710,0.022250,0.704734,0.709026,1.565080,none,0.250
259,1787055334.850434,camera_init,17.758553,29.528895,0.000000,-0.011518,0.026037,0.706384,0.707256,1.570108,none,0.250
260,1787055335.350437,camera_init,17.759581,29.684656,0.000000,-0.009672,0.026317,0.706229,0.707428,1.569698,none,0.250
261,1787055335.850025,camera_init,17.762960,29.879545,0.000000,-0.013537,0.025982,0.709241,0.704357,1.578204,none,0.250
262,1787055336.350011,camera_init,17.772096,30.050934,0.000000,-0.011952,0.028220,0.710059,0.703475,1.580774,none,0.250
263,1787055336.750060,camera_init,17.770612,30.209816,0.000000,-0.013825,0.023136,0.711067,0.702607,1.583117,none,0.250
264,1787055337.250105,camera_init,17.770426,30.387978,0.000000,-0.012004,0.024001,0.710215,0.703474,1.580771,none,0.250
265,1787055337.749964,camera_init,17.778474,30.566575,0.000000,-0.011198,0.025601,0.712178,0.701442,1.586525,none,0.250
266,1787055338.150287,camera_init,17.787407,30.736436,0.000000,-0.010743,0.025310,0.710140,0.703524,1.580687,none,0.250
267,1787055338.549939,camera_init,17.794685,30.918751,0.000000,-0.010997,0.021608,0.707987,0.705809,1.574225,none,0.250
268,1787055338.950016,camera_init,17.790733,31.076738,0.000000,-0.007087,0.020956,0.708386,0.705479,1.575299,none,0.250
269,1787055339.350027,camera_init,17.798809,31.227500,0.000000,-0.011655,0.022593,0.708647,0.705105,1.576186,none,0.250
270,1787055339.850036,camera_init,17.797534,31.396689,0.000000,-0.011272,0.022376,0.709943,0.703813,1.579846,none,0.250
271,1787055340.349988,camera_init,17.797785,31.558882,0.000000,-0.008135,0.023407,0.712848,0.700881,1.588215,none,0.250
272,1787055340.949758,camera_init,17.801394,31.720035,0.000000,-0.011682,0.024702,0.714432,0.699171,1.592873,none,0.250
273,1787055341.450059,camera_init,17.803055,31.877963,0.000000,-0.012461,0.025445,0.713887,0.699688,1.591391,none,0.250
274,1787055341.950112,camera_init,17.805717,32.043774,0.000000,-0.008729,0.022850,0.714577,0.699129,1.593105,none,0.250
275,1787055342.350010,camera_init,17.814407,32.199666,0.000000,-0.012812,0.025834,0.714844,0.698689,1.594171,none,0.250
276,1787055342.849918,camera_init,17.817963,32.384907,0.000000,-0.012451,0.029557,0.717930,0.695376,1.603454,none,0.250
277,1787055343.350066,camera_init,17.773898,32.555098,0.000000,-0.012255,0.026196,0.755404,0.654621,1.714129,none,0.250
278,1787055343.749994,camera_init,17.711637,32.709111,0.000000,-0.014339,0.025014,0.794688,0.606333,1.838673,none,0.250
279,1787055344.150049,camera_init,17.649518,32.881831,0.000000,-0.014301,0.028386,0.805039,0.592370,1.873672,none,0.250
280,1787055344.550124,camera_init,17.585417,33.045685,0.000000,-0.017335,0.033073,0.823586,0.565961,1.938592,none,0.250
281,1787055344.950192,camera_init,17.482215,33.188770,0.000000,-0.015671,0.031442,0.859153,0.510511,2.070428,none,0.250
282,1787055345.350165,camera_init,17.384057,33.302312,0.000000,-0.017969,0.031981,0.880610,0.472420,2.158023,none,0.250
283,1787055345.650199,camera_init,17.288993,33.436961,0.000000,-0.017946,0.031225,0.889609,0.455301,2.196695,none,0.250
284,1787055346.050279,camera_init,17.162880,33.571339,0.000000,-0.017370,0.033223,0.907937,0.417427,2.281084,none,0.250
285,1787055346.450195,camera_init,17.022242,33.676342,0.000000,-0.016405,0.031517,0.929584,0.366894,2.391010,none,0.250
286,1787055346.850148,camera_init,16.872993,33.765077,0.000000,-0.015653,0.031533,0.952257,0.303260,2.526214,none,0.250
287,1787055347.250227,camera_init,16.705316,33.818231,0.000000,-0.014999,0.033284,0.971744,0.233196,2.671838,none,0.250
288,1787055347.650219,camera_init,16.539322,33.865697,0.000000,-0.016601,0.030741,0.984468,0.172052,2.796742,none,0.250
289,1787055348.050325,camera_init,16.381889,33.896706,0.000000,-0.015348,0.028915,0.991144,0.128696,2.884358,none,0.250
290,1787055348.450250,camera_init,16.230021,33.907754,0.000000,-0.014704,0.025756,0.995481,0.090212,2.961669,none,0.250
291,1787055348.850425,camera_init,16.037469,33.938651,0.000000,-0.018552,0.027703,0.996681,0.074267,2.993920,none,0.250
292,1787055349.350504,camera_init,15.857450,33.970686,0.000000,-0.015822,0.027537,0.997408,0.064558,3.013252,none,0.250
293,1787055349.850484,camera_init,15.684412,33.985194,0.000000,-0.011257,0.030075,0.998239,0.049885,3.042482,none,0.250
294,1787055350.250481,camera_init,15.498213,34.005455,0.000000,-0.014369,0.029296,0.998528,0.043327,3.055760,none,0.250
295,1787055350.650373,camera_init,15.322570,34.016891,0.000000,-0.015507,0.031222,0.998713,0.036834,3.068883,none,0.250
296,1787055351.150486,camera_init,15.148149,34.046042,0.000000,-0.012336,0.031689,0.998865,0.033353,3.075673,none,0.250
297,1787055351.550545,camera_init,14.972633,34.061547,0.000000,-0.015004,0.030411,0.998996,0.029290,3.083924,none,0.250
298,1787055351.850643,camera_init,14.808757,34.066668,0.000000,-0.015388,0.034395,0.998918,0.027250,3.088156,none,0.250
299,1787055352.150486,camera_init,14.651014,34.085939,0.000000,-0.016938,0.033506,0.998984,0.024943,3.092843,none,0.250
300,1787055352.450575,camera_init,14.494329,34.099700,0.000000,-0.016941,0.035317,0.998949,0.023783,3.095227,none,0.250
301,1787055352.850600,camera_init,14.290282,34.118029,0.000000,-0.016077,0.037703,0.998770,0.027901,3.087013,none,0.250
302,1787055353.150541,camera_init,14.138034,34.148633,0.000000,-0.015312,0.035948,0.997936,0.050951,3.040772,none,0.250
303,1787055353.450625,camera_init,13.958758,34.188132,0.000000,-0.016533,0.035871,0.996113,0.078729,2.985180,none,0.250
304,1787055353.750715,camera_init,13.785071,34.243567,0.000000,-0.018598,0.033878,0.993274,0.109143,2.924112,none,0.250
305,1787055354.050692,camera_init,13.627516,34.311002,0.000000,-0.018046,0.035678,0.989386,0.139701,2.862549,none,0.250
306,1787055354.450674,camera_init,13.470795,34.397353,0.000000,-0.017541,0.037207,0.983043,0.178704,2.783550,none,0.250
307,1787055354.850656,camera_init,13.327912,34.513023,0.000000,-0.017638,0.035299,0.968327,0.246549,2.644502,none,0.250
308,1787055355.150726,camera_init,13.219528,34.626839,0.000000,-0.021728,0.037596,0.952665,0.300904,2.531598,none,0.250
309,1787055355.450706,camera_init,13.113990,34.751326,0.000000,-0.022798,0.038368,0.936577,0.347608,2.432768,none,0.250
310,1787055355.850003,camera_init,13.001964,34.888781,0.000000,-0.020270,0.036429,0.922398,0.383986,2.354345,none,0.250
311,1787055356.250864,camera_init,12.933815,35.036697,0.000000,-0.021817,0.035753,0.899643,0.434613,2.243130,none,0.250
312,1787055356.650737,camera_init,12.862753,35.204853,0.000000,-0.021786,0.037571,0.872434,0.486798,2.125362,none,0.250
313,1787055357.050818,camera_init,12.813978,35.379336,0.000000,-0.021902,0.035598,0.847197,0.529633,2.025560,none,0.250
314,1787055357.449948,camera_init,12.764781,35.530430,0.000000,-0.018436,0.034649,0.840373,0.540586,1.999652,none,0.250
315,1787055357.850877,camera_init,12.713094,35.673529,0.000000,-0.018163,0.033695,0.837089,0.545726,1.987360,none,0.250
316,1787055358.250929,camera_init,12.666884,35.844903,0.000000,-0.021039,0.033936,0.824671,0.564201,1.942752,none,0.250
317,1787055358.649934,camera_init,12.634023,36.011249,0.000000,-0.022473,0.035277,0.802009,0.595846,1.864825,none,0.250
318,1787055359.149938,camera_init,12.609583,36.194273,0.000000,-0.020554,0.033216,0.780000,0.624560,1.792201,none,0.250
319,1787055359.650929,camera_init,12.594533,36.364366,0.000000,-0.020052,0.034211,0.763840,0.644187,1.741339,none,0.250
320,1787055360.049992,camera_init,12.561662,36.526605,0.000000,-0.022002,0.034101,0.765075,0.642661,1.745205,none,0.250
321,1787055360.450688,camera_init,12.536009,36.684351,0.000000,-0.020834,0.034300,0.767982,0.639213,1.754294,none,0.250
322,1787055360.850575,camera_init,12.502861,36.857091,0.000000,-0.021402,0.034741,0.776973,0.628210,1.782793,none,0.250
323,1787055361.250324,camera_init,12.458415,37.007509,0.000000,-0.020145,0.034898,0.790119,0.611628,1.825243,none,0.250
324,1787055361.650265,camera_init,12.408225,37.192017,0.000000,-0.019122,0.035520,0.800654,0.597767,1.860201,none,0.250
325,1787055362.050045,camera_init,12.369975,37.363766,0.000000,-0.019521,0.036515,0.806582,0.589670,1.880383,none,0.250
326,1787055362.449989,camera_init,12.307543,37.524118,0.000000,-0.019246,0.035440,0.812247,0.581917,1.899539,none,0.250
327,1787055362.850195,camera_init,12.245759,37.683193,0.000000,-0.021178,0.036269,0.822370,0.567401,1.935044,none,0.250
328,1787055363.249962,camera_init,12.182647,37.843831,0.000000,-0.018227,0.034866,0.830509,0.555614,1.963660,none,0.250
329,1787055363.650253,camera_init,12.111097,38.022713,0.000000,-0.018725,0.034558,0.835011,0.548827,1.979947,none,0.250
330,1787055364.050054,camera_init,12.042841,38.190922,0.000000,-0.018374,0.035879,0.838335,0.543663,1.992357,none,0.250
331,1787055364.449933,camera_init,11.968637,38.353985,0.000000,-0.020035,0.034594,0.840767,0.539920,2.001186,none,0.250
332,1787055364.749949,camera_init,11.906230,38.499937,0.000000,-0.021090,0.036849,0.841623,0.538395,2.004862,none,0.250
333,1787055365.150584,camera_init,11.824541,38.689761,0.000000,-0.019908,0.037599,0.841870,0.538000,2.005866,none,0.250
334,1787055365.450511,camera_init,11.761118,38.850705,0.000000,-0.018187,0.037353,0.842553,0.537008,2.008262,none,0.250
335,1787055365.850246,camera_init,11.696780,39.030537,0.000000,-0.020263,0.037466,0.838127,0.543810,1.992004,none,0.250
336,1787055366.250190,camera_init,11.620267,39.218537,0.000000,-0.019804,0.037631,0.836820,0.545824,1.987210,none,0.250
337,1787055366.550025,camera_init,11.559598,39.370286,0.000000,-0.019284,0.037319,0.836864,0.545797,1.987280,none,0.250
338,1787055366.849983,camera_init,11.493375,39.523388,0.000000,-0.020494,0.036085,0.838798,0.542859,1.994217,none,0.250
339,1787055367.150007,camera_init,11.426200,39.666247,0.000000,-0.021121,0.035866,0.839232,0.542178,1.995811,none,0.250
340,1787055367.550042,camera_init,11.360347,39.839813,0.000000,-0.019488,0.035307,0.840537,0.540252,2.000438,none,0.250
341,1787055367.950254,camera_init,11.284671,40.017230,0.000000,-0.022674,0.038371,0.841107,0.539030,2.003352,none,0.250
342,1787055368.350091,camera_init,11.214629,40.199004,0.000000,-0.021161,0.036701,0.841571,0.538483,2.004643,none,0.250
343,1787055368.650928,camera_init,11.155684,40.347913,0.000000,-0.021184,0.035456,0.841774,0.538248,2.005155,none,0.250
344,1787055369.050850,camera_init,11.084301,40.512222,0.000000,-0.017980,0.034862,0.840670,0.540126,2.000766,none,0.250
345,1787055369.450649,camera_init,11.015243,40.672818,0.000000,-0.020420,0.036750,0.837616,0.544639,1.989992,none,0.250
346,1787055369.850476,camera_init,10.958656,40.853372,0.000000,-0.020614,0.036943,0.828225,0.558796,1.955964,none,0.250
347,1787055370.250364,camera_init,10.894951,41.034602,0.000000,-0.020072,0.034586,0.824389,0.564609,1.941822,none,0.250
348,1787055370.650102,camera_init,10.822271,41.219154,0.000000,-0.020786,0.036437,0.821667,0.568421,1.932580,none,0.250
349,1787055371.050020,camera_init,10.757895,41.400165,0.000000,-0.021227,0.036528,0.822970,0.566511,1.937214,none,0.250
350,1787055371.450144,camera_init,10.701322,41.586062,0.000000,-0.020219,0.037935,0.821775,0.568188,1.933220,none,0.250
351,1787055371.750093,camera_init,10.645718,41.730792,0.000000,-0.020169,0.038072,0.821601,0.568433,1.932630,none,0.250
352,1787055372.050557,camera_init,10.590263,41.892899,0.000000,-0.020627,0.035070,0.822869,0.566772,1.936558,none,0.250
353,1787055372.350338,camera_init,10.538222,42.035151,0.000000,-0.017955,0.032884,0.823811,0.565625,1.939383,none,0.250
354,1787055372.650215,camera_init,10.476289,42.188630,0.000000,-0.019044,0.033409,0.824192,0.565003,1.940869,none,0.250
355,1787055372.950030,camera_init,10.424429,42.341917,0.000000,-0.017959,0.033788,0.824686,0.564295,1.942639,none,0.250
356,1787055373.251165,camera_init,10.365333,42.491731,0.000000,-0.017582,0.034793,0.825424,0.563166,1.945420,none,0.250
357,1787055373.550997,camera_init,10.308866,42.644591,0.000000,-0.020023,0.036335,0.825751,0.562507,1.946982,none,0.250
358,1787055373.850907,camera_init,10.253899,42.788587,0.000000,-0.019392,0.032798,0.827385,0.560342,1.952137,none,0.250
359,1787055374.150760,camera_init,10.194058,42.959096,0.000000,-0.020909,0.034247,0.828361,0.558756,1.955959,none,0.250
360,1787055374.450577,camera_init,10.131180,43.111994,0.000000,-0.020439,0.035826,0.828012,0.559191,1.954977,none,0.250
361,1787055374.750522,camera_init,10.087543,43.260079,0.000000,-0.020637,0.035806,0.828155,0.558973,1.955496,none,0.250
362,1787055375.050359,camera_init,10.028884,43.414719,0.000000,-0.020824,0.035339,0.828758,0.558103,1.957577,none,0.250
363,1787055375.350202,camera_init,9.962939,43.554202,0.000000,-0.018804,0.034418,0.828837,0.558113,1.957596,none,0.250
364,1787055375.650218,camera_init,9.911672,43.713200,0.000000,-0.018629,0.033343,0.829308,0.557485,1.959086,none,0.250
365,1787055375.950105,camera_init,9.858916,43.857949,0.000000,-0.019513,0.033067,0.828534,0.558620,1.956303,none,0.250
366,1787055376.249913,camera_init,9.804809,44.001181,0.000000,-0.018935,0.034773,0.829325,0.557362,1.959416,none,0.250
367,1787055376.650079,camera_init,9.732537,44.187181,0.000000,-0.019498,0.033759,0.830076,0.556285,1.961962,none,0.250
368,1787055377.050151,camera_init,9.666692,44.354874,0.000000,-0.018099,0.032225,0.831550,0.554219,1.966940,none,0.250
369,1787055377.349996,camera_init,9.601743,44.517436,0.000000,-0.021808,0.034131,0.832532,0.552494,1.971014,none,0.250
370,1787055377.650326,camera_init,9.554249,44.683786,0.000000,-0.019724,0.034597,0.821614,0.568651,1.932004,none,0.250
371,1787055377.950907,camera_init,9.503731,44.838025,0.000000,-0.018790,0.033904,0.818641,0.572995,1.921416,none,0.250
372,1787055378.250167,camera_init,9.458353,45.006241,0.000000,-0.021274,0.034349,0.811491,0.582966,1.896829,none,0.250
373,1787055378.550721,camera_init,9.421822,45.176566,0.000000,-0.020687,0.036046,0.797990,0.601236,1.851451,none,0.250
374,1787055378.850662,camera_init,9.381221,45.331889,0.000000,-0.018965,0.033763,0.794070,0.606592,1.838006,none,0.250
375,1787055379.150524,camera_init,9.348202,45.507039,0.000000,-0.021407,0.034813,0.785163,0.617939,1.809126,none,0.250
376,1787055379.450293,camera_init,9.315791,45.670434,0.000000,-0.020813,0.034592,0.781204,0.622969,1.796295,none,0.250
377,1787055379.750278,camera_init,9.280174,45.837656,0.000000,-0.021113,0.034543,0.777401,0.627701,1.784117,none,0.250
378,1787055380.050089,camera_init,9.247487,46.012886,0.000000,-0.020209,0.034160,0.774635,0.631162,1.775232,none,0.250
379,1787055380.349923,camera_init,9.216746,46.169896,0.000000,-0.020012,0.032774,0.774959,0.630844,1.776039,none,0.250
380,1787055380.649956,camera_init,9.200710,46.342463,0.000000,-0.018941,0.035742,0.767814,0.639395,1.753959,none,0.250
381,1787055380.950039,camera_init,9.192160,46.508909,0.000000,-0.017459,0.033379,0.755860,0.653648,1.716546,none,0.250
382,1787055381.250134,camera_init,9.184251,46.679647,0.000000,-0.019318,0.031332,0.742485,0.668851,1.675781,none,0.250
383,1787055381.550083,camera_init,9.165060,46.853616,0.000000,-0.020686,0.031691,0.739094,0.672539,1.665721,none,0.250
384,1787055381.850306,camera_init,9.157937,47.012111,0.000000,-0.019354,0.032810,0.737007,0.674810,1.659662,none,0.250
385,1787055382.150225,camera_init,9.145313,47.193506,0.000000,-0.021204,0.033712,0.735889,0.675930,1.656492,none,0.250
386,1787055382.450074,camera_init,9.137551,47.359392,0.000000,-0.021221,0.034987,0.737070,0.674577,1.660182,none,0.250
387,1787055382.749984,camera_init,9.126188,47.519139,0.000000,-0.019310,0.032113,0.737571,0.674229,1.661237,none,0.250
388,1787055383.050843,camera_init,9.116353,47.693158,0.000000,-0.020470,0.032338,0.739963,0.671557,1.668400,none,0.250
389,1787055383.350739,camera_init,9.101146,47.866600,0.000000,-0.020485,0.030724,0.741402,0.670044,1.672473,none,0.250
390,1787055383.650666,camera_init,9.091510,48.028728,0.000000,-0.020302,0.033559,0.741241,0.670092,1.672387,none,0.250
391,1787055383.950460,camera_init,9.079966,48.190249,0.000000,-0.020763,0.032536,0.742084,0.669195,1.674765,none,0.250
392,1787055384.250388,camera_init,9.054410,48.367799,0.000000,-0.020995,0.029489,0.743862,0.667352,1.679683,none,0.250
393,1787055384.550332,camera_init,9.038197,48.529765,0.000000,-0.016468,0.031414,0.743036,0.668311,1.677411,none,0.250
394,1787055384.850244,camera_init,9.028937,48.707273,0.000000,-0.020085,0.031489,0.744438,0.666647,1.681667,none,0.250
395,1787055385.150083,camera_init,9.012310,48.875824,0.000000,-0.021620,0.030933,0.750584,0.659697,1.700170,none,0.250
396,1787055385.450016,camera_init,8.989879,49.037413,0.000000,-0.020514,0.031694,0.753030,0.656902,1.707701,none,0.250
397,1787055385.750045,camera_init,8.967031,49.202976,0.000000,-0.021202,0.031705,0.759195,0.649744,1.726611,none,0.250
398,1787055386.049968,camera_init,8.953909,49.377975,0.000000,-0.023007,0.032951,0.764365,0.643530,1.742838,none,0.250
399,1787055386.350105,camera_init,8.921147,49.542752,0.000000,-0.022992,0.032837,0.769503,0.637384,1.758889,none,0.250
400,1787055386.650497,camera_init,8.879568,49.705285,0.000000,-0.023803,0.033052,0.778096,0.626824,1.786167,none,0.250
401,1787055386.950277,camera_init,8.810224,49.842206,0.000000,-0.020534,0.034272,0.803015,0.594618,1.867963,none,0.250
402,1787055387.350136,camera_init,8.734246,50.013508,0.000000,-0.023149,0.035091,0.828984,0.557690,1.958464,none,0.250
403,1787055387.750007,camera_init,8.672881,50.178215,0.000000,-0.019570,0.034727,0.831843,0.553578,1.968513,none,0.250
404,1787055388.150900,camera_init,8.617346,50.325221,0.000000,-0.024697,0.034477,0.835740,0.547485,1.982918,none,0.250
405,1787055388.550684,camera_init,8.526090,50.491886,0.000000,-0.023001,0.036061,0.854029,0.518465,2.051827,none,0.250
406,1787055388.950682,camera_init,8.374927,50.612484,0.000000,-0.025822,0.032384,0.903503,0.426576,2.260737,none,0.250
407,1787055389.350546,camera_init,8.241112,50.744408,0.000000,-0.023374,0.033440,0.909637,0.413395,2.289939,none,0.250
408,1787055389.650248,camera_init,8.132820,50.859899,0.000000,-0.025745,0.033968,0.915629,0.399758,2.319848,none,0.250
409,1787055390.050212,camera_init,8.004641,50.982809,0.000000,-0.026266,0.034916,0.929355,0.366593,2.391857,none,0.250
410,1787055390.450079,camera_init,7.878825,51.097215,0.000000,-0.026490,0.035054,0.935064,0.351746,2.423743,none,0.250
411,1787055390.850096,camera_init,7.713447,51.200539,0.000000,-0.025227,0.034961,0.948613,0.313489,2.505017,none,0.250
412,1787055391.250145,camera_init,7.575523,51.287552,0.000000,-0.022142,0.034175,0.953728,0.297901,2.537723,none,0.250
413,1787055391.650144,camera_init,7.424524,51.376628,0.000000,-0.029190,0.034706,0.964058,0.261795,2.613203,none,0.250
414,1787055392.050193,camera_init,7.272954,51.446719,0.000000,-0.022229,0.032475,0.967545,0.249616,2.638162,none,0.250
415,1787055392.450274,camera_init,7.107786,51.503674,0.000000,-0.022129,0.037312,0.975968,0.213552,2.712643,none,0.250
416,1787055392.750232,camera_init,6.961776,51.556668,0.000000,-0.023714,0.035633,0.983391,0.176380,2.788482,none,0.250
417,1787055393.150968,camera_init,6.792115,51.611782,0.000000,-0.022567,0.036548,0.986360,0.158899,2.823972,none,0.250
418,1787055393.550851,camera_init,6.637003,51.646805,0.000000,-0.021259,0.033615,0.990631,0.130643,2.880908,none,0.250
419,1787055393.950797,camera_init,6.472149,51.674195,0.000000,-0.023871,0.033463,0.994798,0.093205,2.956428,none,0.250
420,1787055394.350583,camera_init,6.325868,51.715447,0.000000,-0.023692,0.034092,0.995908,0.080269,2.982437,none,0.250
421,1787055394.850461,camera_init,6.167926,51.734199,0.000000,-0.022999,0.034621,0.996538,0.071999,2.999020,none,0.250
422,1787055578.850404,camera_init,6.018005,51.759131,0.000000,-0.024845,0.036408,0.996303,0.073741,2.995730,none,0.250
423,1787055579.850322,camera_init,5.867755,51.775808,0.000000,-0.022522,0.035274,0.997890,0.049641,3.043838,none,0.250
424,1787055580.950212,camera_init,5.701558,51.773938,0.000000,-0.024054,0.035021,0.998927,0.018437,3.106394,none,0.250
425,1787055581.650235,camera_init,5.531104,51.768285,0.000000,-0.024328,0.034038,0.999012,-0.015004,-3.109917,none,0.250
426,1787055582.750216,camera_init,5.381290,51.723820,0.000000,-0.020782,0.035950,0.996990,-0.065477,-3.009062,none,0.250
427,1787055583.649956,camera_init,5.231336,51.684166,0.000000,-0.018625,0.035602,0.992856,-0.112349,-2.915149,none,0.250
428,1787055584.450108,camera_init,5.084838,51.626329,0.000000,-0.021315,0.033078,0.987397,-0.153290,-2.832408,none,0.250
429,1787055585.050021,camera_init,4.936190,51.566562,0.000000,-0.020727,0.032352,0.981612,-0.186982,-2.764113,none,0.250
430,1787055585.750109,camera_init,4.808046,51.475336,0.000000,-0.020253,0.032513,0.967080,-0.251574,-2.631763,none,0.250
431,1787055586.550858,camera_init,4.688609,51.361323,0.000000,-0.016560,0.031286,0.953480,-0.299372,-2.532682,none,0.250
432,1787055587.150014,camera_init,4.553166,51.260552,0.000000,-0.015733,0.030311,0.950331,-0.309361,-2.511795,none,0.250
433,1787055587.950804,camera_init,4.429415,51.148895,0.000000,-0.016106,0.029747,0.938873,-0.342598,-2.441482,none,0.250
434,1787055588.750657,camera_init,4.305505,51.030618,0.000000,-0.016501,0.028587,0.929120,-0.368302,-2.386484,none,0.250
435,1787055589.650745,camera_init,4.212376,50.906466,0.000000,-0.016463,0.028620,0.912432,-0.407894,-2.300594,none,0.250
436,1787055590.550549,camera_init,4.122723,50.770436,0.000000,-0.013206,0.029664,0.896564,-0.441722,-2.226120,none,0.250
437,1787055591.450537,camera_init,4.048848,50.625229,0.000000,-0.012606,0.025575,0.876376,-0.480783,-2.138122,none,0.250
438,1787055592.350445,camera_init,4.036732,50.501032,0.000000,0.008734,-0.022733,-0.828444,0.559542,-1.953785,none,0.250
439,1787055593.150374,camera_init,4.067877,50.402439,0.000000,0.009517,-0.019691,-0.773475,0.633450,-1.769411,none,0.250
440,1787055594.450338,camera_init,4.075735,50.247966,0.000000,0.006517,-0.018056,-0.727453,0.685889,-1.629864,none,0.250
441,1787055595.850105,camera_init,4.070150,50.091395,0.000000,0.005154,-0.020046,-0.721739,0.691856,-1.613435,none,0.250
442,1787055597.550040,camera_init,4.075546,49.933578,0.000000,0.005319,-0.018440,-0.708008,0.705944,-1.574027,none,0.250
443,1787055598.350083,camera_init,4.069245,49.780301,0.000000,0.006546,-0.018129,-0.705468,0.708480,-1.566822,none,0.250
444,1787055599.150178,camera_init,4.064618,49.629241,0.000000,0.008397,-0.016325,-0.703584,0.710375,-1.561389,none,0.250
445,1787055599.949951,camera_init,4.055069,49.460219,0.000000,0.009354,-0.016820,-0.702418,0.711505,-1.558142,none,0.250
446,1787055600.850113,camera_init,4.054815,49.291085,0.000000,0.005713,-0.020462,-0.701506,0.712347,-1.555850,none,0.250
447,1787055601.850062,camera_init,4.051438,49.136078,0.000000,0.002165,-0.019460,-0.700537,0.713348,-1.553051,none,0.250
448,1787055602.849968,camera_init,4.053449,48.972236,0.000000,0.005229,-0.019682,-0.701231,0.712644,-1.555016,none,0.250
449,1787055603.850185,camera_init,4.026543,48.816725,0.000000,0.005581,-0.018727,-0.704546,0.709390,-1.564265,none,0.250
450,1787055604.850483,camera_init,4.033643,48.652752,0.000000,0.006177,-0.017047,-0.706667,0.707314,-1.570135,none,0.250
451,1787055605.649991,camera_init,4.033044,48.485919,0.000000,0.006122,-0.019553,-0.706796,0.707120,-1.570683,none,0.250
452,1787055606.350499,camera_init,4.016915,48.322390,0.000000,0.004757,-0.017338,-0.707288,0.706697,-1.571911,none,0.250
453,1787055607.150328,camera_init,4.017135,48.162525,0.000000,0.006692,-0.015800,-0.710395,0.703594,-1.580618,none,0.250
454,1787055644.550301,camera_init,3.998232,48.010461,0.000000,0.006448,-0.017998,-0.712500,0.701412,-1.586760,none,0.250
455,1787055646.850124,camera_init,3.993054,47.859239,0.000000,0.008145,-0.017586,-0.714571,0.699295,-1.592641,none,0.250
456,1787055747.149584,camera_init,3.982293,47.701359,0.000000,0.005545,-0.018749,-0.716918,0.696883,-1.599451,none,0.250
457,1787055749.050351,camera_init,3.976646,47.550902,0.000000,0.004605,-0.016770,-0.716624,0.697243,-1.598465,none,0.250
458,1787055779.250849,camera_init,3.969519,47.446243,0.000000,0.006650,-0.018038,-0.718147,0.695626,-1.602926,ext:piper_stop_1,0.250
459,1787055844.750318,camera_init,3.966339,47.292196,0.000000,0.004778,-0.016787,-0.711968,0.701995,-1.585158,none,0.250
460,1787055846.450165,camera_init,3.973379,47.141558,0.000000,0.006791,-0.017327,-0.706681,0.707287,-1.570194,none,0.250
461,1787055847.350455,camera_init,3.966594,46.988188,0.000000,0.007303,-0.018200,-0.705114,0.708823,-1.565830,none,0.250
462,1787055868.151110,camera_init,3.950732,46.835654,0.000000,0.004313,-0.020366,-0.709273,0.704627,-1.577763,none,0.250
463,1787055870.250404,camera_init,3.946902,46.685048,0.000000,0.004106,-0.021533,-0.709779,0.704083,-1.579299,none,0.250
464,1787055885.649955,camera_init,3.944176,46.679884,0.000000,0.004841,-0.019906,-0.709330,0.704579,-1.577888,ext:piper_stop_2,0.250
465,1787055899.950204,camera_init,3.949758,46.524021,0.000000,0.005052,-0.019395,-0.708721,0.705204,-1.576121,none,0.250
466,1787055902.450318,camera_init,3.931201,46.374056,0.000000,0.005763,-0.020038,-0.710480,0.703409,-1.581164,none,0.250
467,1787055918.950713,camera_init,3.929084,46.247641,0.000000,0.007163,-0.018558,-0.713555,0.700317,-1.589810,ext:piper_stop_3,0.250
468,1787055934.549956,camera_init,3.921065,46.096028,0.000000,0.007804,-0.018713,-0.714646,0.699193,-1.592938,none,0.250
469,1787055936.650096,camera_init,3.919871,45.945484,0.000000,0.006262,-0.018170,-0.714831,0.699033,-1.593430,none,0.250
470,1787055951.750026,camera_init,3.910695,45.847244,0.000000,0.007709,-0.016952,-0.716929,0.696898,-1.599351,ext:piper_stop_4,0.250
471,1787055990.850615,camera_init,3.894050,45.678989,0.000000,0.006536,-0.016923,-0.715403,0.698476,-1.594977,none,0.250
472,1787055991.649989,camera_init,3.898063,45.524117,0.000000,0.007025,-0.018373,-0.713608,0.700269,-1.589947,none,0.250
473,1787055992.350659,camera_init,3.888918,45.364308,0.000000,0.006749,-0.018497,-0.707947,0.705991,-1.573858,none,0.250
474,1787055993.050679,camera_init,3.894732,45.205335,0.000000,0.004558,-0.016555,-0.696124,0.717716,-1.540513,none,0.250
475,1787055993.650607,camera_init,3.927979,45.054985,0.000000,0.004056,-0.016772,-0.670466,0.741740,-1.470219,none,0.250
476,1787055994.250675,camera_init,3.986412,44.897352,0.000000,0.003298,-0.013320,-0.623055,0.782058,-1.345616,none,0.250
477,1787055994.850597,camera_init,4.042298,44.744456,0.000000,0.002600,-0.014606,-0.589178,0.807867,-1.260464,none,0.250
478,1787055995.350688,camera_init,4.093418,44.600589,0.000000,0.003654,-0.013874,-0.582789,0.812497,-1.244664,none,0.250
479,1787055995.850729,camera_init,4.155532,44.441990,0.000000,0.006172,-0.014902,-0.581215,0.813590,-1.240862,none,0.250
480,1787055996.350720,camera_init,4.203003,44.267050,0.000000,0.003746,-0.012663,-0.578883,0.815304,-1.235010,none,0.250
481,1787055996.850004,camera_init,4.263841,44.097855,0.000000,0.005682,-0.011858,-0.571196,0.820708,-1.216193,none,0.250
482,1787055997.350714,camera_init,4.330595,43.933785,0.000000,0.005808,-0.011240,-0.559086,0.829013,-1.186808,none,0.250
483,1787055997.850020,camera_init,4.407730,43.775987,0.000000,0.002447,-0.011467,-0.535768,0.844284,-1.131059,none,0.250
484,1787055998.349975,camera_init,4.520514,43.634649,0.000000,0.000717,-0.009258,-0.488606,0.872455,-1.021110,none,0.250
485,1787055998.850801,camera_init,4.608901,43.506087,0.000000,0.001291,-0.007924,-0.472548,0.881269,-0.984455,none,0.250
486,1787055999.349971,camera_init,4.708191,43.347914,0.000000,0.002393,-0.009145,-0.466978,0.884219,-0.971876,none,0.250
487,1787055999.750750,camera_init,4.805311,43.210059,0.000000,0.000386,-0.008780,-0.459777,0.887991,-0.955594,none,0.250
488,1787056000.150760,camera_init,4.897025,43.076235,0.000000,-0.002542,-0.007065,-0.453791,0.891076,-0.942074,none,0.250
489,1787056000.549964,camera_init,4.991543,42.948049,0.000000,-0.001337,-0.006864,-0.436448,0.899702,-0.903343,none,0.250
490,1787056001.050764,camera_init,5.121971,42.826378,0.000000,-0.000016,-0.004417,-0.402416,0.915446,-0.828333,none,0.250
491,1787056001.550776,camera_init,5.239634,42.708363,0.000000,-0.003620,-0.003703,-0.385823,0.922558,-0.792192,none,0.250
492,1787056002.050067,camera_init,5.379846,42.579504,0.000000,-0.004698,-0.005257,-0.360325,0.932800,-0.737219,none,0.250
493,1787056002.450845,camera_init,5.522181,42.467690,0.000000,-0.002948,-0.002202,-0.340093,0.940384,-0.694025,none,0.250
494,1787056002.849934,camera_init,5.680980,42.346995,0.000000,-0.003525,-0.000908,-0.326973,0.945027,-0.666190,none,0.250
495,1787056003.250131,camera_init,5.804950,42.237964,0.000000,-0.003880,-0.001696,-0.323170,0.946331,-0.658143,none,0.250
496,1787056003.649992,camera_init,5.946485,42.126567,0.000000,-0.004745,-0.004235,-0.321101,0.947024,-0.653762,none,0.250
497,1787056003.950029,camera_init,6.061670,42.029119,0.000000,-0.005313,-0.005063,-0.321441,0.946901,-0.654476,none,0.250
498,1787056004.250032,camera_init,6.174224,41.927295,0.000000,-0.004355,-0.001590,-0.319718,0.947502,-0.650849,none,0.250
499,1787056004.549939,camera_init,6.292561,41.823638,0.000000,-0.003566,0.000155,-0.320556,0.947223,-0.652629,none,0.250
500,1787056004.950896,camera_init,6.442022,41.712158,0.000000,-0.001701,-0.002088,-0.320916,0.947104,-0.653391,none,0.250
501,1787056005.350029,camera_init,6.593055,41.596633,0.000000,-0.002827,-0.001733,-0.315296,0.948987,-0.641531,none,0.250
502,1787056005.749915,camera_init,6.745554,41.477458,0.000000,-0.005540,-0.003461,-0.310814,0.950448,-0.632071,none,0.250
503,1787056006.050068,camera_init,6.872612,41.383046,0.000000,-0.003422,-0.000686,-0.307986,0.951385,-0.626144,none,0.250
504,1787056006.449921,camera_init,7.014533,41.270515,0.000000,-0.004867,0.001355,-0.307863,0.951417,-0.625898,none,0.250
505,1787056006.849986,camera_init,7.165507,41.159679,0.000000,-0.005828,-0.001304,-0.306114,0.951976,-0.622197,none,0.250
506,1787056007.249967,camera_init,7.311161,41.040599,0.000000,-0.006001,-0.002905,-0.306183,0.951949,-0.622332,none,0.250
507,1787056007.649886,camera_init,7.459902,40.930559,0.000000,-0.007083,-0.001006,-0.306164,0.951952,-0.622299,none,0.250
508,1787056008.050093,camera_init,7.605554,40.826967,0.000000,-0.005941,0.000993,-0.306897,0.951724,-0.623864,none,0.250
509,1787056008.450010,camera_init,7.758698,40.702775,0.000000,-0.005956,0.000178,-0.305444,0.952191,-0.620802,none,0.250
510,1787056008.850057,camera_init,7.915797,40.587832,0.000000,-0.005454,0.001060,-0.304888,0.952372,-0.619644,none,0.250
511,1787056009.249937,camera_init,8.073408,40.471535,0.000000,-0.005541,-0.000832,-0.303234,0.952900,-0.616154,none,0.250
512,1787056009.750051,camera_init,8.227103,40.357070,0.000000,-0.005970,-0.001414,-0.303209,0.952904,-0.616095,none,0.250
513,1787056010.150030,camera_init,8.378708,40.244598,0.000000,-0.002508,0.000238,-0.303565,0.952807,-0.616864,none,0.250
514,1787056010.550153,camera_init,8.529217,40.134269,0.000000,-0.003262,-0.002136,-0.301005,0.953615,-0.611483,none,0.250
515,1787056010.950044,camera_init,8.667691,40.004964,0.000000,-0.005317,-0.002631,-0.321316,0.946953,-0.654215,none,0.250
516,1787056011.350078,camera_init,8.782996,39.868377,0.000000,-0.004842,-0.002830,-0.368883,0.929459,-0.755597,none,0.250
517,1787056011.750085,camera_init,8.869664,39.704103,0.000000,-0.001985,-0.003095,-0.425515,0.904944,-0.879064,none,0.250
518,1787056012.150065,camera_init,8.944259,39.532268,0.000000,-0.000827,-0.007244,-0.480878,0.876757,-1.003378,none,0.250
519,1787056012.551008,camera_init,9.016105,39.363947,0.000000,-0.000546,-0.006900,-0.506315,0.862321,-1.061878,none,0.250
520,1787056012.950114,camera_init,9.079275,39.193616,0.000000,0.000953,-0.007666,-0.530764,0.847485,-1.119099,none,0.250
521,1787056013.350061,camera_init,9.119186,39.015377,0.000000,-0.000705,-0.009524,-0.573759,0.818968,-1.222321,none,0.250
522,1787056013.750109,camera_init,9.135075,38.821375,0.000000,0.002237,-0.012019,-0.615502,0.788040,-1.326311,none,0.250
523,1787056014.150012,camera_init,9.117682,38.630823,0.000000,0.002636,-0.017853,-0.667931,0.744004,-1.463464,none,0.250
524,1787056014.550084,camera_init,9.077654,38.473660,0.000000,0.004058,-0.017131,-0.709899,0.704083,-1.579299,none,0.250
525,1787056014.950074,camera_init,9.050849,38.284724,0.000000,0.007358,-0.019758,-0.725761,0.687624,-1.625070,none,0.250
526,1787056015.350037,camera_init,9.036763,38.092552,0.000000,0.005394,-0.019480,-0.728788,0.684441,-1.633872,none,0.250
527,1787056015.650086,camera_init,9.021165,37.942820,0.000000,0.006502,-0.019060,-0.733332,0.679572,-1.647160,none,0.250
528,1787056016.050162,camera_init,8.980268,37.766750,0.000000,0.007179,-0.018635,-0.752773,0.657977,-1.705243,none,0.250
529,1787056016.450188,camera_init,8.910487,37.607609,0.000000,0.009843,-0.018944,-0.783569,0.620938,-1.801524,none,0.250
530,1787056016.850163,camera_init,8.827621,37.446861,0.000000,0.008276,-0.023228,-0.811301,0.584109,-1.893917,none,0.250
531,1787056017.250191,camera_init,8.746641,37.266173,0.000000,0.010634,-0.022185,-0.818589,0.573853,-1.918957,none,0.250
532,1787056017.650161,camera_init,8.670176,37.099424,0.000000,0.007144,-0.023263,-0.828551,0.559384,-1.954238,none,0.250
533,1787056018.050268,camera_init,8.571292,36.945300,0.000000,0.012662,-0.024849,-0.850234,0.525666,-2.034244,none,0.250
534,1787056018.450218,camera_init,8.446517,36.814812,0.000000,-0.013195,0.026335,0.880072,-0.473926,-2.153689,none,0.250
535,1787056018.850165,camera_init,8.313116,36.689784,0.000000,-0.016260,0.027379,0.903614,-0.427163,-2.258219,none,0.250
536,1787056019.250173,camera_init,8.180271,36.603009,0.000000,-0.017868,0.029174,0.926922,-0.373692,-2.374767,none,0.250
537,1787056019.650194,camera_init,8.021615,36.543658,0.000000,-0.018521,0.031211,0.949017,-0.313128,-2.503635,none,0.250
538,1787056020.050196,camera_init,7.852270,36.479129,0.000000,-0.019912,0.032296,0.965620,-0.257175,-2.620220,none,0.250
539,1787056020.450211,camera_init,7.678391,36.442457,0.000000,-0.021031,0.033848,0.979329,-0.198309,-2.740968,none,0.250
540,1787056020.850292,camera_init,7.524816,36.438619,0.000000,-0.020062,0.036203,0.991121,-0.126354,-2.886811,none,0.250
541,1787056021.250223,camera_init,7.372079,36.446488,0.000000,-0.020048,0.036572,0.996727,-0.069249,-3.001538,none,0.250
542,1787056021.650205,camera_init,7.192444,36.466542,0.000000,-0.020806,0.035724,0.998767,-0.027475,-3.085149,none,0.250
543,1787056022.050308,camera_init,7.035570,36.503048,0.000000,-0.022243,0.037066,0.998794,0.023293,3.096649,none,0.250
544,1787056022.550202,camera_init,6.860288,36.552138,0.000000,-0.020511,0.034969,0.996059,0.078881,2.985081,none,0.250
545,1787056022.950378,camera_init,6.712778,36.616037,0.000000,-0.024693,0.036542,0.992173,0.116822,2.909112,none,0.250
546,1787056023.350208,camera_init,6.559012,36.684749,0.000000,-0.022544,0.035458,0.987482,0.152029,2.837831,none,0.250
547,1787056023.750281,camera_init,6.408087,36.771659,0.000000,-0.025677,0.038380,0.979786,0.194646,2.751513,none,0.250
548,1787056024.150400,camera_init,6.269067,36.837753,0.000000,-0.021562,0.037431,0.978798,0.200222,2.739897,none,0.250
549,1787056024.550347,camera_init,6.123342,36.912229,0.000000,-0.020976,0.034782,0.976653,0.210950,2.717792,none,0.250
550,1787056024.950266,camera_init,5.975571,37.004945,0.000000,-0.023926,0.035701,0.970595,0.236850,2.664740,none,0.250
551,1787056025.350367,camera_init,5.844185,37.125046,0.000000,-0.025150,0.034009,0.955543,0.291803,2.550538,none,0.250
552,1787056025.750328,camera_init,5.746931,37.243982,0.000000,-0.025739,0.034994,0.934438,0.353466,2.420057,none,0.250
553,1787056026.150413,camera_init,5.668125,37.382483,0.000000,-0.023894,0.035112,0.914076,0.403313,2.312152,none,0.250
554,1787056026.650516,camera_init,5.569660,37.537195,0.000000,-0.023281,0.032906,0.901655,0.430573,2.251949,none,0.250
555,1787056027.050412,camera_init,5.457706,37.675234,0.000000,-0.026154,0.031957,0.900443,0.433010,2.246424,none,0.250
556,1787056027.450358,camera_init,5.363533,37.796995,0.000000,-0.025543,0.033351,0.897476,0.439059,2.233040,none,0.250
557,1787056027.950636,camera_init,5.274821,37.959940,0.000000,-0.024701,0.032527,0.888404,0.457242,2.192252,none,0.250
558,1787056028.350423,camera_init,5.222867,38.109900,0.000000,-0.023512,0.035230,0.864235,0.501302,2.091770,none,0.250
559,1787056028.850343,camera_init,5.199344,38.292223,0.000000,-0.023279,0.033867,0.822642,0.567072,1.935665,none,0.250
560,1787056029.350549,camera_init,5.202378,38.483877,0.000000,-0.024302,0.035074,0.776841,0.628249,1.782505,none,0.250
561,1787056029.750580,camera_init,5.213895,38.639271,0.000000,-0.022720,0.031003,0.739229,0.672357,1.666051,none,0.250
562,1787056030.150376,camera_init,5.242877,38.803494,0.000000,-0.024637,0.031716,0.696076,0.716844,1.541756,none,0.250
563,1787056030.650540,camera_init,5.317351,38.965599,0.000000,-0.022437,0.029475,0.637502,0.769557,1.383754,none,0.250
564,1787056031.050473,camera_init,5.396728,39.094673,0.000000,-0.021134,0.030279,0.588978,0.807305,1.260638,none,0.250
565,1787056031.549979,camera_init,5.499541,39.231672,0.000000,-0.020892,0.026218,0.525787,0.849955,1.107710,none,0.250
566,1787056031.950050,camera_init,5.618632,39.333506,0.000000,-0.021571,0.027404,0.473732,0.879978,0.987289,none,0.250
567,1787056032.450551,camera_init,5.734818,39.440300,0.000000,-0.020169,0.022329,0.434508,0.900165,0.898932,none,0.250
568,1787056032.950494,camera_init,5.878084,39.529953,0.000000,-0.019984,0.021486,0.366038,0.930137,0.749247,none,0.250
569,1787056033.450047,camera_init,6.044471,39.611701,0.000000,-0.019362,0.018512,0.319627,0.947165,0.650324,none,0.250
570,1787056033.950042,camera_init,6.185672,39.715035,0.000000,-0.018143,0.019557,0.318316,0.947609,0.647610,none,0.250
571,1787056034.350590,camera_init,6.307569,39.806657,0.000000,-0.017122,0.021810,0.315258,0.948601,0.641222,none,0.250
572,1787056034.750081,camera_init,6.437151,39.900759,0.000000,-0.019433,0.022253,0.315463,0.948478,0.641557,none,0.250
573,1787056035.150535,camera_init,6.577626,40.007334,0.000000,-0.020089,0.018545,0.321389,0.946553,0.654017,none,0.250
574,1787056035.550108,camera_init,6.697995,40.108115,0.000000,-0.019719,0.019589,0.339873,0.940061,0.693244,none,0.250
575,1787056035.950643,camera_init,6.801305,40.222842,0.000000,-0.019917,0.022375,0.373517,0.927140,0.765385,none,0.250
576,1787056036.450685,camera_init,6.916809,40.365701,0.000000,-0.018434,0.022115,0.402271,0.915068,0.827914,none,0.250
577,1787056036.850548,camera_init,7.021187,40.479049,0.000000,-0.017592,0.023315,0.409728,0.911740,0.844325,none,0.250
578,1787056037.350611,camera_init,7.107560,40.633336,0.000000,-0.018997,0.016823,0.459386,0.887874,0.954507,none,0.250
579,1787056037.850127,camera_init,7.185029,40.787305,0.000000,-0.019923,0.026742,0.498073,0.866494,1.043127,none,0.250
580,1787056038.350583,camera_init,7.267123,40.926340,0.000000,-0.024625,0.029209,0.501318,0.864419,1.050588,none,0.250
581,1787056038.850039,camera_init,7.333009,41.071905,0.000000,-0.018816,0.028442,0.531299,0.846497,1.120941,none,0.250
582,1787056039.350120,camera_init,7.359772,41.223945,0.000000,-0.020378,0.025571,0.580754,0.813422,1.239961,none,0.250
583,1787056039.750052,camera_init,7.399692,41.370922,0.000000,-0.020748,0.027582,0.600657,0.798761,1.289541,none,0.250
584,1787056040.150118,camera_init,7.403791,41.520918,0.000000,-0.020031,0.030736,0.645980,0.762473,1.406087,none,0.250
585,1787056040.650005,camera_init,7.424496,41.706701,0.000000,-0.021272,0.031107,0.664200,0.746605,1.454467,none,0.250
586,1787056041.050200,camera_init,7.424140,41.870316,0.000000,-0.020862,0.031574,0.696732,0.716332,1.543583,none,0.250
587,1787056041.450192,camera_init,7.384144,42.035194,0.000000,-0.022146,0.032874,0.732807,0.679281,1.647271,none,0.250
588,1787056041.849916,camera_init,7.335207,42.197189,0.000000,-0.019384,0.031922,0.772946,0.633372,1.769520,none,0.250
589,1787056042.349976,camera_init,7.266101,42.356919,0.000000,-0.019935,0.033710,0.808114,0.587723,1.885115,none,0.250
590,1787056042.850747,camera_init,7.208972,42.531033,0.000000,-0.019087,0.033306,0.816539,0.576013,1.913999,none,0.250
591,1787056043.350147,camera_init,7.138764,42.702108,0.000000,-0.021680,0.033085,0.828017,0.559306,1.954558,none,0.250
592,1787056043.750076,camera_init,7.055075,42.850416,0.000000,-0.023538,0.034563,0.851254,0.523085,2.040896,none,0.250
593,1787056044.149962,camera_init,6.941669,42.956963,0.000000,-0.022108,0.038301,0.890388,0.453049,2.202025,none,0.250
594,1787056044.550018,camera_init,6.816499,43.044194,0.000000,-0.023437,0.036309,0.924577,0.378535,2.366158,none,0.250
595,1787056045.050033,camera_init,6.642524,43.118699,0.000000,-0.022987,0.034093,0.957802,0.284471,2.565843,none,0.250
596,1787056045.550135,camera_init,6.458316,43.153419,0.000000,-0.024545,0.034777,0.979681,0.195991,2.748506,none,0.250
597,1787056046.049960,camera_init,6.280311,43.178593,0.000000,-0.021932,0.036351,0.991717,0.121227,2.900073,none,0.250
598,1787056046.450079,camera_init,6.117338,43.198167,0.000000,-0.020759,0.034754,0.995385,0.087001,2.968785,none,0.250
599,1787056046.850774,camera_init,5.968677,43.218254,0.000000,-0.020674,0.033325,0.997029,0.066292,3.010267,none,0.250
600,1787056047.349946,camera_init,5.790487,43.221247,0.000000,-0.020564,0.032848,0.998564,0.036984,3.068950,none,0.250
601,1787056047.750069,camera_init,5.631233,43.205725,0.000000,-0.021585,0.032890,0.999222,-0.002656,-3.134860,none,0.250
602,1787056048.150137,camera_init,5.476879,43.177120,0.000000,-0.020725,0.031976,0.998492,-0.039523,-3.061194,none,0.250
603,1787056048.649974,camera_init,5.295971,43.153363,0.000000,-0.021194,0.032017,0.996132,-0.079030,-2.982000,none,0.250
604,1787056049.149949,camera_init,5.130891,43.098600,0.000000,-0.018390,0.032794,0.991673,-0.123174,-2.893452,none,0.250
605,1787056049.649978,camera_init,4.969062,43.020562,0.000000,-0.017567,0.031770,0.983417,-0.177691,-2.783275,none,0.250
606,1787056050.150059,camera_init,4.834698,42.921105,0.000000,-0.016475,0.032117,0.968636,-0.245850,-2.643901,none,0.250
607,1787056050.650019,camera_init,4.725129,42.815303,0.000000,-0.014852,0.028159,0.949493,-0.312170,-2.505974,none,0.250
608,1787056051.149952,camera_init,4.604177,42.688190,0.000000,-0.014572,0.028806,0.935903,-0.350776,-2.424177,none,0.250
609,1787056051.649936,camera_init,4.505040,42.555427,0.000000,-0.014024,0.028165,0.915610,-0.400834,-2.316207,none,0.250
610,1787056052.150136,camera_init,4.405984,42.418608,0.000000,-0.012393,0.027984,0.898079,-0.438768,-2.232752,none,0.250
611,1787056052.650055,camera_init,4.317219,42.281161,0.000000,-0.010920,0.024525,0.885051,-0.464719,-2.174672,none,0.250
612,1787056053.149949,camera_init,4.252686,42.112177,0.000000,0.012072,-0.025154,-0.856177,0.515928,-2.057089,none,0.250
613,1787056053.650222,camera_init,4.216995,41.941603,0.000000,0.011590,-0.021263,-0.818190,0.574437,-1.917480,none,0.250
614,1787056054.150043,camera_init,4.163658,41.787228,0.000000,0.011567,-0.023976,-0.807648,0.589064,-1.881526,none,0.250
615,1787056054.550004,camera_init,4.114136,41.632848,0.000000,0.008420,-0.022933,-0.804875,0.592941,-1.872061,none,0.250
616,1787056054.950156,camera_init,4.065820,41.480334,0.000000,0.010930,-0.021392,-0.801666,0.597289,-1.861119,none,0.250
617,1787056055.450186,camera_init,4.017559,41.320971,0.000000,0.008800,-0.021331,-0.793682,0.607894,-1.834639,none,0.250
618,1787056055.950130,camera_init,3.991080,41.160097,0.000000,0.009647,-0.022915,-0.772438,0.634603,-1.766434,none,0.250
619,1787056056.450055,camera_init,3.994439,40.991128,0.000000,0.007848,-0.020591,-0.739591,0.672696,-1.665790,none,0.250
620,1787056056.950046,camera_init,3.990787,40.836471,0.000000,0.007802,-0.016962,-0.717036,0.696786,-1.599658,none,0.250
621,1787056057.450106,camera_init,3.998530,40.676893,0.000000,0.006021,-0.018827,-0.704833,0.709098,-1.565082,none,0.250
622,1787056057.950111,camera_init,4.007864,40.510757,0.000000,0.007343,-0.015505,-0.690213,0.723403,-1.524045,none,0.250
623,1787056058.450170,camera_init,4.012341,40.343184,0.000000,0.006494,-0.015334,-0.682585,0.730616,-1.503054,none,0.250
624,1787056058.950190,camera_init,4.035515,40.188751,0.000000,0.005628,-0.016226,-0.671455,0.740846,-1.472856,none,0.250
625,1787056059.450229,camera_init,4.051274,40.027980,0.000000,0.004764,-0.014881,-0.660419,0.750735,-1.443183,none,0.250
626,1787056059.850186,camera_init,4.072882,39.871572,0.000000,0.003041,-0.016235,-0.660067,0.751025,-1.442321,none,0.250
627,1787056060.250246,camera_init,4.056090,39.717302,0.000000,0.006784,-0.016117,-0.689136,0.724421,-1.521106,none,0.250
628,1787056060.750216,camera_init,4.033439,39.562489,0.000000,0.005577,-0.018665,-0.706176,0.707768,-1.568862,none,0.250
629,1787056061.250232,camera_init,4.036479,39.390683,0.000000,0.007564,-0.017499,-0.709180,0.704769,-1.577282,none,0.250
630,1787056061.750253,camera_init,4.016364,39.207566,0.000000,0.007048,-0.018721,-0.715375,0.698455,-1.595025,none,0.250
631,1787056062.250175,camera_init,4.013495,39.052982,0.000000,0.004955,-0.019243,-0.720471,0.693200,-1.609712,none,0.250
632,1787056062.850295,camera_init,3.991408,38.868195,0.000000,0.006632,-0.021325,-0.728801,0.684361,-1.634063,none,0.250
633,1787056063.350199,camera_init,3.965115,38.714875,0.000000,0.007138,-0.021655,-0.739775,0.672468,-1.666429,none,0.250
634,1787056063.950275,camera_init,3.952296,38.546957,0.000000,0.008714,-0.020666,-0.739114,0.673207,-1.664376,none,0.250
635,1787056064.750199,camera_init,3.937301,38.393914,0.000000,0.007241,-0.019964,-0.731646,0.681354,-1.642276,none,0.250
636,1787056065.650298,camera_init,3.935209,38.234696,0.000000,0.006557,-0.017660,-0.718311,0.695467,-1.603372,none,0.250
637,1787056066.550301,camera_init,3.934866,38.081598,0.000000,0.005500,-0.017310,-0.708076,0.705902,-1.574140,none,0.250
638,1787056067.550354,camera_init,3.935356,37.923686,0.000000,0.005923,-0.017943,-0.703495,0.710449,-1.561248,none,0.250
639,1787056068.450299,camera_init,3.924830,37.769220,0.000000,0.007362,-0.018469,-0.706943,0.706991,-1.571016,none,0.250
640,1787056143.550105,camera_init,3.926097,37.616228,0.000000,0.006749,-0.018272,-0.706346,0.707599,-1.569313,none,0.250
641,1787056155.249979,camera_init,3.921315,37.464460,0.000000,0.006116,-0.019164,-0.703953,0.709962,-1.562629,none,0.250
642,1787056156.650166,camera_init,3.910584,37.301663,0.000000,0.006464,-0.018950,-0.708982,0.704942,-1.576828,none,0.250
643,1787056158.150094,camera_init,3.901199,37.143326,0.000000,0.009182,-0.018802,-0.710567,0.703319,-1.581315,none,0.250
644,1787056160.250068,camera_init,3.888911,36.984022,0.000000,0.006053,-0.019329,-0.712211,0.701674,-1.586035,none,0.250
645,1787056198.650030,camera_init,3.878528,36.852016,0.000000,0.007196,-0.017765,-0.711628,0.702295,-1.584259,ext:piper_stop_5,0.250
646,1787056213.949973,camera_init,3.882497,36.700078,0.000000,0.007343,-0.018493,-0.712096,0.701800,-1.585644,none,0.250
647,1787056217.650176,camera_init,3.867726,36.547560,0.000000,0.003416,-0.022274,-0.711709,0.702113,-1.584853,none,0.250
648,1787056241.550416,camera_init,3.862768,36.473719,0.000000,0.007700,-0.021533,-0.712185,0.701619,-1.586142,ext:piper_stop_6,0.250
649,1787056252.250658,camera_init,3.858877,36.322014,0.000000,0.008460,-0.019603,-0.710320,0.703555,-1.580675,none,0.250
650,1787056253.550575,camera_init,3.855056,36.167321,0.000000,0.009482,-0.018119,-0.709867,0.704039,-1.579275,none,0.250
651,1787056270.850094,camera_init,3.846024,36.083346,0.000000,0.005495,-0.018881,-0.710501,0.703421,-1.581135,ext:piper_stop_7,0.250
652,1787056285.150156,camera_init,3.896631,35.940814,0.000000,0.005751,-0.014728,-0.653884,0.756430,-1.425835,none,0.250
653,1787056286.150218,camera_init,3.953335,35.781652,0.000000,0.005109,-0.015740,-0.617705,0.786236,-1.332110,none,0.250
654,1787056286.750220,camera_init,3.982604,35.625396,0.000000,0.002711,-0.014684,-0.611756,0.790906,-1.316951,none,0.250
655,1787056287.250215,camera_init,4.056201,35.463778,0.000000,0.002968,-0.012303,-0.561033,0.827696,-1.191535,none,0.250
656,1787056287.750194,camera_init,4.184283,35.337022,0.000000,-0.001211,-0.008568,-0.483062,0.875543,-1.008388,none,0.250
657,1787056288.150229,camera_init,4.307101,35.243296,0.000000,-0.003349,-0.005287,-0.421878,0.906631,-0.871040,none,0.250
658,1787056288.650220,camera_init,4.467516,35.154126,0.000000,-0.005066,-0.002601,-0.328325,0.944548,-0.669039,none,0.250
659,1787056289.050222,camera_init,4.598194,35.079083,0.000000,-0.005389,-0.000320,-0.303090,0.952946,-0.615858,none,0.250
660,1787056289.450220,camera_init,4.746763,35.010400,0.000000,-0.007585,-0.000415,-0.257048,0.966369,-0.519915,none,0.250
661,1787056289.850296,camera_init,4.915120,34.967426,0.000000,-0.007540,0.002489,-0.187535,0.982226,-0.377333,none,0.250
662,1787056290.250225,camera_init,5.093113,34.939138,0.000000,-0.008148,0.007846,-0.130987,0.991320,-0.262869,none,0.250
663,1787056290.650159,camera_init,5.265190,34.914616,0.000000,-0.008055,0.006111,-0.100932,0.994842,-0.202309,none,0.250
664,1787056291.050223,camera_init,5.463262,34.876802,0.000000,-0.011369,0.005221,-0.090716,0.995798,-0.181794,none,0.250
665,1787056291.450328,camera_init,5.658209,34.854495,0.000000,-0.010726,0.010832,-0.052569,0.998501,-0.105431,none,0.250
666,1787056291.850269,camera_init,5.837135,34.887910,0.000000,-0.012478,0.009900,0.016831,0.999731,0.033420,none,0.250
667,1787056292.150226,camera_init,5.989142,34.899321,0.000000,-0.012243,0.012418,0.035546,0.999216,0.070814,none,0.250
668,1787056292.550368,camera_init,6.167763,34.914096,0.000000,-0.013208,0.012483,0.046044,0.998774,0.091805,none,0.250
669,1787056292.950301,camera_init,6.361181,34.932748,0.000000,-0.012249,0.012866,0.056660,0.998235,0.113087,none,0.250
670,1787056293.250348,camera_init,6.511520,34.962228,0.000000,-0.012315,0.013152,0.078325,0.996765,0.156520,none,0.250
671,1787056293.650273,camera_init,6.708559,34.996487,0.000000,-0.012206,0.011443,0.090485,0.995757,0.180966,none,0.250
672,1787056293.950319,camera_init,6.866643,35.026815,0.000000,-0.011577,0.011611,0.107057,0.994118,0.214291,none,0.250
673,1787056294.250230,camera_init,7.011653,35.065567,0.000000,-0.013796,0.014182,0.119376,0.992652,0.238992,none,0.250
674,1787056294.550269,camera_init,7.162123,35.119555,0.000000,-0.015296,0.015813,0.158024,0.987190,0.317001,none,0.250
675,1787056294.950217,camera_init,7.339703,35.206900,0.000000,-0.013477,0.015795,0.186578,0.982221,0.375066,none,0.250
676,1787056295.250236,camera_init,7.496078,35.264140,0.000000,-0.014186,0.016565,0.194104,0.980738,0.390375,none,0.250
677,1787056295.550219,camera_init,7.640082,35.331838,0.000000,-0.015432,0.016459,0.218106,0.975664,0.439414,none,0.250
678,1787056295.850312,camera_init,7.770548,35.437483,0.000000,-0.015553,0.020156,0.263316,0.964374,0.532636,none,0.250
679,1787056296.149943,camera_init,7.909992,35.516322,0.000000,-0.015254,0.019386,0.276988,0.960557,0.561066,none,0.250
680,1787056296.449996,camera_init,8.057357,35.611223,0.000000,-0.016931,0.020874,0.296164,0.954759,0.601073,none,0.250
681,1787056296.750254,camera_init,8.179656,35.721850,0.000000,-0.018339,0.019683,0.331323,0.943134,0.675134,none,0.250
682,1787056297.049721,camera_init,8.294040,35.857158,0.000000,-0.018298,0.019888,0.373192,0.927360,0.764705,none,0.250
683,1787056297.350435,camera_init,8.396367,35.982525,0.000000,-0.018391,0.020652,0.394646,0.918417,0.811234,none,0.250
684,1787056297.650269,camera_init,8.529104,36.113405,0.000000,-0.018670,0.022060,0.406184,0.913334,0.836471,none,0.250
685,1787056297.950354,camera_init,8.643027,36.255692,0.000000,-0.018751,0.022533,0.431320,0.901722,0.891913,none,0.250
686,1787056298.250042,camera_init,8.733339,36.417224,0.000000,-0.021173,0.022708,0.476473,0.878641,0.993331,none,0.250
687,1787056298.550492,camera_init,8.820233,36.583133,0.000000,-0.020780,0.025140,0.500942,0.864866,1.049643,none,0.250
688,1787056298.850013,camera_init,8.911982,36.746676,0.000000,-0.021145,0.025576,0.510082,0.859485,1.070877,none,0.250
689,1787056299.150314,camera_init,8.979825,36.914512,0.000000,-0.021930,0.027390,0.541818,0.839763,1.145742,none,0.250
690,1787056299.450383,camera_init,9.035181,37.074835,0.000000,-0.021701,0.027135,0.573511,0.818461,1.222264,none,0.250
691,1787056299.750312,camera_init,9.089195,37.243966,0.000000,-0.021205,0.026436,0.587245,0.808699,1.256026,none,0.250
692,1787056300.050025,camera_init,9.132098,37.454279,0.000000,-0.020501,0.029858,0.620681,0.783226,1.340441,none,0.250
693,1787056300.350022,camera_init,9.156643,37.638958,0.000000,-0.021083,0.030012,0.652598,0.756816,1.423443,none,0.250
694,1787056300.650335,camera_init,9.164066,37.830450,0.000000,-0.021981,0.029994,0.676182,0.735795,1.486712,none,0.250
695,1787056300.949964,camera_init,9.171917,38.016626,0.000000,-0.020883,0.031560,0.686065,0.726555,1.513970,none,0.250
696,1787056301.250003,camera_init,9.190249,38.207219,0.000000,-0.018720,0.029368,0.688262,0.724626,1.519789,none,0.250
697,1787056301.550333,camera_init,9.211249,38.396571,0.000000,-0.017793,0.030441,0.688478,0.724400,1.520513,none,0.250
698,1787056301.850060,camera_init,9.224498,38.578619,0.000000,-0.022752,0.031986,0.688966,0.723730,1.522024,none,0.250
699,1787056302.149928,camera_init,9.244683,38.761732,0.000000,-0.020941,0.030269,0.691261,0.721667,1.528188,none,0.250
700,1787056302.450410,camera_init,9.258504,38.946293,0.000000,-0.021077,0.031670,0.692230,0.720673,1.531046,none,0.250
701,1787056302.750092,camera_init,9.259018,39.136737,0.000000,-0.019246,0.030961,0.695394,0.717703,1.539777,none,0.250
702,1787056303.050347,camera_init,9.267006,39.320573,0.000000,-0.020005,0.032346,0.698820,0.714286,1.549527,none,0.250
703,1787056303.350451,camera_init,9.283461,39.504068,0.000000,-0.020239,0.032644,0.701348,0.711784,1.556665,none,0.250
704,1787056303.650447,camera_init,9.287731,39.680922,0.000000,-0.019733,0.031324,0.702784,0.710440,1.560541,none,0.250
705,1787056303.949984,camera_init,9.290870,39.862070,0.000000,-0.020240,0.033154,0.703106,0.710024,1.561683,none,0.250
706,1787056304.250045,camera_init,9.302154,40.043666,0.000000,-0.020711,0.032687,0.702334,0.710795,1.559447,none,0.250
707,1787056304.550020,camera_init,9.311605,40.229603,0.000000,-0.020744,0.031122,0.702428,0.710771,1.559514,none,0.250
708,1787056304.850103,camera_init,9.317485,40.404386,0.000000,-0.019317,0.031020,0.703007,0.710243,1.561134,none,0.250
709,1787056305.150412,camera_init,9.323743,40.591603,0.000000,-0.020415,0.030965,0.704260,0.708973,1.564661,none,0.250
710,1787056305.449978,camera_init,9.328322,40.775960,0.000000,-0.018459,0.032053,0.707080,0.706165,1.572781,none,0.250
711,1787056305.750394,camera_init,9.332870,40.940300,0.000000,-0.023811,0.035456,0.703367,0.709543,1.562733,none,0.250
712,1787056307.850044,camera_init,9.343516,41.108985,0.000000,-0.022363,0.033360,0.708337,0.704731,1.576523,none,0.250
713,1787056308.250025,camera_init,9.337658,41.264589,0.000000,-0.022381,0.032086,0.709956,0.703159,1.580960,none,0.250
714,1787056308.650496,camera_init,9.351964,41.433509,0.000000,-0.020531,0.031838,0.708664,0.704528,1.577250,none,0.250
715,1787056309.050159,camera_init,9.359501,41.617938,0.000000,-0.021790,0.032884,0.707962,0.705148,1.575394,none,0.250
716,1787056309.350084,camera_init,9.358910,41.789097,0.000000,-0.023986,0.033124,0.707925,0.705102,1.575322,none,0.250
717,1787056309.650521,camera_init,9.361900,41.954254,0.000000,-0.020201,0.031269,0.708396,0.704833,1.576416,none,0.250
718,1787056309.950603,camera_init,9.370897,42.130134,0.000000,-0.018678,0.030644,0.709228,0.704065,1.578703,none,0.250
719,1787056310.250476,camera_init,9.370428,42.302592,0.000000,-0.019996,0.032168,0.709696,0.703489,1.580228,none,0.250
720,1787056310.550115,camera_init,9.370561,42.462376,0.000000,-0.021561,0.031859,0.712214,0.700908,1.587372,none,0.250
721,1787056310.850505,camera_init,9.374995,42.634609,0.000000,-0.019751,0.030732,0.713587,0.699614,1.591150,none,0.250
722,1787056311.150051,camera_init,9.380090,42.817943,0.000000,-0.021073,0.031524,0.714454,0.698654,1.593739,none,0.250
723,1787056311.450129,camera_init,9.375492,43.008730,0.000000,-0.020052,0.032624,0.714308,0.698783,1.593460,none,0.250
724,1787056311.750525,camera_init,9.387944,43.187461,0.000000,-0.020792,0.033000,0.712688,0.700396,1.588875,none,0.250
725,1787056312.049992,camera_init,9.389840,43.368046,0.000000,-0.020510,0.031754,0.711999,0.701162,1.586743,none,0.250
726,1787056312.349987,camera_init,9.389401,43.540332,0.000000,-0.021586,0.031403,0.711878,0.701268,1.586354,none,0.250
727,1787056312.649988,camera_init,9.398403,43.727696,0.000000,-0.018407,0.030543,0.710949,0.702338,1.583591,none,0.250
728,1787056312.949967,camera_init,9.390885,43.906616,0.000000,-0.018554,0.030861,0.712278,0.700974,1.587421,none,0.250
729,1787056313.250528,camera_init,9.394306,44.093548,0.000000,-0.019661,0.030180,0.715181,0.698010,1.595651,none,0.250
730,1787056313.550633,camera_init,9.398428,44.257933,0.000000,-0.018888,0.029301,0.715848,0.697386,1.597454,none,0.250
731,1787056313.850024,camera_init,9.389974,44.433515,0.000000,-0.019453,0.031600,0.717950,0.695105,1.603788,none,0.250
732,1787056314.149992,camera_init,9.390869,44.613904,0.000000,-0.020157,0.032854,0.717162,0.695840,1.601688,none,0.250
733,1787056314.450015,camera_init,9.400521,44.792039,0.000000,-0.019192,0.034370,0.715484,0.697519,1.597073,none,0.250
734,1787056314.749988,camera_init,9.391020,44.971850,0.000000,-0.019796,0.032591,0.715806,0.697257,1.597755,none,0.250
735,1787056315.049923,camera_init,9.395374,45.144783,0.000000,-0.021485,0.033719,0.714536,0.698455,1.594267,none,0.250
736,1787056315.350714,camera_init,9.401398,45.310362,0.000000,-0.018377,0.030781,0.714196,0.699027,1.592899,none,0.250
737,1787056315.650586,camera_init,9.394097,45.496050,0.000000,-0.020744,0.033748,0.713475,0.699560,1.591230,none,0.250
738,1787056315.950583,camera_init,9.387743,45.653660,0.000000,-0.020640,0.035296,0.715935,0.696968,1.598504,none,0.250
739,1787056316.249920,camera_init,9.398431,45.833570,0.000000,-0.022291,0.033429,0.717512,0.695387,1.602782,none,0.250
740,1787056316.550583,camera_init,9.395138,46.009423,0.000000,-0.020326,0.029923,0.720154,0.692870,1.609940,none,0.250
741,1787056316.849943,camera_init,9.395580,46.203387,0.000000,-0.019489,0.030277,0.721808,0.691156,1.614766,none,0.250
742,1787056317.150105,camera_init,9.397171,46.402366,0.000000,-0.018617,0.031188,0.719888,0.693140,1.609322,none,0.250
743,1787056317.450044,camera_init,9.388777,46.596559,0.000000,-0.019528,0.032414,0.720057,0.692883,1.609976,none,0.250
744,1787056317.749944,camera_init,9.392528,46.787887,0.000000,-0.019395,0.033214,0.718675,0.694282,1.606094,none,0.250
745,1787056318.050026,camera_init,9.390243,46.987240,0.000000,-0.019291,0.032773,0.718642,0.694340,1.605938,none,0.250
746,1787056318.349967,camera_init,9.391532,47.193891,0.000000,-0.019156,0.034944,0.718761,0.694114,1.606585,none,0.250
747,1787056318.650054,camera_init,9.386293,47.394305,0.000000,-0.021784,0.034632,0.721079,0.691644,1.613252,none,0.250
748,1787056318.949974,camera_init,9.380665,47.596681,0.000000,-0.021068,0.035656,0.723405,0.689180,1.620146,none,0.250
749,1787056319.250081,camera_init,9.378143,47.767083,0.000000,-0.019219,0.030922,0.727018,0.685652,1.630001,none,0.250
750,1787056319.549968,camera_init,9.374072,47.981043,0.000000,-0.019826,0.035179,0.729026,0.683294,1.636471,none,0.250
751,1787056319.849962,camera_init,9.364929,48.164111,0.000000,-0.019335,0.034172,0.726860,0.685663,1.629983,none,0.250
752,1787056320.149946,camera_init,9.364735,48.343901,0.000000,-0.018137,0.034023,0.730149,0.682199,1.639585,none,0.250
753,1787056320.450018,camera_init,9.352531,48.545697,0.000000,-0.020653,0.030482,0.732733,0.679519,1.646718,none,0.250
754,1787056320.650099,camera_init,9.353556,48.697533,0.000000,-0.022803,0.030990,0.733014,0.679125,1.647630,none,0.250
755,1787056320.850111,camera_init,9.335978,48.853080,0.000000,-0.016150,0.033936,0.735724,0.676238,1.655988,none,0.250
756,1787056321.149826,camera_init,9.319590,49.052132,0.000000,-0.022658,0.031322,0.746259,0.664532,1.687156,none,0.250
757,1787056321.450153,camera_init,9.286203,49.251681,0.000000,-0.023318,0.032350,0.772274,0.634037,1.767552,none,0.250
758,1787056321.750263,camera_init,9.197665,49.445519,0.000000,-0.023104,0.032468,0.809985,0.585095,1.891418,none,0.250
759,1787056322.049859,camera_init,9.102283,49.635907,0.000000,-0.022151,0.033170,0.833121,0.551651,1.972993,none,0.250
760,1787056322.350157,camera_init,8.996274,49.821918,0.000000,-0.023463,0.035451,0.851305,0.522946,2.041261,none,0.250
761,1787056322.649970,camera_init,8.895873,49.992217,0.000000,-0.022111,0.034473,0.867712,0.495377,2.105478,none,0.250
762,1787056322.949949,camera_init,8.770760,50.142235,0.000000,-0.022731,0.036712,0.892400,0.449175,2.210638,none,0.250
763,1787056323.249962,camera_init,8.627223,50.289200,0.000000,-0.024711,0.035966,0.909925,0.412471,2.292088,none,0.250
764,1787056323.550117,camera_init,8.485190,50.439449,0.000000,-0.024626,0.034761,0.921191,0.386773,2.348205,none,0.250
765,1787056323.750003,camera_init,8.364126,50.533716,0.000000,-0.024827,0.035340,0.929283,0.366836,2.391364,none,0.250
766,1787056324.050176,camera_init,8.192107,50.657546,0.000000,-0.026102,0.035424,0.940933,0.335722,2.457959,none,0.250
767,1787056324.350058,camera_init,8.038835,50.775782,0.000000,-0.027213,0.035354,0.951054,0.305788,2.521286,none,0.250
768,1787056324.649939,camera_init,7.861276,50.865741,0.000000,-0.025073,0.034054,0.961902,0.270105,2.595825,none,0.250
769,1787056324.949956,camera_init,7.680836,50.946275,0.000000,-0.023160,0.035272,0.970564,0.237116,2.664144,none,0.250
770,1787056325.249947,camera_init,7.483020,51.021232,0.000000,-0.025950,0.033707,0.979979,0.194503,2.751529,none,0.250
771,1787056325.550079,camera_init,7.289629,51.072503,0.000000,-0.026432,0.035908,0.985641,0.162859,2.816080,none,0.250
772,1787056325.850066,camera_init,7.104070,51.112193,0.000000,-0.023909,0.036176,0.991603,0.121831,2.898953,none,0.250
773,1787056326.150027,camera_init,6.913479,51.125763,0.000000,-0.025754,0.034714,0.996037,0.077725,2.987694,none,0.250
774,1787056326.450055,camera_init,6.738516,51.142991,0.000000,-0.023278,0.034631,0.997764,0.052201,3.038727,none,0.250
775,1787056326.750118,camera_init,6.560657,51.158906,0.000000,-0.023303,0.032592,0.998276,0.042892,3.057274,none,0.250
776,1787056327.050010,camera_init,6.386294,51.183277,0.000000,-0.022808,0.031713,0.998447,0.039711,3.063572,none,0.250
777,1787056327.350142,camera_init,6.233271,51.205956,0.000000,-0.025296,0.035002,0.998390,0.036774,3.069770,none,0.250
778,1787056327.650089,camera_init,6.076529,51.224250,0.000000,-0.025116,0.033210,0.998574,0.033403,3.076414,none,0.250
779,1787056328.050090,camera_init,5.885019,51.255318,0.000000,-0.022390,0.034673,0.998609,0.032821,3.077479,none,0.250
780,1787056328.449972,camera_init,5.711989,51.257087,0.000000,-0.022381,0.033521,0.998904,0.023801,3.095478,none,0.250
781,1787056328.750118,camera_init,5.552810,51.261424,0.000000,-0.021888,0.033876,0.999138,0.009851,3.123372,none,0.250
782,1787056329.050131,camera_init,5.387674,51.246037,0.000000,-0.023304,0.033366,0.999076,-0.013825,-3.112378,none,0.250
783,1787056329.450051,camera_init,5.233016,51.221168,0.000000,-0.022397,0.035358,0.996718,-0.069297,-3.001299,none,0.250
784,1787056329.849975,camera_init,5.061086,51.155209,0.000000,-0.022563,0.033837,0.991135,-0.126477,-2.886428,none,0.250
785,1787056330.249991,camera_init,4.901372,51.081070,0.000000,-0.022974,0.032587,0.983140,-0.178453,-2.781262,none,0.250
786,1787056330.650003,camera_init,4.758240,50.987824,0.000000,-0.022513,0.029954,0.972875,-0.228275,-2.679618,none,0.250
787,1787056331.149987,camera_init,4.614162,50.867663,0.000000,-0.017673,0.030511,0.952049,-0.303906,-2.523096,none,0.250
788,1787056331.550115,camera_init,4.511649,50.754612,0.000000,-0.013653,0.028276,0.932598,-0.359549,-2.405482,none,0.250
789,1787056332.050201,camera_init,4.416060,50.595688,0.000000,-0.014590,0.027946,0.902620,-0.429283,-2.253649,none,0.250
790,1787056332.550116,camera_init,4.303268,50.443779,0.000000,-0.012801,0.027145,0.893004,-0.449047,-2.209788,none,0.250
791,1787056333.050049,camera_init,4.220201,50.306040,0.000000,-0.014544,0.026006,0.879429,-0.475096,-2.150940,none,0.250
792,1787056333.650155,camera_init,4.193017,50.157696,0.000000,0.009373,-0.024395,-0.836073,0.547995,-1.981498,none,0.250
793,1787056334.250208,camera_init,4.184438,50.006906,0.000000,0.007493,-0.021798,-0.791376,0.610895,-1.827125,none,0.250
794,1787056334.950194,camera_init,4.196457,49.849240,0.000000,0.006242,-0.019468,-0.739228,0.673145,-1.664621,none,0.250
795,1787056335.750180,camera_init,4.183961,49.681659,0.000000,0.003399,-0.017839,-0.728147,0.685180,-1.631879,none,0.250
796,1787056354.250355,camera_init,4.146145,49.532168,0.000000,0.007167,-0.019144,-0.741032,0.671158,-1.669961,none,0.250
797,1787056355.049968,camera_init,4.131886,49.380597,0.000000,0.007494,-0.019034,-0.742924,0.669063,-1.675595,none,0.250
798,1787056355.850051,camera_init,4.118246,49.198489,0.000000,0.002408,-0.018424,-0.734995,0.677817,-1.652020,none,0.250
799,1787056356.349553,camera_init,4.102013,49.046809,0.000000,0.008016,-0.021291,-0.733675,0.679119,-1.648351,none,0.250
800,1787056356.950020,camera_init,4.088214,48.894570,0.000000,0.008764,-0.019058,-0.732630,0.680304,-1.645091,none,0.250
801,1787056358.050032,camera_init,4.080469,48.732573,0.000000,0.006632,-0.018101,-0.716483,0.697339,-1.598153,none,0.250
802,1787056358.950375,camera_init,4.075731,48.563629,0.000000,0.006925,-0.018441,-0.711344,0.702568,-1.583500,none,0.250
803,1787056359.850397,camera_init,4.068083,48.406997,0.000000,0.007460,-0.019264,-0.710828,0.703062,-1.582093,none,0.250
804,1787056360.650032,camera_init,4.056527,48.257037,0.000000,0.007008,-0.019589,-0.714152,0.699681,-1.591595,none,0.250
805,1787056361.450049,camera_init,4.039092,48.106887,0.000000,0.006945,-0.017460,-0.726986,0.686395,-1.628462,none,0.250
806,1787056362.349947,camera_init,4.029996,47.937876,0.000000,0.006643,-0.018295,-0.729606,0.683591,-1.636169,none,0.250
807,1787056390.950013,camera_init,4.025421,47.781872,0.000000,0.007735,-0.015172,-0.719039,0.694761,-1.605300,none,0.250
808,1787056393.549924,camera_init,4.013602,47.623361,0.000000,0.007766,-0.017526,-0.718573,0.695188,-1.604113,none,0.250
809,1787056395.850005,camera_init,4.005678,47.463639,0.000000,0.008647,-0.018314,-0.718994,0.694721,-1.605382,none,0.250
810,1787056408.950098,camera_init,4.005560,47.445488,0.000000,0.007944,-0.018312,-0.719490,0.694216,-1.606809,ext:piper_stop_1,0.250
811,1787056417.750431,camera_init,3.956493,47.301792,0.000000,0.008816,-0.019159,-0.742231,0.669812,-1.673532,none,0.250
812,1787056420.550324,camera_init,3.980307,47.150289,0.000000,0.008094,-0.017814,-0.712461,0.701439,-1.586635,none,0.250
813,1787056427.950417,camera_init,3.976471,47.000086,0.000000,0.006764,-0.018838,-0.712810,0.701072,-1.587705,none,0.250
814,1787056429.650532,camera_init,3.960362,46.848862,0.000000,0.006668,-0.019707,-0.712316,0.701550,-1.586365,none,0.250
815,1787056432.050579,camera_init,3.955400,46.698084,0.000000,0.006311,-0.021152,-0.712058,0.701774,-1.585747,none,0.250
816,1787056447.150686,camera_init,3.942984,46.637476,0.000000,0.006057,-0.019572,-0.713741,0.700110,-1.590420,ext:piper_stop_2,0.250
817,1787056455.250924,camera_init,3.946603,46.483523,0.000000,0.008109,-0.019324,-0.713330,0.700515,-1.589227,none,0.250
818,1787056457.850854,camera_init,3.940819,46.328022,0.000000,0.006164,-0.019167,-0.713693,0.700169,-1.590251,none,0.250
819,1787056473.651083,camera_init,3.935590,46.251733,0.000000,0.007099,-0.019108,-0.715317,0.698503,-1.594888,ext:piper_stop_3,0.250
820,1787056481.451110,camera_init,3.924597,46.099006,0.000000,0.005370,-0.019494,-0.714071,0.699782,-1.591355,none,0.250
821,1787056487.751148,camera_init,3.922428,45.946686,0.000000,0.006267,-0.017943,-0.714577,0.699299,-1.592685,none,0.250
822,1787056508.350113,camera_init,3.921417,45.863410,0.000000,0.007903,-0.018231,-0.716642,0.697158,-1.598619,ext:piper_stop_4,0.250
823,1787056523.450280,camera_init,3.900012,45.701666,0.000000,0.007193,-0.018569,-0.717143,0.696642,-1.600081,none,0.250
824,1787056524.449956,camera_init,3.956334,45.548774,0.000000,0.006218,-0.015383,-0.651230,0.758699,-1.418870,none,0.250
825,1787056525.450304,camera_init,3.987203,45.387317,0.000000,0.004198,-0.016919,-0.641306,0.767087,-1.392943,none,0.250
826,1787056526.150322,camera_init,4.013856,45.214802,0.000000,0.002804,-0.016729,-0.635859,0.771619,-1.378764,none,0.250
827,1787056526.750473,camera_init,4.071286,45.046936,0.000000,0.003527,-0.016100,-0.615834,0.787704,-1.327366,none,0.250
828,1787056527.150337,camera_init,4.137264,44.905565,0.000000,0.004359,-0.012094,-0.576591,0.816931,-1.229373,none,0.250
829,1787056527.649920,camera_init,4.234810,44.756610,0.000000,0.000465,-0.009982,-0.523100,0.852213,-1.101122,none,0.250
830,1787056528.250179,camera_init,4.360031,44.639395,0.000000,0.001461,-0.006516,-0.456436,0.889731,-0.948037,none,0.250
831,1787056528.850370,camera_init,4.491247,44.532537,0.000000,-0.000416,-0.004838,-0.388547,0.921416,-0.798131,none,0.250
832,1787056529.350357,camera_init,4.607699,44.411377,0.000000,0.000152,-0.006572,-0.374485,0.927210,-0.767731,none,0.250
833,1787056529.750115,camera_init,4.731291,44.321214,0.000000,-0.001393,-0.003199,-0.351298,0.936257,-0.717918,none,0.250
834,1787056530.250415,camera_init,4.863813,44.245188,0.000000,-0.003741,-0.002948,-0.296875,0.954904,-0.602823,none,0.250
835,1787056530.750324,camera_init,5.024556,44.150962,0.000000,-0.003389,0.000098,-0.269305,0.963049,-0.545341,none,0.250
836,1787056531.149965,camera_init,5.166048,44.081064,0.000000,-0.005479,0.001100,-0.240589,0.970611,-0.485950,none,0.250
837,1787056531.549955,camera_init,5.316980,44.037673,0.000000,-0.005454,0.003343,-0.187433,0.982257,-0.377131,none,0.250
838,1787056532.049967,camera_init,5.465526,43.999402,0.000000,-0.005931,0.000806,-0.151512,0.988437,-0.304199,none,0.250
839,1787056532.449940,camera_init,5.642776,43.947670,0.000000,-0.006637,0.006557,-0.140681,0.990011,-0.282395,none,0.250
840,1787056532.850393,camera_init,5.797331,43.901179,0.000000,-0.007420,0.005402,-0.136812,0.990555,-0.274566,none,0.250
841,1787056533.250120,camera_init,5.956179,43.850579,0.000000,-0.006292,0.006853,-0.134810,0.990828,-0.270541,none,0.250
842,1787056533.750157,camera_init,6.131213,43.812264,0.000000,-0.006751,0.001835,-0.124946,0.992139,-0.250567,none,0.250
843,1787056534.150080,camera_init,6.286010,43.768728,0.000000,-0.007461,0.005044,-0.117689,0.993010,-0.236000,none,0.250
844,1787056534.650420,camera_init,6.440934,43.738851,0.000000,-0.008831,0.003731,-0.100060,0.994935,-0.200517,none,0.250
845,1787056535.349982,camera_init,6.616172,43.717916,0.000000,-0.006127,0.008604,-0.060529,0.998111,-0.121248,none,0.250
846,1787056535.850168,camera_init,6.803294,43.702774,0.000000,-0.007880,0.006400,-0.057642,0.998286,-0.115451,none,0.250
847,1787056536.250048,camera_init,6.983197,43.651785,0.000000,-0.007486,0.008880,-0.089509,0.995918,-0.179404,none,0.250
848,1787056536.749943,camera_init,7.127083,43.548343,0.000000,-0.008005,0.003060,-0.168751,0.985621,-0.339166,none,0.250
849,1787056537.249982,camera_init,7.272413,43.494669,0.000000,-0.005416,0.003803,-0.174500,0.984635,-0.350837,none,0.250
850,1787056537.750075,camera_init,7.425232,43.407315,0.000000,-0.005751,0.004896,-0.212947,0.977035,-0.429240,none,0.250
851,1787056538.249942,camera_init,7.563951,43.300572,0.000000,-0.002311,0.001387,-0.252795,0.967516,-0.511141,none,0.250
852,1787056538.750037,camera_init,7.698226,43.210261,0.000000,-0.002785,0.000423,-0.258907,0.965898,-0.523781,none,0.250
853,1787056539.350069,camera_init,7.850055,43.108931,0.000000,-0.004671,0.000983,-0.271340,0.962472,-0.549574,none,0.250
854,1787056539.850143,camera_init,7.955473,42.984265,0.000000,-0.004848,-0.001784,-0.335306,0.942095,-0.683843,none,0.250
855,1787056540.250082,camera_init,8.002191,42.847546,0.000000,-0.003147,-0.002477,-0.421871,0.906647,-0.871011,none,0.250
856,1787056540.650507,camera_init,8.016567,42.721721,0.000000,0.000343,-0.006840,-0.505345,0.862890,-1.059634,none,0.250
857,1787056541.250147,camera_init,8.016653,42.554242,0.000000,0.002741,-0.012250,-0.576918,0.816706,-1.230168,none,0.250
858,1787056541.849952,camera_init,8.061538,42.382763,0.000000,0.002473,-0.013667,-0.590820,0.806684,-1.264484,none,0.250
859,1787056542.350057,camera_init,8.047017,42.233071,0.000000,0.002387,-0.013409,-0.648416,0.761164,-1.411344,none,0.250
860,1787056542.950036,camera_init,8.062323,42.064106,0.000000,0.003202,-0.014180,-0.656038,0.754587,-1.431501,none,0.250
861,1787056543.449937,camera_init,8.009524,41.886750,0.000000,0.002956,-0.018855,-0.720012,0.693699,-1.608360,none,0.250
862,1787056543.950019,camera_init,7.937221,41.732459,0.000000,0.007125,-0.021020,-0.765311,0.643278,-1.743967,none,0.250
863,1787056544.550127,camera_init,7.889800,41.556211,0.000000,0.007766,-0.019194,-0.781136,0.624018,-1.793737,none,0.250
864,1787056545.050039,camera_init,7.806316,41.412632,0.000000,0.010141,-0.020593,-0.811078,0.584488,-1.892888,none,0.250
865,1787056545.550145,camera_init,7.736307,41.275734,0.000000,0.007951,-0.022010,-0.822381,0.568455,-1.932231,none,0.250
866,1787056546.250056,camera_init,7.640814,41.131491,0.000000,0.005303,-0.022850,-0.847047,0.531001,-2.022024,none,0.250
867,1787056546.750181,camera_init,7.530965,41.010693,0.000000,-0.008577,0.022522,0.874352,-0.484693,-2.129410,none,0.250
868,1787056547.150095,camera_init,7.423883,40.904670,0.000000,-0.009375,0.024450,0.896919,-0.441418,-2.227022,none,0.250
869,1787056547.649959,camera_init,7.278682,40.837951,0.000000,-0.012747,0.027448,0.930064,-0.366149,-2.391388,none,0.250
870,1787056548.049948,camera_init,7.151345,40.813707,0.000000,-0.011593,0.030426,0.958042,-0.284774,-2.563578,none,0.250
871,1787056548.550168,camera_init,6.985019,40.801445,0.000000,-0.015870,0.030991,0.980328,-0.194280,-2.749667,none,0.250
872,1787056549.050122,camera_init,6.831947,40.769901,0.000000,-0.019788,0.033562,0.986582,-0.158550,-2.821873,none,0.250
873,1787056549.649966,camera_init,6.672895,40.720952,0.000000,-0.019368,0.032588,0.987515,-0.152894,-2.833383,none,0.250
874,1787056550.150113,camera_init,6.515632,40.697226,0.000000,-0.018641,0.031857,0.988643,-0.145681,-2.848043,none,0.250
875,1787056550.650106,camera_init,6.364349,40.639463,0.000000,-0.019406,0.032139,0.989069,-0.142596,-2.854210,none,0.250
876,1787056551.250066,camera_init,6.213497,40.603544,0.000000,-0.017657,0.033126,0.989095,-0.142417,-2.854683,none,0.250
877,1787056551.749823,camera_init,6.065725,40.568560,0.000000,-0.019014,0.032375,0.989050,-0.142726,-2.853972,none,0.250
878,1787056552.249997,camera_init,5.921508,40.526047,0.000000,-0.018299,0.032110,0.989257,-0.141437,-2.856638,none,0.250
879,1787056552.850026,camera_init,5.767466,40.483074,0.000000,-0.018713,0.032275,0.988977,-0.143292,-2.852854,none,0.250
880,1787056553.350058,camera_init,5.618436,40.443127,0.000000,-0.018734,0.031246,0.988741,-0.145132,-2.849164,none,0.250
881,1787056553.749972,camera_init,5.471707,40.403447,0.000000,-0.020291,0.030894,0.988726,-0.145105,-2.849108,none,0.250
882,1787056554.150154,camera_init,5.326763,40.358109,0.000000,-0.020151,0.029972,0.988415,-0.147413,-2.844481,none,0.250
883,1787056554.549989,camera_init,5.176979,40.317644,0.000000,-0.019980,0.030421,0.987487,-0.153441,-2.832288,none,0.250
884,1787056554.949944,camera_init,5.036788,40.264141,0.000000,-0.019544,0.029436,0.985423,-0.166410,-2.806077,none,0.250
885,1787056555.350080,camera_init,4.880681,40.194527,0.000000,-0.020098,0.029568,0.979668,-0.197413,-2.742984,none,0.250
886,1787056555.749980,camera_init,4.734284,40.109032,0.000000,-0.020355,0.026598,0.970665,-0.238091,-2.659694,none,0.250
887,1787056556.250027,camera_init,4.605567,40.003212,0.000000,-0.017664,0.030231,0.958457,-0.283081,-2.566650,none,0.250
888,1787056556.950032,camera_init,4.472324,39.883701,0.000000,-0.012500,0.030881,0.942636,-0.332155,-2.463926,none,0.250
889,1787056557.449980,camera_init,4.338062,39.763654,0.000000,-0.013179,0.030498,0.939661,-0.340490,-2.446184,none,0.250
890,1787056557.950012,camera_init,4.203424,39.643472,0.000000,-0.013619,0.028371,0.931996,-0.361100,-2.402162,none,0.250
891,1787056558.449970,camera_init,4.097561,39.514955,0.000000,-0.013067,0.029430,0.912722,-0.407310,-2.302121,none,0.250
892,1787056558.949975,camera_init,3.999205,39.379714,0.000000,-0.011631,0.028129,0.898746,-0.437412,-2.235817,none,0.250
893,1787056559.550018,camera_init,3.917639,39.249874,0.000000,-0.010146,0.027909,0.885701,-0.463306,-2.177919,none,0.250
894,1787056567.450058,camera_init,3.850535,39.110855,0.000000,-0.009032,0.027911,0.865926,-0.499312,-2.095839,none,0.250
895,1787056568.550104,camera_init,3.804530,38.962836,0.000000,0.011185,-0.025461,-0.836858,0.546713,-1.984471,none,0.250
896,1787056569.450094,camera_init,3.814288,38.836844,0.000000,0.009127,-0.024811,-0.785600,0.618170,-1.808630,none,0.250
897,1787056570.850013,camera_init,3.821496,38.686781,0.000000,0.006524,-0.021358,-0.738014,0.674415,-1.661179,none,0.250
898,1787056572.050122,camera_init,3.842563,38.535438,0.000000,0.005534,-0.019736,-0.707133,0.706783,-1.571650,none,0.250
899,1787056573.649967,camera_init,3.850624,38.380744,0.000000,0.006373,-0.017091,-0.693969,0.719774,-1.534555,none,0.250
900,1787056575.549973,camera_init,3.846658,38.227867,0.000000,0.006186,-0.018921,-0.699288,0.714563,-1.549513,none,0.250
901,1787056577.350010,camera_init,3.843192,38.074541,0.000000,0.006552,-0.017756,-0.699902,0.713988,-1.551149,none,0.250
902,1787056578.950111,camera_init,3.844488,37.922953,0.000000,0.007452,-0.017728,-0.699516,0.714359,-1.550065,none,0.250
903,1787056604.450402,camera_init,3.842035,37.765852,0.000000,0.004436,-0.015335,-0.698347,0.715581,-1.546639,none,0.250
904,1787056605.450380,camera_init,3.841717,37.608054,0.000000,0.006839,-0.017615,-0.696953,0.716867,-1.542898,none,0.250
905,1787056606.650507,camera_init,3.827301,37.453211,0.000000,0.009192,-0.019043,-0.708587,0.705306,-1.575714,none,0.250
906,1787056608.250487,camera_init,3.818225,37.297348,0.000000,0.006628,-0.018229,-0.709067,0.704874,-1.577015,none,0.250
907,1787056609.950452,camera_init,3.816414,37.146784,0.000000,0.006284,-0.019332,-0.711129,0.702768,-1.582955,none,0.250
908,1787056611.850429,camera_init,3.807142,36.991288,0.000000,0.005793,-0.019284,-0.711903,0.701989,-1.585155,none,0.250
909,1787056625.850619,camera_init,3.802568,36.874315,0.000000,0.007721,-0.020658,-0.712662,0.701161,-1.587426,ext:piper_stop_5,0.250
910,1787056636.650717,camera_init,3.799260,36.719884,0.000000,0.007577,-0.018482,-0.711170,0.702736,-1.583007,none,0.250
911,1787056638.250658,camera_init,3.791719,36.562809,0.000000,0.007173,-0.020436,-0.710145,0.703722,-1.580247,none,0.250
912,1787056653.850997,camera_init,3.786602,36.492185,0.000000,0.008208,-0.021104,-0.709689,0.704151,-1.579006,ext:piper_stop_6,0.250
913,1787056662.449960,camera_init,3.787326,36.336170,0.000000,0.005977,-0.019071,-0.706416,0.707515,-1.569570,none,0.250
914,1787056664.249972,camera_init,3.788380,36.180007,0.000000,0.006723,-0.018530,-0.705723,0.708214,-1.567572,none,0.250
915,1787056677.750072,camera_init,3.774811,36.030588,0.000000,0.005389,-0.017232,-0.703620,0.710347,-1.561551,none,0.250
916,1787056694.250051,camera_init,3.775435,36.042115,0.000000,0.005496,-0.016894,-0.704596,0.709386,-1.564278,ext:piper_stop_7,0.250
917,1787056719.449936,camera_init,3.764609,35.874161,0.000000,0.007806,-0.019248,-0.701965,0.711908,-1.557045,none,0.250
918,1787056720.050173,camera_init,3.803391,35.707063,0.000000,0.006338,-0.016650,-0.670038,0.742113,-1.469065,none,0.250
919,1787056720.450048,camera_init,3.851683,35.600965,0.000000,0.002948,-0.015495,-0.598191,0.801198,-1.282917,none,0.250
920,1787056720.950033,camera_init,3.944179,35.449778,0.000000,0.001390,-0.011972,-0.548357,0.836158,-1.161034,none,0.250
921,1787056721.350067,camera_init,4.042799,35.268255,0.000000,0.000355,-0.009262,-0.529206,0.848443,-1.115461,none,0.250
922,1787056721.650126,camera_init,4.156219,35.108281,0.000000,-0.001427,-0.009426,-0.489565,0.871915,-1.023292,none,0.250
923,1787056721.949967,camera_init,4.278489,34.960179,0.000000,-0.002280,-0.007220,-0.456630,0.889624,-0.948456,none,0.250
924,1787056722.249945,camera_init,4.398643,34.830202,0.000000,-0.001278,-0.004949,-0.422445,0.906374,-0.872303,none,0.250
925,1787056722.550027,camera_init,4.532972,34.713382,0.000000,-0.001625,-0.003362,-0.381330,0.924431,-0.782474,none,0.250
926,1787056722.849955,camera_init,4.668660,34.627325,0.000000,-0.002680,-0.002191,-0.324369,0.945924,-0.660683,none,0.250
927,1787056723.150086,camera_init,4.818932,34.566358,0.000000,-0.005571,-0.000554,-0.262282,0.964975,-0.530761,none,0.250
928,1787056723.449997,camera_init,4.976466,34.527678,0.000000,-0.006953,0.000192,-0.204484,0.978845,-0.411866,none,0.250
929,1787056723.749980,camera_init,5.158615,34.463832,0.000000,-0.006421,0.003551,-0.173336,0.984835,-0.348474,none,0.250
930,1787056724.050005,camera_init,5.358851,34.420828,0.000000,-0.008311,0.008100,-0.129577,0.991501,-0.260031,none,0.250
931,1787056724.349992,camera_init,5.548882,34.395302,0.000000,-0.010996,0.006985,-0.075585,0.997054,-0.151468,none,0.250
932,1787056724.649957,camera_init,5.740715,34.397021,0.000000,-0.010813,0.009092,-0.033228,0.999348,-0.066670,none,0.250
933,1787056724.949951,camera_init,5.930173,34.397033,0.000000,-0.010984,0.012145,-0.010850,0.999807,-0.021970,none,0.250
934,1787056725.250105,camera_init,6.144235,34.393216,0.000000,-0.010695,0.011963,-0.007834,0.999841,-0.015927,none,0.250
935,1787056725.450058,camera_init,6.297790,34.397791,0.000000,-0.012056,0.012971,0.002626,0.999840,0.004940,none,0.250
936,1787056725.650118,camera_init,6.455933,34.396232,0.000000,-0.013108,0.011966,0.018999,0.999662,0.037692,none,0.250
937,1787056725.950812,camera_init,6.663886,34.429125,0.000000,-0.013500,0.013181,0.072163,0.997214,0.144124,none,0.250
938,1787056726.250047,camera_init,6.857420,34.498404,0.000000,-0.013656,0.015475,0.126074,0.991806,0.252479,none,0.250
939,1787056726.450010,camera_init,7.000205,34.554180,0.000000,-0.013715,0.016632,0.155836,0.987548,0.312614,none,0.250
940,1787056726.750039,camera_init,7.198926,34.647163,0.000000,-0.015497,0.016674,0.192747,0.980984,0.387558,none,0.250
941,1787056726.950099,camera_init,7.341593,34.707555,0.000000,-0.014355,0.016573,0.202552,0.979026,0.407615,none,0.250
942,1787056727.150096,camera_init,7.482310,34.769097,0.000000,-0.012755,0.017894,0.208384,0.977800,0.419595,none,0.250
943,1787056727.450109,camera_init,7.678511,34.868146,0.000000,-0.014351,0.016857,0.238328,0.970932,0.481015,none,0.250
944,1787056727.650095,camera_init,7.807529,34.946382,0.000000,-0.014916,0.017505,0.266042,0.963687,0.538310,none,0.250
945,1787056727.850008,camera_init,7.927916,35.039199,0.000000,-0.016073,0.019307,0.295943,0.954875,0.600633,none,0.250
946,1787056728.050034,camera_init,8.059399,35.141098,0.000000,-0.016954,0.021154,0.319871,0.947073,0.650960,none,0.250
947,1787056728.249925,camera_init,8.180754,35.234084,0.000000,-0.016013,0.020884,0.328735,0.944055,0.669756,none,0.250
948,1787056728.450060,camera_init,8.310931,35.333118,0.000000,-0.016120,0.020904,0.332656,0.942679,0.678069,none,0.250
949,1787056728.650078,camera_init,8.435082,35.443307,0.000000,-0.017517,0.018858,0.343789,0.938694,0.701667,none,0.250
950,1787056728.849994,camera_init,8.551399,35.544346,0.000000,-0.016886,0.022262,0.357946,0.933324,0.732014,none,0.250
951,1787056729.150045,camera_init,8.715679,35.691758,0.000000,-0.016361,0.021985,0.380899,0.924211,0.781487,none,0.250
952,1787056729.449814,camera_init,8.849737,35.859484,0.000000,-0.017765,0.019719,0.422425,0.906009,0.872171,none,0.250
953,1787056729.650018,camera_init,8.926538,35.990539,0.000000,-0.018921,0.024160,0.451490,0.891748,0.936986,none,0.250
954,1787056729.850062,camera_init,8.999151,36.126516,0.000000,-0.020516,0.024316,0.474756,0.879542,0.989515,none,0.250
955,1787056730.050004,camera_init,9.073394,36.267307,0.000000,-0.019997,0.025868,0.497484,0.866857,1.041716,none,0.250
956,1787056730.250039,camera_init,9.145275,36.414141,0.000000,-0.020345,0.026363,0.521361,0.852686,1.097328,none,0.250
957,1787056730.549944,camera_init,9.226426,36.620622,0.000000,-0.022245,0.027202,0.559864,0.827839,1.189055,none,0.250
958,1787056730.750064,camera_init,9.278695,36.767928,0.000000,-0.021194,0.028269,0.582731,0.811897,1.245015,none,0.250
959,1787056730.949993,camera_init,9.321430,36.920543,0.000000,-0.021804,0.030452,0.597989,0.800629,1.283084,none,0.250
960,1787056731.150034,camera_init,9.358655,37.077774,0.000000,-0.021231,0.028537,0.612882,0.789374,1.320440,none,0.250
961,1787056731.350065,camera_init,9.389208,37.236231,0.000000,-0.021282,0.028073,0.629737,0.776010,1.363518,none,0.250
962,1787056731.550148,camera_init,9.408776,37.388979,0.000000,-0.020426,0.029847,0.648947,0.759974,1.413792,none,0.250
963,1787056731.849946,camera_init,9.438220,37.617021,0.000000,-0.020351,0.029997,0.660930,0.749571,1.445604,none,0.250
964,1787056732.050014,camera_init,9.460105,37.776901,0.000000,-0.020983,0.030557,0.665027,0.745899,1.456630,none,0.250
965,1787056732.250093,camera_init,9.483200,37.949099,0.000000,-0.020473,0.028221,0.667294,0.743978,1.462479,none,0.250
966,1787056732.449950,camera_init,9.504108,38.114671,0.000000,-0.021031,0.028324,0.668136,0.743203,1.464751,none,0.250
967,1787056732.650058,camera_init,9.532249,38.288209,0.000000,-0.021438,0.031099,0.669465,0.741883,1.468633,none,0.250
968,1787056732.850151,camera_init,9.555354,38.462740,0.000000,-0.020996,0.031322,0.670796,0.740683,1.472260,none,0.250
969,1787056733.050058,camera_init,9.581701,38.628706,0.000000,-0.020848,0.033093,0.674014,0.737682,1.481192,none,0.250
970,1787056733.250048,camera_init,9.597927,38.799268,0.000000,-0.020840,0.032178,0.683219,0.729206,1.506215,none,0.250
971,1787056733.450117,camera_init,9.599836,38.972550,0.000000,-0.023578,0.031181,0.693120,0.719762,1.533449,none,0.250
972,1787056733.650156,camera_init,9.600617,39.133015,0.000000,-0.022861,0.032458,0.705950,0.707148,1.569632,none,0.250
973,1787056733.850031,camera_init,9.589676,39.294574,0.000000,-0.022111,0.032987,0.722674,0.690047,1.617647,none,0.250
974,1787056734.050126,camera_init,9.569204,39.464148,0.000000,-0.022097,0.031727,0.739543,0.671998,1.667080,none,0.250
975,1787056734.249876,camera_init,9.543335,39.629834,0.000000,-0.021676,0.031658,0.754250,0.655465,1.711438,none,0.250
976,1787056734.450024,camera_init,9.508306,39.792867,0.000000,-0.022533,0.034352,0.768354,0.638705,1.755508,none,0.250
977,1787056734.649962,camera_init,9.466882,39.966162,0.000000,-0.021527,0.035349,0.780797,0.623412,1.795134,none,0.250
978,1787056734.850055,camera_init,9.424322,40.142827,0.000000,-0.021890,0.036822,0.789769,0.611907,1.824486,none,0.250
979,1787056735.049970,camera_init,9.369674,40.322145,0.000000,-0.021616,0.033581,0.800070,0.598576,1.858001,none,0.250
980,1787056735.249953,camera_init,9.312297,40.490250,0.000000,-0.020732,0.033947,0.812177,0.582054,1.899093,none,0.250
981,1787056735.450027,camera_init,9.251160,40.651310,0.000000,-0.019960,0.033989,0.824429,0.564592,1.941850,none,0.250
982,1787056735.650034,camera_init,9.178312,40.800087,0.000000,-0.021316,0.034681,0.837860,0.544365,1.990540,none,0.250
983,1787056735.850073,camera_init,9.098484,40.946354,0.000000,-0.021497,0.035261,0.852837,0.520542,2.046972,none,0.250
984,1787056736.049912,camera_init,9.009839,41.093394,0.000000,-0.023603,0.036695,0.865625,0.498788,2.097651,none,0.250
985,1787056736.250115,camera_init,8.917513,41.232262,0.000000,-0.023481,0.034473,0.874961,0.482393,2.135271,none,0.250
986,1787056736.449962,camera_init,8.823173,41.372412,0.000000,-0.023041,0.037410,0.883029,0.467257,2.169892,none,0.250
987,1787056736.650108,camera_init,8.724646,41.509289,0.000000,-0.023142,0.036426,0.890330,0.453266,2.201428,none,0.250
988,1787056736.849913,camera_init,8.619188,41.639492,0.000000,-0.022400,0.035607,0.897078,0.439866,2.231413,none,0.250
989,1787056737.049945,camera_init,8.515143,41.769014,0.000000,-0.020231,0.035225,0.903706,0.426223,2.261739,none,0.250
990,1787056737.250035,camera_init,8.405868,41.892432,0.000000,-0.022063,0.035395,0.911262,0.409710,2.298152,none,0.250
991,1787056737.449925,camera_init,8.280669,42.008763,0.000000,-0.022249,0.035026,0.921490,0.386180,2.349515,none,0.250
992,1787056737.649955,camera_init,8.153395,42.118136,0.000000,-0.022579,0.032411,0.931762,0.360916,2.403938,none,0.250
993,1787056737.850013,camera_init,8.025790,42.215596,0.000000,-0.022041,0.032305,0.939428,0.340508,2.447578,none,0.250
994,1787056738.050101,camera_init,7.896433,42.314901,0.000000,-0.024126,0.033981,0.946611,0.319674,2.491891,none,0.250
995,1787056738.249957,camera_init,7.761919,42.416868,0.000000,-0.022361,0.033751,0.951219,0.305848,2.521010,none,0.250
996,1787056738.449991,camera_init,7.634600,42.522018,0.000000,-0.019809,0.036536,0.952772,0.300829,2.531652,none,0.250
997,1787056738.650084,camera_init,7.508940,42.611250,0.000000,-0.019806,0.035578,0.953575,0.298389,2.536723,none,0.250
998,1787056738.849946,camera_init,7.370937,42.706248,0.000000,-0.018894,0.037182,0.953963,0.297011,2.539672,none,0.250
999,1787056739.050014,camera_init,7.233112,42.808260,0.000000,-0.021584,0.036830,0.953628,0.297944,2.537764,none,0.250
1000,1787056739.250051,camera_init,7.097409,42.900999,0.000000,-0.022076,0.037831,0.953791,0.297261,2.539263,none,0.250
1001,1787056739.449934,camera_init,6.957638,43.005028,0.000000,-0.022071,0.035246,0.954072,0.296677,2.540346,none,0.250
1002,1787056739.650085,camera_init,6.826852,43.114703,0.000000,-0.025609,0.038036,0.951049,0.305621,2.521785,none,0.250
1003,1787056739.850042,camera_init,6.704201,43.208369,0.000000,-0.024007,0.035531,0.947750,0.316120,2.499486,none,0.250
1004,1787056740.050153,camera_init,6.584914,43.319224,0.000000,-0.024994,0.034888,0.941466,0.334364,2.460810,none,0.250
1005,1787056740.250094,camera_init,6.470369,43.441083,0.000000,-0.025218,0.033480,0.934821,0.352636,2.421749,none,0.250
1006,1787056740.450099,camera_init,6.377848,43.576910,0.000000,-0.023061,0.033579,0.921492,0.386256,2.349273,none,0.250
1007,1787056740.650084,camera_init,6.290208,43.705797,0.000000,-0.022365,0.031971,0.908617,0.415805,2.284574,none,0.250
1008,1787056740.850100,camera_init,6.189871,43.839154,0.000000,-0.023010,0.032675,0.902396,0.429050,2.255322,none,0.250
1009,1787056741.150110,camera_init,6.056606,44.013136,0.000000,-0.021959,0.031092,0.899261,0.435754,2.240369,none,0.250
1010,1787056741.449946,camera_init,5.926457,44.190022,0.000000,-0.021257,0.031886,0.895822,0.442757,2.224799,none,0.250
1011,1787056741.750030,camera_init,5.799264,44.365845,0.000000,-0.022263,0.033053,0.895100,0.444082,2.221875,none,0.250
1012,1787056741.949929,camera_init,5.707261,44.493582,0.000000,-0.021838,0.031409,0.895699,0.443013,2.224195,none,0.250
1013,1787056742.149947,camera_init,5.613774,44.617312,0.000000,-0.023369,0.033257,0.892561,0.449091,2.210646,none,0.250
1014,1787056742.350025,camera_init,5.530522,44.747968,0.000000,-0.024196,0.033620,0.887657,0.458639,2.189169,none,0.250
1015,1787056742.650056,camera_init,5.426584,44.951073,0.000000,-0.024431,0.034784,0.872121,0.487441,2.123686,none,0.250
1016,1787056742.850046,camera_init,5.358003,45.091312,0.000000,-0.023766,0.035813,0.868385,0.494025,2.108607,none,0.250
1017,1787056743.050151,camera_init,5.277758,45.237493,0.000000,-0.023727,0.035708,0.865544,0.498995,2.097125,none,0.250
1018,1787056743.250012,camera_init,5.207032,45.379988,0.000000,-0.023019,0.034463,0.861157,0.506646,2.079351,none,0.250
1019,1787056743.550042,camera_init,5.104531,45.578211,0.000000,-0.023447,0.032260,0.858786,0.510779,2.069621,none,0.250
1020,1787056743.750098,camera_init,5.028102,45.717310,0.000000,-0.024153,0.032500,0.859116,0.510176,2.071010,none,0.250
1021,1787056743.950083,camera_init,4.958854,45.855078,0.000000,-0.024967,0.034326,0.859218,0.509846,2.071823,none,0.250
1022,1787056744.149952,camera_init,4.890823,45.996063,0.000000,-0.023582,0.033218,0.855729,0.515818,2.057887,none,0.250
1023,1787056744.349957,camera_init,4.825687,46.143469,0.000000,-0.024366,0.032243,0.851064,0.523504,2.039781,none,0.250
1024,1787056744.550081,camera_init,4.764673,46.294869,0.000000,-0.023895,0.033410,0.843206,0.536019,2.010265,none,0.250
1025,1787056744.750031,camera_init,4.710948,46.443881,0.000000,-0.023293,0.033281,0.832670,0.552278,1.971436,none,0.250
1026,1787056745.050143,camera_init,4.659524,46.659994,0.000000,-0.024865,0.033720,0.811762,0.582483,1.897804,none,0.250
1027,1787056745.250295,camera_init,4.630066,46.821461,0.000000,-0.025226,0.031450,0.798290,0.600923,1.851840,none,0.250
1028,1787056745.450109,camera_init,4.602761,46.980485,0.000000,-0.026322,0.032210,0.787194,0.615301,1.815450,none,0.250
1029,1787056745.650075,camera_init,4.577643,47.129883,0.000000,-0.023825,0.031217,0.778388,0.626555,1.786819,none,0.250
1030,1787056745.849975,camera_init,4.544820,47.284032,0.000000,-0.023680,0.036303,0.777026,0.627975,1.783282,none,0.250
1031,1787056746.050040,camera_init,4.513108,47.441914,0.000000,-0.023872,0.034117,0.777346,0.627694,1.783945,none,0.250
1032,1787056746.250122,camera_init,4.479995,47.591360,0.000000,-0.022148,0.031797,0.778624,0.626293,1.787620,none,0.250
1033,1787056746.450114,camera_init,4.442623,47.743551,0.000000,-0.024054,0.035442,0.778995,0.625565,1.789440,none,0.250
1034,1787056746.749999,camera_init,4.396056,47.969592,0.000000,-0.022887,0.028798,0.780091,0.624583,1.791901,none,0.250
1035,1787056746.950096,camera_init,4.364100,48.133753,0.000000,-0.023969,0.034233,0.778909,0.625742,1.788964,none,0.250
1036,1787056747.150142,camera_init,4.336080,48.293729,0.000000,-0.023537,0.034927,0.777217,0.627821,1.783657,none,0.250
1037,1787056747.350071,camera_init,4.305179,48.452705,0.000000,-0.023483,0.032435,0.776783,0.628493,1.781875,none,0.250
1038,1787056747.550298,camera_init,4.280598,48.610520,0.000000,-0.024097,0.030459,0.774770,0.631049,1.775192,none,0.250
1039,1787056747.750093,camera_init,4.256764,48.762508,0.000000,-0.022510,0.029452,0.770438,0.636436,1.761326,none,0.250
1040,1787056747.950122,camera_init,4.225348,48.922432,0.000000,-0.025146,0.032787,0.770458,0.636150,1.761934,none,0.250
1041,1787056748.149956,camera_init,4.197110,49.085307,0.000000,-0.023188,0.032641,0.771578,0.634873,1.765397,none,0.250
1042,1787056748.350056,camera_init,4.175553,49.251824,0.000000,-0.025741,0.032022,0.767032,0.640292,1.751080,none,0.250
1043,1787056748.550100,camera_init,4.163415,49.405720,0.000000,-0.023851,0.030796,0.763843,0.644226,1.740915,none,0.250
1044,1787056748.750093,camera_init,4.141107,49.557538,0.000000,-0.024209,0.030040,0.761911,0.646531,1.734822,none,0.250
1045,1787056748.950165,camera_init,4.124158,49.710093,0.000000,-0.024025,0.035640,0.751918,0.657854,1.704962,none,0.250
1046,1787056749.150050,camera_init,4.115707,49.860714,0.000000,-0.023363,0.032320,0.742944,0.668164,1.677342,none,0.250
1047,1787056749.350099,camera_init,4.108562,50.022556,0.000000,-0.023849,0.031670,0.738068,0.673561,1.662699,none,0.250
1048,1787056749.549998,camera_init,4.096966,50.205832,0.000000,-0.023794,0.031681,0.732745,0.679349,1.646938,none,0.250
1049,1787056749.750009,camera_init,4.091222,50.365556,0.000000,-0.024503,0.031669,0.731045,0.681154,1.641937,none,0.250
1050,1787056749.950092,camera_init,4.089958,50.523732,0.000000,-0.023226,0.030795,0.727249,0.685289,1.630685,none,0.250
1051,1787056750.149972,camera_init,4.087901,50.688712,0.000000,-0.024845,0.032632,0.722540,0.690111,1.617224,none,0.250
1052,1787056750.450087,camera_init,4.078599,50.901367,0.000000,-0.021976,0.031746,0.721565,0.691269,1.614262,none,0.250
1053,1787056750.650055,camera_init,4.080679,51.058892,0.000000,-0.023583,0.027593,0.717041,0.696085,1.600697,none,0.250
1054,1787056750.849980,camera_init,4.084420,51.213821,0.000000,-0.025279,0.031503,0.712533,0.700475,1.588245,none,0.250
1055,1787056751.149989,camera_init,4.082657,51.433767,0.000000,-0.025775,0.029141,0.707517,0.705624,1.573665,none,0.250
1056,1787056751.350118,camera_init,4.089642,51.589193,0.000000,-0.023868,0.030898,0.705424,0.707709,1.567944,none,0.250
1057,1787056751.650054,camera_init,4.104524,51.802195,0.000000,-0.022624,0.030119,0.698914,0.714213,1.549510,none,0.250
1058,1787056751.950094,camera_init,4.122851,52.012380,0.000000,-0.022835,0.030165,0.697166,0.715911,1.544620,none,0.250
1059,1787056752.250066,camera_init,4.132595,52.229214,0.000000,-0.024911,0.029933,0.700740,0.712353,1.554611,none,0.250
1060,1787056752.550144,camera_init,4.137986,52.445076,0.000000,-0.024211,0.032605,0.703261,0.709771,1.562045,none,0.250
1061,1787056752.850181,camera_init,4.137460,52.654150,0.000000,-0.026591,0.029770,0.704664,0.708418,1.565655,none,0.250
1062,1787056753.150106,camera_init,4.143433,52.846795,0.000000,-0.028586,0.032491,0.702634,0.710234,1.560257,none,0.250
1063,1787056763.650276,camera_init,4.169293,52.937615,0.000000,-0.026339,0.029250,0.702993,0.710107,1.560874,avoid_start,0.250
1064,1787056769.850206,camera_init,4.160999,53.104632,0.000000,-0.025388,0.032431,0.704198,0.708808,1.564669,none,0.250
1065,1787056770.250335,camera_init,4.174373,53.294204,0.000000,-0.024753,0.030444,0.703203,0.709905,1.561611,none,0.250
1066,1787056770.550272,camera_init,4.169504,53.459608,0.000000,-0.023511,0.030466,0.702131,0.711007,1.558594,none,0.250
1067,1787056770.850214,camera_init,4.185098,53.611598,0.000000,-0.026827,0.024031,0.702191,0.711077,1.558062,none,0.250
1068,1787056771.150370,camera_init,4.190258,53.777787,0.000000,-0.025034,0.030641,0.702889,0.710198,1.560749,none,0.250
1069,1787056771.450259,camera_init,4.194989,53.957265,0.000000,-0.024162,0.033339,0.702899,0.710097,1.561122,none,0.250
1070,1787056771.750276,camera_init,4.211423,54.117768,0.000000,-0.025424,0.030537,0.705022,0.708072,1.566760,none,0.250
1071,1787056772.050235,camera_init,4.211174,54.298068,0.000000,-0.021853,0.031537,0.706438,0.706734,1.570896,none,0.250
1072,1787056772.350406,camera_init,4.215857,54.508440,0.000000,-0.025143,0.032238,0.709145,0.703876,1.578675,none,0.250
1073,1787056772.650410,camera_init,4.214692,54.712426,0.000000,-0.022280,0.033640,0.708525,0.704532,1.577094,none,0.250
1074,1787056772.850421,camera_init,4.227434,54.865622,0.000000,-0.024289,0.036572,0.702708,0.710123,1.561032,none,0.250
1075,1787056773.150254,camera_init,4.237986,55.070384,0.000000,-0.022464,0.029940,0.699284,0.713863,1.550529,none,0.250
1076,1787056773.450212,camera_init,4.243541,55.292584,0.000000,-0.026021,0.031052,0.697427,0.715510,1.545447,none,0.250
1077,1787056773.750408,camera_init,4.263799,55.480695,0.000000,-0.028332,0.031690,0.698250,0.714591,1.547825,none,0.250
1078,1787056774.050505,camera_init,4.268002,55.671255,0.000000,-0.026394,0.031258,0.700557,0.712422,1.554256,none,0.250
1079,1787056774.350439,camera_init,4.270884,55.866808,0.000000,-0.026632,0.029742,0.703983,0.709094,1.563726,none,0.250
1080,1787056774.650443,camera_init,4.279716,56.055512,0.000000,-0.029094,0.031808,0.705875,0.707023,1.569334,none,0.250
1081,1787056774.950444,camera_init,4.282993,56.279444,0.000000,-0.028784,0.029167,0.707383,0.705642,1.573287,none,0.250
1082,1787056775.250273,camera_init,4.291027,56.494471,0.000000,-0.023175,0.033495,0.705208,0.707829,1.567667,none,0.250
1083,1787056775.550274,camera_init,4.300202,56.716765,0.000000,-0.027607,0.030699,0.704511,0.708491,1.565335,none,0.250
1084,1787056775.850359,camera_init,4.309004,56.930318,0.000000,-0.021535,0.033012,0.703885,0.709219,1.563865,none,0.250
1085,1787056776.050319,camera_init,4.311854,57.092675,0.000000,-0.026203,0.029821,0.703705,0.709382,1.562953,none,0.250
1086,1787056776.250447,camera_init,4.320269,57.250334,0.000000,-0.027852,0.026912,0.704609,0.708538,1.565177,none,0.250
1087,1787056776.550366,camera_init,4.327767,57.472584,0.000000,-0.028081,0.033474,0.707833,0.705027,1.575110,none,0.250
1088,1787056776.750374,camera_init,4.327459,57.625445,0.000000,-0.027979,0.032352,0.708261,0.704653,1.576177,none,0.250
1089,1787056776.950288,camera_init,4.324361,57.786901,0.000000,-0.025988,0.032658,0.710006,0.702958,1.581182,none,0.250
1090,1787056777.150437,camera_init,4.332737,57.948036,0.000000,-0.024990,0.035194,0.710264,0.702611,1.582265,none,0.250
1091,1787056777.350385,camera_init,4.347347,58.105949,0.000000,-0.024310,0.030123,0.708468,0.704681,1.576481,none,0.250
1092,1787056777.550368,camera_init,4.350429,58.268431,0.000000,-0.021341,0.029590,0.707598,0.705673,1.573946,none,0.250
1093,1787056777.750472,camera_init,4.352874,58.430747,0.000000,-0.022051,0.030154,0.707887,0.705338,1.574833,none,0.250
1094,1787056777.950370,camera_init,4.361630,58.583120,0.000000,-0.023249,0.031599,0.706609,0.706516,1.571387,none,0.250
1095,1787056778.150440,camera_init,4.368787,58.748232,0.000000,-0.021447,0.029983,0.707224,0.706028,1.572932,none,0.250
1096,1787056778.350403,camera_init,4.373682,58.911850,0.000000,-0.022898,0.029388,0.708181,0.705047,1.575578,none,0.250
1097,1787056778.650367,camera_init,4.381975,59.138187,0.000000,-0.024022,0.031489,0.710896,0.702182,1.583564,none,0.250
1098,1787056778.850328,camera_init,4.379818,59.294825,0.000000,-0.026733,0.029345,0.711012,0.702059,1.583634,none,0.250
1099,1787056779.050389,camera_init,4.377342,59.446349,0.000000,-0.022761,0.033848,0.713362,0.699608,1.590923,none,0.250
1100,1787056779.250401,camera_init,4.381898,59.603152,0.000000,-0.021802,0.031604,0.713805,0.699291,1.591891,none,0.250
1101,1787056779.450316,camera_init,4.384441,59.772691,0.000000,-0.022699,0.035133,0.711292,0.701651,1.585186,none,0.250
1102,1787056779.750383,camera_init,4.387930,59.994376,0.000000,-0.021533,0.033221,0.711216,0.701858,1.584703,none,0.250
1103,1787056779.950365,camera_init,4.395747,60.145920,0.000000,-0.025792,0.030610,0.710594,0.702462,1.582597,none,0.250
1104,1787056780.150361,camera_init,4.400886,60.306898,0.000000,-0.023213,0.031146,0.710076,0.703053,1.581182,none,0.250
1105,1787056780.350484,camera_init,4.403256,60.468283,0.000000,-0.022770,0.028541,0.710917,0.702328,1.583264,none,0.250
1106,1787056780.550458,camera_init,4.402562,60.628307,0.000000,-0.020068,0.029084,0.712323,0.700962,1.587337,none,0.250
1107,1787056780.750453,camera_init,4.404223,60.792114,0.000000,-0.020802,0.029038,0.713178,0.700072,1.589777,none,0.250
1108,1787056780.950458,camera_init,4.401484,60.957097,0.000000,-0.023872,0.029357,0.715366,0.697725,1.596090,none,0.250
1109,1787056781.150525,camera_init,4.404004,61.133380,0.000000,-0.023710,0.029878,0.716164,0.696889,1.598447,none,0.250
1110,1787056781.350332,camera_init,4.404962,61.294496,0.000000,-0.021924,0.029792,0.714215,0.698948,1.592839,none,0.250
1111,1787056781.550478,camera_init,4.417050,61.447124,0.000000,-0.019735,0.034820,0.703778,0.709291,1.563808,none,0.250
1112,1787056781.750370,camera_init,4.424070,61.605502,0.000000,-0.022779,0.028025,0.704112,0.709170,1.563895,none,0.250
1113,1787056781.950354,camera_init,4.429785,61.769850,0.000000,-0.024402,0.031608,0.702768,0.710298,1.560527,none,0.250
1114,1787056782.150476,camera_init,4.434072,61.931944,0.000000,-0.021545,0.032983,0.702451,0.710641,1.559815,none,0.250
1115,1787056782.350452,camera_init,4.445365,62.099070,0.000000,-0.026382,0.033102,0.702654,0.710272,1.560395,none,0.250
1116,1787056782.550386,camera_init,4.449223,62.264013,0.000000,-0.021800,0.029512,0.704615,0.708641,1.565488,none,0.250
1117,1787056782.750361,camera_init,4.450609,62.421582,0.000000,-0.022001,0.030226,0.706981,0.706244,1.572271,none,0.250
1118,1787056782.950388,camera_init,4.448994,62.573478,0.000000,-0.020726,0.032726,0.709015,0.704129,1.578363,none,0.250
1119,1787056783.150437,camera_init,4.454429,62.728985,0.000000,-0.023595,0.027720,0.710152,0.703107,1.580991,none,0.250
1120,1787056783.350365,camera_init,4.455709,62.886181,0.000000,-0.018870,0.028473,0.711731,0.701621,1.585574,none,0.250
1121,1787056783.550370,camera_init,4.466779,63.044510,0.000000,-0.021478,0.029859,0.703275,0.709966,1.561746,none,0.250
1122,1787056783.750443,camera_init,4.475187,63.207121,0.000000,-0.022859,0.026905,0.700961,0.712325,1.554896,none,0.250
1123,1787056783.950526,camera_init,4.478446,63.381773,0.000000,-0.022011,0.030403,0.700880,0.712291,1.555067,none,0.250
1124,1787056784.150433,camera_init,4.486554,63.540390,0.000000,-0.026036,0.031674,0.699531,0.713425,1.551423,none,0.250
1125,1787056784.450432,camera_init,4.496855,63.760682,0.000000,-0.025428,0.028851,0.699042,0.714046,1.549717,none,0.250
1126,1787056784.750567,camera_init,4.504665,63.989046,0.000000,-0.023954,0.024295,0.702806,0.710563,1.559824,none,0.250
1127,1787056784.950502,camera_init,4.505778,64.159182,0.000000,-0.023952,0.032651,0.703218,0.709820,1.561930,none,0.250
1128,1787056785.150423,camera_init,4.504917,64.320871,0.000000,-0.026070,0.029897,0.706190,0.706910,1.569991,none,0.250
1129,1787056785.350554,camera_init,4.509309,64.481914,0.000000,-0.022819,0.031285,0.707186,0.705966,1.572985,none,0.250
1130,1787056785.550418,camera_init,4.519495,64.633620,0.000000,-0.023255,0.032797,0.706442,0.706628,1.571069,none,0.250
1131,1787056785.750376,camera_init,4.527437,64.801311,0.000000,-0.020969,0.027020,0.705564,0.707820,1.567891,none,0.250
1132,1787056785.950387,camera_init,4.526424,64.955361,0.000000,-0.017826,0.026305,0.707743,0.705755,1.573986,none,0.250
1133,1787056786.149954,camera_init,4.529518,65.119118,0.000000,-0.019519,0.028420,0.706582,0.706791,1.570929,none,0.250
1134,1787056786.350266,camera_init,4.539279,65.280616,0.000000,-0.022707,0.024427,0.706503,0.706924,1.570282,none,0.250
1135,1787056786.550612,camera_init,4.542579,65.446370,0.000000,-0.021515,0.028577,0.706636,0.706672,1.571100,none,0.250
1136,1787056786.750564,camera_init,4.540966,65.607407,0.000000,-0.020583,0.029686,0.708110,0.705177,1.575411,none,0.250
1137,1787056786.950406,camera_init,4.538664,65.768825,0.000000,-0.023704,0.032893,0.707649,0.705400,1.574507,none,0.250
1138,1787056787.150535,camera_init,4.540685,65.926274,0.000000,-0.022847,0.032482,0.710652,0.702422,1.582997,none,0.250
1139,1787056787.350554,camera_init,4.546796,66.086823,0.000000,-0.024444,0.030258,0.712161,0.700938,1.587023,none,0.250
1140,1787056787.550494,camera_init,4.553096,66.244020,0.000000,-0.025342,0.032269,0.711220,0.701771,1.584592,none,0.250
1141,1787056787.750613,camera_init,4.557651,66.411296,0.000000,-0.022072,0.029649,0.709981,0.703250,1.580728,none,0.250
1142,1787056787.950409,camera_init,4.561583,66.574612,0.000000,-0.026181,0.033693,0.708307,0.704614,1.576484,none,0.250
1143,1787056788.150494,camera_init,4.567300,66.740414,0.000000,-0.025036,0.030220,0.708932,0.704184,1.577814,none,0.250
1144,1787056788.350474,camera_init,4.570363,66.899577,0.000000,-0.022273,0.029100,0.708622,0.704637,1.576795,none,0.250
1145,1787056788.550434,camera_init,4.576939,67.068228,0.000000,-0.022043,0.030362,0.708120,0.705095,1.575520,none,0.250
1146,1787056788.750434,camera_init,4.581591,67.220442,0.000000,-0.023415,0.031810,0.708828,0.704275,1.577716,none,0.250
1147,1787056789.050456,camera_init,4.577546,67.441085,0.000000,-0.023093,0.026183,0.711632,0.701685,1.585042,none,0.250
1148,1787056789.250558,camera_init,4.574459,67.608171,0.000000,-0.020818,0.031273,0.712926,0.700233,1.589329,none,0.250
1149,1787056789.450459,camera_init,4.572417,67.767426,0.000000,-0.017893,0.034214,0.713834,0.699250,1.592314,none,0.250
1150,1787056789.650514,camera_init,4.582238,67.929912,0.000000,-0.019909,0.031110,0.713073,0.700116,1.589729,none,0.250
1151,1787056789.850481,camera_init,4.588932,68.085465,0.000000,-0.020115,0.032653,0.712040,0.701091,1.586977,none,0.250
1152,1787056790.050585,camera_init,4.590039,68.237971,0.000000,-0.019307,0.030047,0.711324,0.701956,1.584600,none,0.250
1153,1787056790.350489,camera_init,4.589486,68.448288,0.000000,-0.017882,0.032963,0.711668,0.701514,1.585953,none,0.250
1154,1787056790.650442,camera_init,4.585499,68.672237,0.000000,-0.012496,0.036398,0.711387,0.701746,1.585624,none,0.250
1155,1787056790.950512,camera_init,4.606436,68.888036,0.000000,-0.020259,0.034304,0.710549,0.702519,1.582947,none,0.250
1156,1787056791.250538,camera_init,4.611596,69.081555,0.000000,-0.020660,0.031150,0.710720,0.702481,1.583016,none,0.250
1157,1787056800.750576,camera_init,4.598674,69.210975,0.000000,-0.014950,0.032073,0.708588,0.704734,1.577062,avoid_end,0.250
1158,1787056805.849937,camera_init,4.612284,69.389580,0.000000,-0.016251,0.030212,0.710976,0.702379,1.583625,none,0.250
1159,1787056806.250173,camera_init,4.612365,69.570146,0.000000,-0.015644,0.026344,0.711787,0.701727,1.585491,none,0.250
1160,1787056806.549965,camera_init,4.608959,69.763824,0.000000,-0.016178,0.034842,0.712517,0.700602,1.588633,none,0.250
1161,1787056806.850684,camera_init,4.615801,69.984536,0.000000,-0.017201,0.032087,0.712008,0.701227,1.586805,none,0.250
1162,1787056807.150840,camera_init,4.619970,70.203526,0.000000,-0.011966,0.031560,0.710232,0.703158,1.581668,none,0.250
1163,1787056807.350656,camera_init,4.633334,70.354432,0.000000,-0.012542,0.026788,0.710553,0.703022,1.582019,none,0.250
1164,1787056807.550674,camera_init,4.640489,70.522483,0.000000,-0.013098,0.027360,0.709488,0.704065,1.579052,none,0.250
1165,1787056807.850725,camera_init,4.636217,70.741278,0.000000,-0.012744,0.026310,0.707909,0.705699,1.574456,none,0.250
1166,1787056808.150802,camera_init,4.638352,70.964766,0.000000,-0.011684,0.031748,0.708638,0.704761,1.577160,none,0.250
1167,1787056808.350819,camera_init,4.641783,71.124854,0.000000,-0.012084,0.034343,0.708841,0.704428,1.578083,none,0.250
1168,1787056808.550704,camera_init,4.645337,71.293581,0.000000,-0.010016,0.033669,0.708049,0.705289,1.575740,none,0.250
1169,1787056808.750772,camera_init,4.649589,71.460333,0.000000,-0.012620,0.032458,0.708787,0.704563,1.577675,none,0.250
1170,1787056808.949966,camera_init,4.656764,71.635705,0.000000,-0.015205,0.038644,0.707272,0.705720,1.574261,none,0.250
1171,1787056809.150741,camera_init,4.669139,71.793237,0.000000,-0.011061,0.034728,0.698084,0.715088,1.547800,none,0.250
1172,1787056809.350767,camera_init,4.673146,71.955299,0.000000,-0.012882,0.035014,0.697469,0.715643,1.546115,none,0.250
1173,1787056809.550887,camera_init,4.681650,72.114396,0.000000,-0.010407,0.030968,0.697358,0.715978,1.545285,none,0.250
1174,1787056809.750673,camera_init,4.692240,72.280163,0.000000,-0.013106,0.033484,0.697580,0.715604,1.546219,none,0.250
1175,1787056809.950777,camera_init,4.697407,72.443606,0.000000,-0.014186,0.032433,0.699520,0.713736,1.551512,none,0.250
1176,1787056810.150806,camera_init,4.713438,72.600677,0.000000,-0.013318,0.035199,0.691889,0.721023,1.530587,none,0.250
1177,1787056810.350771,camera_init,4.722471,72.757597,0.000000,-0.010342,0.032302,0.692896,0.720239,1.533015,none,0.250
1178,1787056810.650713,camera_init,4.731611,72.979500,0.000000,-0.011272,0.032561,0.690596,0.722420,1.526661,none,0.250
1179,1787056810.950046,camera_init,4.740667,73.187328,0.000000,-0.012321,0.030306,0.693510,0.719704,1.534470,none,0.250
1180,1787056811.250677,camera_init,4.749320,73.398298,0.000000,-0.010618,0.034648,0.692277,0.720721,1.531601,none,0.250
1181,1787056811.549949,camera_init,4.767425,73.584992,0.000000,-0.007617,0.031821,0.692100,0.721060,1.530751,none,0.250
1182,1787056811.850768,camera_init,4.786753,73.784142,0.000000,-0.008517,0.037261,0.692180,0.720712,1.531706,none,0.250
1183,1787056812.150818,camera_init,4.796651,73.972387,0.000000,-0.014734,0.032157,0.699465,0.713791,1.551324,none,0.250
1184,1787056812.450733,camera_init,4.804123,74.144110,0.000000,-0.016425,0.029309,0.704371,0.709036,1.564779,none,0.250
1185,1787056812.850796,camera_init,4.808622,74.341292,0.000000,-0.020297,0.027647,0.707466,0.705914,1.573348,none,0.250
1186,1787056813.250848,camera_init,4.807246,74.544663,0.000000,-0.016387,0.031832,0.707009,0.706298,1.572550,none,0.250
1187,1787056813.650757,camera_init,4.813799,74.738711,0.000000,-0.016791,0.027680,0.708556,0.704911,1.576444,none,0.250
1188,1787056814.050786,camera_init,4.822180,74.904202,0.000000,-0.017744,0.025884,0.708608,0.704904,1.576398,none,0.250
1189,1787056814.450859,camera_init,4.819141,75.096090,0.000000,-0.013343,0.028261,0.708901,0.704615,1.577486,none,0.250
1190,1787056814.849965,camera_init,4.825908,75.266534,0.000000,-0.017183,0.026957,0.709354,0.704127,1.578630,none,0.250
1191,1787056815.349950,camera_init,4.826573,75.418118,0.000000,-0.018328,0.033697,0.706859,0.706314,1.572370,none,0.250
