seq,stamp,frame_id,x,y,z,qx,qy,qz,qw,yaw,task,tol
0,1786781012.597079,camera_init,0.021756,0.067626,0.000000,-0.000661,-0.002157,0.011219,0.999935,0.022441,none,0.250
1,1786781024.997975,camera_init,0.183893,0.062241,0.000000,-0.000160,-0.000460,0.014134,0.999900,0.028269,none,0.250
2,1786781025.698143,camera_init,0.350216,0.060788,0.000000,0.000042,-0.002369,0.013093,0.999911,0.026187,none,0.250
3,1786781026.297753,camera_init,0.501061,0.061924,0.000000,0.001711,-0.001232,0.014669,0.999890,0.029335,none,0.250
4,1786781026.797899,camera_init,0.655468,0.062595,0.000000,0.001793,0.000525,0.012512,0.999920,0.025027,none,0.250
5,1786781027.298255,camera_init,0.845570,0.063137,0.000000,0.001926,-0.000560,0.015884,0.999872,0.031767,none,0.250
6,1786781027.698105,camera_init,1.013087,0.056768,0.000000,0.000875,0.001924,0.018010,0.999836,0.036024,none,0.250
7,1786781028.098003,camera_init,1.163607,0.064353,0.000000,0.002217,0.004027,0.021808,0.999752,0.043638,none,0.250
8,1786781028.497967,camera_init,1.338982,0.059368,0.000000,0.002269,0.005115,0.016045,0.999856,0.032116,none,0.250
9,1786781028.898837,camera_init,1.500059,0.055649,0.000000,0.003570,0.004080,0.002938,0.999981,0.005906,none,0.250
10,1786781029.297897,camera_init,1.658833,0.055698,0.000000,0.002452,0.003247,0.000299,0.999992,0.000614,none,0.250
11,1786781029.696597,camera_init,1.821025,0.050031,0.000000,0.000109,0.002543,-0.000987,0.999996,-0.001973,none,0.250
12,1786781030.196340,camera_init,1.981887,0.045994,0.000000,0.001177,-0.000831,-0.000723,0.999999,-0.001448,none,0.250
13,1786781030.692544,camera_init,2.156236,0.046176,0.000000,0.001643,0.001340,0.000729,0.999997,0.001462,none,0.250
14,1786781031.194539,camera_init,2.335873,0.039117,0.000000,0.000991,0.002164,0.001176,0.999996,0.002357,none,0.250
15,1786781031.597798,camera_init,2.498567,0.047100,0.000000,-0.000826,0.001011,0.005507,0.999984,0.011013,none,0.250
16,1786781031.998097,camera_init,2.659515,0.043218,0.000000,-0.000904,0.000425,0.009262,0.999957,0.018522,none,0.250
17,1786781032.395957,camera_init,2.822809,0.043167,0.000000,0.001249,-0.000324,0.010840,0.999940,0.021679,none,0.250
18,1786781032.797828,camera_init,3.009005,0.041277,0.000000,0.000837,-0.000423,0.012507,0.999921,0.025015,none,0.250
19,1786781033.195956,camera_init,3.200032,0.038109,0.000000,0.001718,0.004147,0.012654,0.999910,0.025324,none,0.250
20,1786781033.598046,camera_init,3.383328,0.037600,0.000000,-0.000697,0.002900,0.014188,0.999895,0.028372,none,0.250
21,1786781033.997201,camera_init,3.538471,0.038589,0.000000,-0.000735,-0.000343,0.014600,0.999893,0.029201,none,0.250
22,1786781034.398440,camera_init,3.710154,0.036982,0.000000,0.000476,0.001036,0.014463,0.999895,0.028927,none,0.250
23,1786781034.798190,camera_init,3.888869,0.037120,0.000000,-0.000043,0.000368,0.016430,0.999865,0.032861,none,0.250
24,1786781035.198246,camera_init,4.072531,0.033088,0.000000,0.000448,-0.002667,0.018600,0.999823,0.037200,none,0.250
25,1786781035.598221,camera_init,4.261383,0.036022,0.000000,-0.000329,-0.001750,0.010858,0.999939,0.021718,none,0.250
26,1786781035.998075,camera_init,4.414934,0.038249,0.000000,-0.000552,-0.002894,0.017247,0.999847,0.034499,none,0.250
27,1786781036.398035,camera_init,4.579786,0.037440,0.000000,0.001078,-0.000352,0.018492,0.999828,0.036986,none,0.250
28,1786781036.798069,camera_init,4.776762,0.039690,0.000000,0.001350,0.002418,0.020590,0.999784,0.041190,none,0.250
29,1786781037.197904,camera_init,4.949430,0.035097,0.000000,0.000774,0.002307,0.022425,0.999746,0.044858,none,0.250
30,1786781037.597489,camera_init,5.119714,0.045003,0.000000,0.000179,0.000900,0.022450,0.999748,0.044904,none,0.250
31,1786781037.998914,camera_init,5.305484,0.050805,0.000000,0.001391,-0.001165,0.019036,0.999817,0.038071,none,0.250
32,1786781038.398558,camera_init,5.475867,0.031258,0.000000,0.002249,-0.001051,0.005945,0.999979,0.011886,none,0.250
33,1786781038.898660,camera_init,5.658556,0.036143,0.000000,0.001862,-0.002935,0.003556,0.999988,0.007101,none,0.250
34,1786781039.396945,camera_init,5.840776,0.034438,0.000000,0.001711,-0.002285,0.001178,0.999995,0.002348,none,0.250
35,1786781039.798321,camera_init,5.992726,0.033117,0.000000,-0.000480,-0.000929,0.004148,0.999991,0.008298,none,0.250
36,1786781040.196235,camera_init,6.151108,0.033780,0.000000,0.000652,-0.002749,0.003953,0.999988,0.007903,none,0.250
37,1786781040.696526,camera_init,6.339595,0.023474,0.000000,0.000653,-0.003285,0.005788,0.999978,0.011572,none,0.250
38,1786781041.095895,camera_init,6.516577,0.032700,0.000000,0.001527,0.000275,0.006382,0.999978,0.012764,none,0.250
39,1786781041.493348,camera_init,6.686727,0.013497,0.000000,0.001650,-0.001101,-0.000839,0.999998,-0.001682,none,0.250
40,1786781041.895843,camera_init,6.854397,0.006216,0.000000,0.001724,-0.002823,-0.007684,0.999965,-0.015379,none,0.250
41,1786781042.297778,camera_init,7.034471,-0.010376,0.000000,0.002767,-0.001220,-0.020052,0.999794,-0.040113,none,0.250
42,1786781042.696403,camera_init,7.214122,-0.022515,0.000000,0.001721,0.000176,-0.023364,0.999726,-0.046732,none,0.250
43,1786781043.098094,camera_init,7.412427,-0.054261,0.000000,0.000536,0.001436,-0.040873,0.999163,-0.081767,none,0.250
44,1786781043.497710,camera_init,7.581082,-0.089562,0.000000,-0.002295,-0.002326,-0.077222,0.997009,-0.154589,none,0.250
45,1786781043.897950,camera_init,7.751574,-0.147989,0.000000,0.000988,0.000014,-0.109276,0.994011,-0.218989,none,0.250
46,1786781044.298361,camera_init,7.931970,-0.216150,0.000000,0.002046,0.000953,-0.136538,0.990632,-0.273929,none,0.250
47,1786781044.697335,camera_init,8.092035,-0.289317,0.000000,0.004208,0.001106,-0.163202,0.986583,-0.327860,none,0.250
48,1786781045.098335,camera_init,8.261633,-0.351534,0.000000,0.005476,0.001075,-0.172715,0.984956,-0.347156,none,0.250
49,1786781045.498022,camera_init,8.424151,-0.419470,0.000000,0.005020,-0.001553,-0.175586,0.984450,-0.353014,none,0.250
50,1786781045.897940,camera_init,8.594665,-0.493525,0.000000,0.005895,0.000163,-0.176645,0.984257,-0.355147,none,0.250
51,1786781046.298658,camera_init,8.763929,-0.557057,0.000000,0.004787,-0.000359,-0.177667,0.984079,-0.357230,none,0.250
52,1786781046.698582,camera_init,8.919412,-0.614993,0.000000,0.005717,-0.000368,-0.176596,0.984267,-0.355052,none,0.250
53,1786781047.098487,camera_init,9.103080,-0.686430,0.000000,0.005196,-0.000046,-0.173765,0.984773,-0.349299,none,0.250
54,1786781047.498432,camera_init,9.263376,-0.750522,0.000000,0.004356,-0.002699,-0.170902,0.985275,-0.343513,none,0.250
55,1786781047.798410,camera_init,9.407495,-0.802792,0.000000,0.003925,-0.001798,-0.168985,0.985609,-0.339613,none,0.250
56,1786781048.198204,camera_init,9.577494,-0.867085,0.000000,0.006503,-0.002350,-0.168649,0.985652,-0.338942,none,0.250
57,1786781048.498186,camera_init,9.721156,-0.925193,0.000000,0.006305,-0.002064,-0.169154,0.985567,-0.339964,none,0.250
58,1786781048.898246,camera_init,9.886687,-0.991994,0.000000,0.004711,-0.000902,-0.168897,0.985622,-0.339427,none,0.250
59,1786781049.296257,camera_init,10.059885,-1.061555,0.000000,0.005206,-0.002812,-0.167457,0.985862,-0.336526,none,0.250
60,1786781049.697962,camera_init,10.213915,-1.116812,0.000000,0.005184,-0.003010,-0.168603,0.985666,-0.338853,none,0.250
61,1786781050.097471,camera_init,10.395986,-1.189809,0.000000,0.004621,-0.006292,-0.167829,0.985785,-0.337325,none,0.250
62,1786781050.498099,camera_init,10.576969,-1.249355,0.000000,0.004747,-0.004964,-0.166851,0.985958,-0.335324,none,0.250
63,1786781050.896134,camera_init,10.745329,-1.316146,0.000000,0.002981,-0.003658,-0.161274,0.986898,-0.323989,none,0.250
64,1786781051.298293,camera_init,10.917638,-1.367530,0.000000,0.002902,-0.004143,-0.147470,0.989054,-0.296050,none,0.250
65,1786781051.696414,camera_init,11.084718,-1.393794,0.000000,0.001767,-0.002878,-0.114639,0.993401,-0.229796,none,0.250
66,1786781052.098267,camera_init,11.246515,-1.406357,0.000000,0.000536,-0.002082,-0.069436,0.997584,-0.138988,none,0.250
67,1786781052.497894,camera_init,11.414887,-1.392646,0.000000,-0.003089,-0.001689,-0.025092,0.999679,-0.050179,none,0.250
68,1786781052.897812,camera_init,11.563628,-1.366264,0.000000,-0.001876,-0.003266,0.026533,0.999641,0.053084,none,0.250
69,1786781053.297960,camera_init,11.738306,-1.321952,0.000000,-0.004762,-0.002372,0.074820,0.997183,0.149801,none,0.250
70,1786781053.698025,camera_init,11.907693,-1.271506,0.000000,-0.004253,0.001381,0.114292,0.993437,0.229073,none,0.250
71,1786781054.098845,camera_init,12.069374,-1.206044,0.000000,-0.005480,0.005800,0.152556,0.988263,0.306258,none,0.250
72,1786781054.498739,camera_init,12.220459,-1.134280,0.000000,-0.006099,0.007266,0.195915,0.980575,0.394324,none,0.250
73,1786781054.898644,camera_init,12.369864,-1.046920,0.000000,-0.009024,0.007697,0.236759,0.971496,0.477958,none,0.250
74,1786781055.298382,camera_init,12.515188,-0.969846,0.000000,-0.007918,0.007409,0.258515,0.965946,0.522895,none,0.250
75,1786781055.698384,camera_init,12.642619,-0.878186,0.000000,-0.011118,0.008588,0.290833,0.956671,0.590068,none,0.250
76,1786781056.098435,camera_init,12.778982,-0.783081,0.000000,-0.012271,0.007187,0.312516,0.949806,0.635548,none,0.250
77,1786781056.498215,camera_init,12.914762,-0.684939,0.000000,-0.012967,0.007805,0.322330,0.946506,0.656233,none,0.250
78,1786781056.898086,camera_init,13.033153,-0.587058,0.000000,-0.013070,0.009982,0.335714,0.941820,0.684576,none,0.250
79,1786781057.598020,camera_init,13.130715,-0.448545,0.000000,-0.013272,0.010068,0.399500,0.916582,0.821827,none,0.250
80,1786781058.098007,camera_init,13.228701,-0.305850,0.000000,-0.014116,0.010511,0.438161,0.898724,0.907001,none,0.250
81,1786781058.597982,camera_init,13.280507,-0.141021,0.000000,-0.017626,0.012473,0.507774,0.861220,1.065123,none,0.250
82,1786781059.198097,camera_init,13.289551,0.019583,0.000000,-0.018731,0.014241,0.591838,0.805713,1.266781,none,0.250
83,1786781059.797819,camera_init,13.256617,0.196103,0.000000,-0.021655,0.017919,0.671776,0.740221,1.473702,none,0.250
84,1786781060.397400,camera_init,13.234959,0.344855,0.000000,-0.024993,0.018937,0.722159,0.691016,1.614641,none,0.250
85,1786781060.997273,camera_init,13.216154,0.511676,0.000000,-0.024799,0.018834,0.730680,0.682010,1.639478,none,0.250
86,1786781061.495420,camera_init,13.218510,0.684151,0.000000,-0.023293,0.019081,0.730656,0.682082,1.639418,none,0.250
87,1786781061.998528,camera_init,13.224888,0.849837,0.000000,-0.020052,0.015496,0.723018,0.690365,1.616860,none,0.250
88,1786781062.494566,camera_init,13.219710,1.011610,0.000000,-0.021264,0.015712,0.714760,0.698870,1.593087,none,0.250
89,1786781062.995319,camera_init,13.234298,1.181606,0.000000,-0.020622,0.016370,0.706202,0.707521,1.568772,none,0.250
90,1786781063.497651,camera_init,13.234425,1.333726,0.000000,-0.021464,0.016942,0.703048,0.710617,1.559907,none,0.250
91,1786781064.096269,camera_init,13.249643,1.509882,0.000000,-0.020745,0.016861,0.701618,0.712052,1.555879,none,0.250
92,1786781064.698206,camera_init,13.245549,1.681494,0.000000,-0.020876,0.018850,0.700632,0.712968,1.553250,none,0.250
93,1786781065.598017,camera_init,13.255034,1.834541,0.000000,-0.020528,0.014925,0.700336,0.713362,1.552157,none,0.250
94,1786781180.798220,camera_init,13.256206,1.984711,0.000000,-0.020504,0.015214,0.701727,0.711988,1.556083,none,0.250
95,1786781181.996775,camera_init,13.262984,2.135037,0.000000,-0.022807,0.015769,0.702032,0.711606,1.556970,none,0.250
96,1786781183.497493,camera_init,13.267757,2.289190,0.000000,-0.024389,0.017672,0.702472,0.711074,1.558331,none,0.250
97,1786781184.993602,camera_init,13.269390,2.447431,0.000000,-0.022593,0.020190,0.701561,0.711965,1.555958,none,0.250
98,1786781186.597864,camera_init,13.278894,2.610875,0.000000,-0.020493,0.019347,0.701457,0.712154,1.555604,none,0.250
99,1786781188.198451,camera_init,13.286083,2.768893,0.000000,-0.020503,0.017600,0.702497,0.711173,1.558402,none,0.250
100,1786781190.897961,camera_init,13.293690,2.921846,0.000000,-0.021947,0.022260,0.702948,0.710554,1.560039,none,0.250
101,1786781193.198237,camera_init,13.294752,3.073423,0.000000,-0.024357,0.023791,0.704553,0.708834,1.564703,none,0.250
102,1786781196.897145,camera_init,13.308189,3.223210,0.000000,-0.024281,0.023267,0.705178,0.708232,1.566422,none,0.250
103,1786781231.997952,camera_init,13.307154,3.299354,0.000000,-0.022869,0.022240,0.704034,0.709450,1.563097,ext:piper_stop_1,0.250
104,1786781250.298062,camera_init,13.318436,3.455216,0.000000,-0.022149,0.021024,0.695998,0.717394,1.540447,none,0.250
105,1786781252.398309,camera_init,13.331372,3.608190,0.000000,-0.021980,0.019519,0.694982,0.718426,1.537494,none,0.250
106,1786781254.097960,camera_init,13.331761,3.761459,0.000000,-0.022571,0.021768,0.694748,0.718570,1.537020,none,0.250
107,1786781255.198305,camera_init,13.346468,3.927141,0.000000,-0.022856,0.021866,0.694100,0.719184,1.535222,none,0.250
108,1786781256.892244,camera_init,13.355724,4.094457,0.000000,-0.022063,0.021593,0.694430,0.718898,1.536123,none,0.250
109,1786781258.597796,camera_init,13.370262,4.249585,0.000000,-0.023531,0.022905,0.693804,0.719415,1.534487,none,0.250
110,1786781268.795880,camera_init,13.365162,4.400041,0.000000,-0.022123,0.019177,0.697506,0.715980,1.544514,none,0.250
111,1786781273.797974,camera_init,13.374390,4.554305,0.000000,-0.022637,0.019457,0.698609,0.714881,1.547619,none,0.250
112,1786781299.895920,camera_init,13.371333,4.535124,0.000000,-0.022653,0.019248,0.698055,0.715427,1.546052,ext:piper_stop_2,0.250
113,1786781319.096864,camera_init,13.378336,4.691587,0.000000,-0.023471,0.019793,0.700726,0.712769,1.553582,none,0.250
114,1786781323.697918,camera_init,13.380089,4.845472,0.000000,-0.022165,0.020636,0.701530,0.711996,1.555909,none,0.250
115,1786781359.096051,camera_init,13.387448,4.933155,0.000000,-0.022433,0.021104,0.699676,0.713796,1.550740,ext:piper_stop_3,0.250
116,1786781405.398264,camera_init,13.394239,5.089854,0.000000,-0.022084,0.021975,0.700454,0.713017,1.552998,none,0.250
117,1786781407.296108,camera_init,13.395934,5.240800,0.000000,-0.022307,0.020299,0.700818,0.712702,1.553880,none,0.250
118,1786781426.298217,camera_init,13.401170,5.333428,0.000000,-0.022372,0.019975,0.700212,0.713304,1.552155,ext:piper_stop_4,0.250
119,1786781482.792063,camera_init,13.405661,5.498899,0.000000,-0.021996,0.018693,0.702194,0.711400,1.557627,none,0.250
120,1786781483.495567,camera_init,13.418183,5.679539,0.000000,-0.021463,0.020469,0.702008,0.711551,1.557242,none,0.250
121,1786781483.997672,camera_init,13.419943,5.845852,0.000000,-0.021745,0.021305,0.703691,0.709854,1.562050,none,0.250
122,1786781484.498333,camera_init,13.418616,6.016365,0.000000,-0.021407,0.021397,0.705938,0.707627,1.568405,none,0.250
123,1786781484.897576,camera_init,13.415919,6.172119,0.000000,-0.021605,0.019505,0.715665,0.697837,1.595954,none,0.250
124,1786781485.398119,camera_init,13.398382,6.352306,0.000000,-0.022887,0.022321,0.736083,0.676136,1.655704,none,0.250
125,1786781485.797669,camera_init,13.362318,6.501713,0.000000,-0.024484,0.024101,0.766257,0.641615,1.747589,none,0.250
126,1786781486.298964,camera_init,13.299676,6.677165,0.000000,-0.022705,0.021689,0.796882,0.603318,1.845760,none,0.250
127,1786781486.798789,camera_init,13.220466,6.820345,0.000000,-0.024099,0.023095,0.831405,0.554663,1.965317,none,0.250
128,1786781487.198553,camera_init,13.132477,6.958399,0.000000,-0.023613,0.022488,0.853295,0.520408,2.046727,none,0.250
129,1786781487.598568,camera_init,13.052561,7.117716,0.000000,-0.022683,0.024024,0.858579,0.511616,2.067389,none,0.250
130,1786781487.998566,camera_init,12.957906,7.269159,0.000000,-0.024504,0.023453,0.866828,0.497452,2.100152,none,0.250
131,1786781488.398466,camera_init,12.855993,7.416834,0.000000,-0.024110,0.023042,0.877732,0.477990,2.144819,none,0.250
132,1786781488.798467,camera_init,12.730726,7.559273,0.000000,-0.024388,0.023500,0.893833,0.447120,2.214588,none,0.250
133,1786781489.098177,camera_init,12.625433,7.667283,0.000000,-0.026071,0.024698,0.910350,0.412279,2.291899,none,0.250
134,1786781489.496469,camera_init,12.497823,7.791429,0.000000,-0.028657,0.025765,0.920527,0.388775,2.343282,none,0.250
135,1786781489.896745,camera_init,12.373886,7.917733,0.000000,-0.027203,0.025995,0.924825,0.378528,2.365568,none,0.250
136,1786781490.297524,camera_init,12.228277,8.053147,0.000000,-0.029806,0.024795,0.930589,0.364007,2.396773,none,0.250
137,1786781490.694174,camera_init,12.097271,8.174361,0.000000,-0.028419,0.025550,0.936589,0.348339,2.430454,none,0.250
138,1786781490.997679,camera_init,11.966306,8.260873,0.000000,-0.029709,0.026262,0.944037,0.327447,2.474955,none,0.250
139,1786781491.394337,camera_init,11.818710,8.369839,0.000000,-0.029544,0.025500,0.950114,0.309452,2.512953,none,0.250
140,1786781491.697732,camera_init,11.691713,8.468159,0.000000,-0.028606,0.025746,0.951723,0.304535,2.523331,none,0.250
141,1786781492.095633,camera_init,11.528127,8.579716,0.000000,-0.030413,0.024946,0.956866,0.287855,2.558256,none,0.250
142,1786781492.497706,camera_init,11.362762,8.689396,0.000000,-0.029672,0.026044,0.958885,0.281036,2.572584,none,0.250
143,1786781492.895622,camera_init,11.204073,8.798245,0.000000,-0.029440,0.025998,0.960256,0.276345,2.582369,none,0.250
144,1786781493.298252,camera_init,11.044372,8.891711,0.000000,-0.027941,0.023656,0.963085,0.266698,2.602314,none,0.250
145,1786781493.596935,camera_init,10.904048,8.981795,0.000000,-0.027274,0.023233,0.966244,0.255125,2.626304,none,0.250
146,1786781493.994948,camera_init,10.723170,9.067524,0.000000,-0.028891,0.023440,0.969865,0.240786,2.655964,none,0.250
147,1786781494.297442,camera_init,10.580593,9.144810,0.000000,-0.029145,0.024229,0.971232,0.235100,2.667741,none,0.250
148,1786781494.695698,camera_init,10.410056,9.241674,0.000000,-0.029377,0.024752,0.972314,0.230499,2.677252,none,0.250
149,1786781494.997334,camera_init,10.269296,9.308588,0.000000,-0.027944,0.023675,0.973379,0.226259,2.685904,none,0.250
150,1786781495.298834,camera_init,10.121097,9.385329,0.000000,-0.028530,0.024413,0.973825,0.224174,2.690237,none,0.250
151,1786781495.598750,camera_init,9.983400,9.462447,0.000000,-0.032019,0.026085,0.974161,0.222046,2.694739,none,0.250
152,1786781495.998897,camera_init,9.809891,9.550440,0.000000,-0.031137,0.026332,0.973703,0.224141,2.690445,none,0.250
153,1786781496.298763,camera_init,9.659036,9.626228,0.000000,-0.030638,0.025028,0.973983,0.223142,2.692408,none,0.250
154,1786781496.598664,camera_init,9.530343,9.710725,0.000000,-0.029688,0.023827,0.974935,0.219207,2.700410,none,0.250
155,1786781496.898666,camera_init,9.389245,9.765292,0.000000,-0.028908,0.023982,0.975367,0.217368,2.704191,none,0.250
156,1786781497.198601,camera_init,9.226063,9.842974,0.000000,-0.032343,0.026411,0.975868,0.214332,2.710603,none,0.250
157,1786781497.598458,camera_init,9.053579,9.939810,0.000000,-0.030844,0.026828,0.976358,0.212258,2.714872,none,0.250
158,1786781497.898362,camera_init,8.912865,10.012139,0.000000,-0.030826,0.026610,0.977107,0.208815,2.721913,none,0.250
159,1786781498.198411,camera_init,8.750092,10.076175,0.000000,-0.029785,0.026454,0.977553,0.206890,2.725834,none,0.250
160,1786781498.498353,camera_init,8.586041,10.148593,0.000000,-0.028305,0.025634,0.977797,0.206044,2.727497,none,0.250
161,1786781498.798326,camera_init,8.422890,10.236174,0.000000,-0.030590,0.026411,0.977292,0.208005,2.723557,none,0.250
162,1786781499.098109,camera_init,8.270091,10.319555,0.000000,-0.029527,0.027262,0.976620,0.211183,2.717090,none,0.250
163,1786781499.398100,camera_init,8.112499,10.398045,0.000000,-0.025842,0.026681,0.977085,0.209585,2.720274,none,0.250
164,1786781499.696773,camera_init,7.966857,10.462987,0.000000,-0.026948,0.027230,0.977441,0.207707,2.724169,none,0.250
165,1786781499.996391,camera_init,7.806475,10.532211,0.000000,-0.030826,0.027627,0.977473,0.206961,2.725780,none,0.250
166,1786781500.296148,camera_init,7.643688,10.609496,0.000000,-0.028995,0.027645,0.978503,0.202303,2.735288,none,0.250
167,1786781500.598001,camera_init,7.485374,10.686623,0.000000,-0.030570,0.026322,0.979112,0.199282,2.741402,none,0.250
168,1786781500.896189,camera_init,7.314121,10.753351,0.000000,-0.031893,0.027322,0.979669,0.196175,2.747836,none,0.250
169,1786781501.193879,camera_init,7.148439,10.824197,0.000000,-0.031080,0.025451,0.980092,0.194438,2.751248,none,0.250
170,1786781501.497878,camera_init,6.984298,10.914771,0.000000,-0.030489,0.026578,0.977466,0.207182,2.725253,none,0.250
171,1786781501.795823,camera_init,6.836114,11.018800,0.000000,-0.033276,0.028097,0.970300,0.237950,2.662133,none,0.250
172,1786781502.093632,camera_init,6.699085,11.098118,0.000000,-0.032800,0.026268,0.965954,0.255280,2.626164,none,0.250
173,1786781502.397728,camera_init,6.556183,11.191045,0.000000,-0.032515,0.025939,0.964979,0.259010,2.618406,none,0.250
174,1786781502.695351,camera_init,6.414846,11.275705,0.000000,-0.030443,0.026108,0.962770,0.267329,2.601144,none,0.250
175,1786781502.993175,camera_init,6.275675,11.373627,0.000000,-0.029571,0.026669,0.962187,0.269463,2.596745,none,0.250
176,1786781503.297475,camera_init,6.120913,11.476115,0.000000,-0.027874,0.026901,0.961526,0.271968,2.591546,none,0.250
177,1786781503.594961,camera_init,5.968878,11.567999,0.000000,-0.028397,0.026376,0.961358,0.272559,2.590283,none,0.250
178,1786781503.893090,camera_init,5.830739,11.673346,0.000000,-0.031025,0.024458,0.956300,0.289707,2.554342,none,0.250
179,1786781504.197054,camera_init,5.697561,11.799302,0.000000,-0.030957,0.024993,0.945797,0.322313,2.485735,none,0.250
180,1786781504.494858,camera_init,5.575796,11.917600,0.000000,-0.028231,0.024829,0.935541,0.351212,2.424271,none,0.250
181,1786781504.797163,camera_init,5.450685,12.047746,0.000000,-0.027429,0.024634,0.930246,0.365078,2.394519,none,0.250
182,1786781505.097423,camera_init,5.316639,12.187783,0.000000,-0.031333,0.026941,0.924202,0.379661,2.363055,none,0.250
183,1786781505.396404,camera_init,5.221307,12.327543,0.000000,-0.029351,0.024350,0.909318,0.414351,2.287208,none,0.250
184,1786781505.698197,camera_init,5.150101,12.488552,0.000000,-0.028171,0.023984,0.886354,0.461528,2.182043,none,0.250
185,1786781505.998208,camera_init,5.065114,12.631207,0.000000,-0.029866,0.024218,0.880615,0.472269,2.157620,none,0.250
186,1786781506.298047,camera_init,4.992065,12.777681,0.000000,-0.026518,0.021824,0.870669,0.490670,2.115618,none,0.250
187,1786781506.598102,camera_init,4.925893,12.953139,0.000000,-0.028682,0.022100,0.851757,0.522684,2.041073,none,0.250
188,1786781506.898037,camera_init,4.877854,13.115348,0.000000,-0.024336,0.020572,0.834659,0.549845,1.976807,none,0.250
189,1786781507.197884,camera_init,4.830498,13.277516,0.000000,-0.027361,0.020052,0.817216,0.575333,1.914805,none,0.250
190,1786781507.498022,camera_init,4.778427,13.452729,0.000000,-0.027211,0.023760,0.813301,0.580721,1.901686,none,0.250
191,1786781507.797979,camera_init,4.737855,13.614259,0.000000,-0.027056,0.023085,0.807888,0.588262,1.883049,none,0.250
192,1786781508.097898,camera_init,4.698765,13.770065,0.000000,-0.025608,0.021562,0.799253,0.600062,1.853720,none,0.250
193,1786781508.398071,camera_init,4.674191,13.942302,0.000000,-0.025048,0.020702,0.782179,0.622206,1.797677,none,0.250
194,1786781508.798539,camera_init,4.677874,14.140807,0.000000,-0.024716,0.018552,0.744807,0.666564,1.681393,none,0.250
195,1786781509.098452,camera_init,4.697393,14.291778,0.000000,-0.022505,0.016516,0.714176,0.699410,1.591468,none,0.250
196,1786781509.398322,camera_init,4.745218,14.443218,0.000000,-0.024794,0.017029,0.678210,0.734252,1.491092,none,0.250
197,1786781509.698357,camera_init,4.794370,14.587209,0.000000,-0.022211,0.015400,0.640429,0.767542,1.390348,none,0.250
198,1786781510.098146,camera_init,4.881404,14.754872,0.000000,-0.021251,0.017175,0.582617,0.812288,1.244042,none,0.250
199,1786781510.398073,camera_init,4.954379,14.886921,0.000000,-0.019737,0.014482,0.545317,0.837872,1.153529,none,0.250
200,1786781510.696082,camera_init,5.045913,15.006359,0.000000,-0.019418,0.012875,0.512798,0.858193,1.076782,none,0.250
201,1786781510.994820,camera_init,5.138984,15.134616,0.000000,-0.019033,0.012591,0.490045,0.871398,1.024153,none,0.250
202,1786781511.297757,camera_init,5.248355,15.256920,0.000000,-0.017706,0.012021,0.465470,0.884805,0.968192,none,0.250
203,1786781511.695406,camera_init,5.394568,15.381841,0.000000,-0.016584,0.011259,0.415802,0.909234,0.857476,none,0.250
204,1786781511.997995,camera_init,5.511210,15.484460,0.000000,-0.014915,0.010041,0.388935,0.921090,0.798791,none,0.250
205,1786781512.296449,camera_init,5.643132,15.571343,0.000000,-0.014469,0.008550,0.352081,0.935819,0.719417,none,0.250
206,1786781512.595018,camera_init,5.791554,15.634835,0.000000,-0.014307,0.009316,0.309350,0.950795,0.628830,none,0.250
207,1786781512.898523,camera_init,5.943357,15.680352,0.000000,-0.013622,0.005498,0.247199,0.968853,0.499426,none,0.250
208,1786781513.196424,camera_init,6.096918,15.705843,0.000000,-0.009795,0.005185,0.195310,0.980679,0.393050,none,0.250
209,1786781513.494836,camera_init,6.259593,15.745199,0.000000,-0.009214,0.007521,0.157286,0.987482,0.315765,none,0.250
210,1786781513.798237,camera_init,6.405857,15.782939,0.000000,-0.009208,0.002408,0.146896,0.989106,0.294807,none,0.250
211,1786781514.095776,camera_init,6.572184,15.831806,0.000000,-0.008836,0.006276,0.144332,0.989470,0.289577,none,0.250
212,1786781514.394470,camera_init,6.726613,15.878644,0.000000,-0.009774,0.005031,0.145742,0.989262,0.292429,none,0.250
213,1786781514.697718,camera_init,6.891339,15.922567,0.000000,-0.008090,0.005603,0.147327,0.989039,0.295647,none,0.250
214,1786781514.997986,camera_init,7.046441,15.965168,0.000000,-0.009573,0.004241,0.150079,0.988619,0.301214,none,0.250
215,1786781515.296903,camera_init,7.209002,16.012989,0.000000,-0.005850,0.000880,0.149714,0.988712,0.300543,none,0.250
216,1786781515.597634,camera_init,7.369015,16.064848,0.000000,-0.008060,-0.000791,0.150868,0.988521,0.302895,none,0.250
217,1786781515.897962,camera_init,7.551670,16.115325,0.000000,-0.007119,0.004437,0.151564,0.988412,0.304242,none,0.250
218,1786781516.197551,camera_init,7.714984,16.157450,0.000000,-0.008126,0.004168,0.151515,0.988413,0.304136,none,0.250
219,1786781516.497981,camera_init,7.891740,16.210171,0.000000,-0.006811,0.003785,0.152528,0.988268,0.306202,none,0.250
220,1786781516.798678,camera_init,8.064448,16.269394,0.000000,-0.006631,0.003864,0.156570,0.987637,0.314386,none,0.250
221,1786781517.097957,camera_init,8.249246,16.323002,0.000000,-0.006956,0.002372,0.159165,0.987225,0.319654,none,0.250
222,1786781517.397972,camera_init,8.432679,16.382653,0.000000,-0.008716,0.004632,0.163431,0.986505,0.328258,none,0.250
223,1786781517.698377,camera_init,8.624039,16.440635,0.000000,-0.006484,0.006278,0.165822,0.986114,0.333120,none,0.250
224,1786781517.998214,camera_init,8.812319,16.498881,0.000000,-0.006885,0.005956,0.161506,0.986830,0.324365,none,0.250
225,1786781518.298229,camera_init,8.996860,16.560865,0.000000,-0.006991,0.004564,0.160958,0.986926,0.323265,none,0.250
226,1786781518.598196,camera_init,9.191220,16.603650,0.000000,-0.006919,0.003961,0.151588,0.988412,0.304298,none,0.250
227,1786781518.898171,camera_init,9.386245,16.662527,0.000000,-0.005024,0.005940,0.151022,0.988500,0.303159,none,0.250
228,1786781519.198011,camera_init,9.566082,16.717504,0.000000,-0.006258,0.001703,0.151028,0.988508,0.303192,none,0.250
229,1786781519.497919,camera_init,9.748553,16.768935,0.000000,-0.007632,0.004359,0.154951,0.987883,0.311092,none,0.250
230,1786781519.797864,camera_init,9.926157,16.824443,0.000000,-0.007998,0.003657,0.158737,0.987282,0.318763,none,0.250
231,1786781520.097850,camera_init,10.110778,16.886240,0.000000,-0.007872,0.005548,0.161160,0.986881,0.323655,none,0.250
232,1786781520.397919,camera_init,10.291730,16.938296,0.000000,-0.007130,0.004336,0.163170,0.986563,0.327749,none,0.250
233,1786781520.697295,camera_init,10.464997,16.985716,0.000000,-0.007006,0.005927,0.162500,0.986666,0.326378,none,0.250
234,1786781520.997742,camera_init,10.633563,17.045548,0.000000,-0.007913,0.003677,0.164237,0.986382,0.329910,none,0.250
235,1786781521.297661,camera_init,10.821368,17.092048,0.000000,-0.006694,0.006917,0.163178,0.986550,0.327750,none,0.250
236,1786781521.597268,camera_init,10.993984,17.149022,0.000000,-0.007176,0.006300,0.162636,0.986640,0.326650,none,0.250
237,1786781521.897575,camera_init,11.175994,17.195693,0.000000,-0.006082,0.005892,0.161973,0.986759,0.325322,none,0.250
238,1786781522.196092,camera_init,11.350183,17.262981,0.000000,-0.008491,0.007326,0.167461,0.985815,0.336406,none,0.250
239,1786781522.495299,camera_init,11.510863,17.322384,0.000000,-0.007505,0.006423,0.181230,0.983391,0.364397,none,0.250
240,1786781522.797794,camera_init,11.689315,17.398178,0.000000,-0.008893,0.007078,0.197914,0.980153,0.398358,none,0.250
241,1786781523.096861,camera_init,11.840315,17.474979,0.000000,-0.009085,0.009602,0.215688,0.976373,0.434678,none,0.250
242,1786781523.395027,camera_init,11.985044,17.551597,0.000000,-0.009488,0.010487,0.234185,0.972089,0.472640,none,0.250
243,1786781523.697049,camera_init,12.124545,17.622457,0.000000,-0.011276,0.008738,0.245863,0.969199,0.496675,none,0.250
244,1786781524.095806,camera_init,12.284125,17.711502,0.000000,-0.010153,0.009388,0.261040,0.965229,0.528079,none,0.250
245,1786781524.397954,camera_init,12.417019,17.797290,0.000000,-0.010613,0.008685,0.272872,0.961953,0.552630,none,0.250
246,1786781524.697422,camera_init,12.549834,17.885633,0.000000,-0.011275,0.009486,0.284485,0.958567,0.576804,none,0.250
247,1786781525.096356,camera_init,12.716932,18.001614,0.000000,-0.011959,0.009963,0.302093,0.953151,0.613631,none,0.250
248,1786781525.498213,camera_init,12.873286,18.125535,0.000000,-0.013702,0.010457,0.319655,0.947377,0.650555,none,0.250
249,1786781525.797501,camera_init,12.991029,18.228141,0.000000,-0.013433,0.013335,0.334859,0.942078,0.682758,none,0.250
250,1786781526.197876,camera_init,13.104867,18.338131,0.000000,-0.014034,0.015116,0.365834,0.930451,0.748936,none,0.250
251,1786781526.798151,camera_init,13.212288,18.461115,0.000000,-0.015075,0.015367,0.410632,0.911547,0.846203,none,0.250
252,1786781527.298022,camera_init,13.274603,18.604463,0.000000,-0.016157,0.015913,0.455922,0.889731,0.946773,none,0.250
253,1786781527.897895,camera_init,13.334835,18.743071,0.000000,-0.015491,0.015297,0.506349,0.862054,1.061932,none,0.250
254,1786781528.497935,camera_init,13.388625,18.906180,0.000000,-0.015741,0.016939,0.543999,0.838767,1.150556,none,0.250
255,1786781529.098719,camera_init,13.446358,19.077164,0.000000,-0.018760,0.020501,0.572411,0.819496,1.219224,none,0.250
256,1786781529.598611,camera_init,13.485456,19.223599,0.000000,-0.017268,0.018622,0.594703,0.803544,1.274129,none,0.250
257,1786781530.097852,camera_init,13.518429,19.385804,0.000000,-0.017193,0.017940,0.608860,0.792888,1.309587,none,0.250
258,1786781530.596900,camera_init,13.567103,19.538626,0.000000,-0.018849,0.020976,0.616388,0.786937,1.328812,none,0.250
259,1786781531.197103,camera_init,13.604646,19.717348,0.000000,-0.018943,0.023322,0.637705,0.769695,1.383795,none,0.250
260,1786781531.797109,camera_init,13.605391,19.898068,0.000000,-0.020604,0.021783,0.666450,0.744947,1.459628,none,0.250
261,1786781532.295565,camera_init,13.613722,20.048340,0.000000,-0.018689,0.018995,0.682600,0.730306,1.503257,none,0.250
262,1786781532.896896,camera_init,13.625665,20.207808,0.000000,-0.017739,0.019055,0.690473,0.722889,1.524951,none,0.250
263,1786781533.397569,camera_init,13.633961,20.362954,0.000000,-0.020166,0.021668,0.694679,0.718710,1.536828,none,0.250
264,1786781533.995392,camera_init,13.628318,20.532698,0.000000,-0.020266,0.022548,0.700309,0.713196,1.552645,none,0.250
265,1786781534.696207,camera_init,13.643124,20.689295,0.000000,-0.018387,0.021529,0.703671,0.709962,1.562015,none,0.250
266,1786781535.596171,camera_init,13.650364,20.845160,0.000000,-0.019608,0.020599,0.702531,0.711085,1.558724,none,0.250
267,1786781583.997772,camera_init,13.677065,20.998634,0.000000,-0.019429,0.019832,0.688715,0.724501,1.520139,none,0.250
268,1786781585.797186,camera_init,13.690671,21.155372,0.000000,-0.020491,0.020012,0.678042,0.734465,1.490862,none,0.250
269,1786781587.498689,camera_init,13.687496,21.307141,0.000000,-0.021454,0.021438,0.698914,0.714563,1.548634,none,0.250
270,1786781589.498036,camera_init,13.682629,21.459537,0.000000,-0.019770,0.021264,0.714819,0.698707,1.593673,none,0.250
271,1786781593.296707,camera_init,13.682335,21.612177,0.000000,-0.020908,0.019963,0.717874,0.695573,1.602337,none,0.250
272,1786781597.697952,camera_init,13.675288,21.763063,0.000000,-0.020204,0.019990,0.720007,0.693384,1.608487,none,0.250
273,1786781654.396919,camera_init,13.673113,21.789858,0.000000,-0.021045,0.020405,0.718355,0.695059,1.603759,ext:piper_stop_5,0.250
274,1786781685.397163,camera_init,13.679626,21.943509,0.000000,-0.019965,0.020492,0.717428,0.696044,1.601098,none,0.250
275,1786781689.298277,camera_init,13.683365,22.099027,0.000000,-0.019620,0.019611,0.718856,0.694605,1.605133,none,0.250
276,1786781724.998091,camera_init,13.675492,22.206284,0.000000,-0.020399,0.021488,0.718329,0.695072,1.603777,ext:piper_stop_6,0.250
277,1786781766.897753,camera_init,13.675851,22.359949,0.000000,-0.020640,0.021423,0.718683,0.694701,1.604792,none,0.250
278,1786781769.898761,camera_init,13.679593,22.512313,0.000000,-0.020156,0.019237,0.719118,0.694329,1.605860,none,0.250
279,1786781818.897789,camera_init,13.679350,22.580712,0.000000,-0.019853,0.019430,0.717508,0.695996,1.601238,ext:piper_stop_7,0.250
280,1786781867.398120,camera_init,13.680447,22.756537,0.000000,-0.019020,0.021605,0.719921,0.693458,1.608374,none,0.250
281,1786781867.897892,camera_init,13.680809,22.928170,0.000000,-0.020574,0.023286,0.719563,0.693732,1.607500,none,0.250
282,1786781868.297473,camera_init,13.677724,23.083070,0.000000,-0.020612,0.022679,0.718720,0.694624,1.605011,none,0.250
283,1786781868.698248,camera_init,13.674353,23.236495,0.000000,-0.020042,0.020973,0.719709,0.693670,1.607707,none,0.250
284,1786781869.097461,camera_init,13.689166,23.414573,0.000000,-0.020253,0.020531,0.720512,0.692843,1.609989,none,0.250
285,1786781869.498045,camera_init,13.680844,23.579535,0.000000,-0.019812,0.020831,0.721368,0.691955,1.612489,none,0.250
286,1786781869.895601,camera_init,13.660320,23.734585,0.000000,-0.021271,0.022888,0.728655,0.684168,1.633884,none,0.250
287,1786781870.297654,camera_init,13.616601,23.915724,0.000000,-0.022002,0.022914,0.772125,0.634676,1.765821,none,0.250
288,1786781870.696463,camera_init,13.526473,24.057648,0.000000,-0.025056,0.024587,0.823917,0.565622,1.938794,none,0.250
289,1786781871.098364,camera_init,13.414658,24.186687,0.000000,-0.024748,0.024692,0.870643,0.490671,2.115817,none,0.250
290,1786781871.496170,camera_init,13.290538,24.299395,0.000000,-0.026529,0.026789,0.908498,0.416186,2.283390,none,0.250
291,1786781871.892977,camera_init,13.146714,24.374656,0.000000,-0.024443,0.023939,0.939251,0.341521,2.444980,none,0.250
292,1786781872.295959,camera_init,12.988869,24.450168,0.000000,-0.023812,0.025242,0.954252,0.296983,2.539186,none,0.250
293,1786781872.693097,camera_init,12.861528,24.550950,0.000000,-0.024945,0.025105,0.958885,0.281580,2.571404,none,0.250
294,1786781872.996514,camera_init,12.718779,24.601234,0.000000,-0.028626,0.026711,0.971510,0.233742,2.670691,none,0.250
295,1786781873.396556,camera_init,12.539860,24.645306,0.000000,-0.028670,0.026237,0.984147,0.173043,2.794861,none,0.250
296,1786781873.798151,camera_init,12.366007,24.699494,0.000000,-0.030166,0.024087,0.986375,0.159920,2.821410,none,0.250
297,1786781874.197598,camera_init,12.179436,24.761450,0.000000,-0.029490,0.024763,0.988921,0.143362,2.854992,none,0.250
298,1786781874.597987,camera_init,11.991659,24.799193,0.000000,-0.028792,0.026132,0.993171,0.109997,2.922425,none,0.250
299,1786781874.997867,camera_init,11.795829,24.839234,0.000000,-0.029474,0.025821,0.994389,0.098259,2.946061,none,0.250
300,1786781875.297936,camera_init,11.626034,24.874314,0.000000,-0.029419,0.023967,0.994855,0.093931,2.954652,none,0.250
301,1786781875.598007,camera_init,11.449810,24.911699,0.000000,-0.029187,0.025558,0.995092,0.091037,2.960563,none,0.250
302,1786781875.897881,camera_init,11.274990,24.949688,0.000000,-0.028176,0.024843,0.995354,0.088658,2.965267,none,0.250
303,1786781876.197994,camera_init,11.089985,24.983817,0.000000,-0.029037,0.024729,0.996423,0.075406,2.991915,none,0.250
304,1786781876.498094,camera_init,10.907293,25.006121,0.000000,-0.029290,0.025228,0.997591,0.057603,3.027682,none,0.250
305,1786781876.798016,camera_init,10.740387,25.007270,0.000000,-0.027435,0.025930,0.998788,0.031585,3.079784,none,0.250
306,1786781877.099165,camera_init,10.577613,25.000507,0.000000,-0.028585,0.024485,0.999291,-0.001059,-3.138070,none,0.250
307,1786781877.398032,camera_init,10.420797,24.972524,0.000000,-0.030245,0.025076,0.997860,-0.052260,-3.035403,none,0.250
308,1786781877.697960,camera_init,10.267756,24.915754,0.000000,-0.029829,0.024597,0.993781,-0.104422,-2.930714,none,0.250
309,1786781877.997956,camera_init,10.113480,24.850929,0.000000,-0.027491,0.025228,0.987220,-0.154931,-2.828900,none,0.250
310,1786781878.298928,camera_init,9.970645,24.786848,0.000000,-0.026567,0.023108,0.978921,-0.201179,-2.735017,none,0.250
311,1786781878.598727,camera_init,9.839625,24.681165,0.000000,-0.027128,0.023728,0.964434,-0.261856,-2.610152,none,0.250
312,1786781878.898721,camera_init,9.727457,24.559739,0.000000,-0.027222,0.023187,0.944617,-0.326221,-2.475425,none,0.250
313,1786781879.198400,camera_init,9.634676,24.434680,0.000000,-0.026082,0.022521,0.920472,-0.389286,-2.340435,none,0.250
314,1786781879.497128,camera_init,9.559206,24.281480,0.000000,-0.025819,0.022666,0.889185,-0.456256,-2.192613,none,0.250
315,1786781879.795192,camera_init,9.473139,24.138853,0.000000,-0.023837,0.022829,0.873155,-0.486324,-2.124616,none,0.250
316,1786781880.098452,camera_init,9.348166,23.953014,0.000000,-0.020454,0.024025,0.868627,-0.494460,-2.106233,none,0.250
317,1786781880.297143,camera_init,9.227732,23.759719,0.000000,-0.022516,0.022439,0.867166,-0.497003,-2.100216,none,0.250
318,1786781880.495432,camera_init,9.100548,23.545562,0.000000,-0.026336,0.021154,0.867207,-0.496800,-2.100348,none,0.250
319,1786781880.694331,camera_init,8.985364,23.360348,0.000000,0.023602,-0.024068,-0.864866,0.500870,-2.091181,none,0.250
320,1786781880.898118,camera_init,8.878636,23.163284,0.000000,0.021678,-0.022894,-0.856463,0.515245,-2.057991,none,0.250
321,1786781881.096820,camera_init,8.786013,22.961995,0.000000,0.023357,-0.021380,-0.847077,0.530525,-2.022009,none,0.250
322,1786781881.295876,camera_init,8.677023,22.765888,0.000000,0.023233,-0.021835,-0.844109,0.535222,-2.010917,none,0.250
323,1786781881.494172,camera_init,8.571200,22.560639,0.000000,0.020223,-0.023829,-0.843877,0.535626,-2.010208,none,0.250
324,1786781881.698151,camera_init,8.465767,22.339183,0.000000,0.020957,-0.021213,-0.838438,0.544181,-1.989838,none,0.250
325,1786781881.896757,camera_init,8.381149,22.131396,0.000000,0.023122,-0.020818,-0.830203,0.556592,-1.959927,none,0.250
326,1786781882.096142,camera_init,8.306361,21.915555,0.000000,0.022103,-0.020040,-0.819428,0.572405,-1.921713,none,0.250
327,1786781882.294280,camera_init,8.227892,21.708113,0.000000,0.021147,-0.020957,-0.807742,0.588784,-1.881561,none,0.250
328,1786781882.492614,camera_init,8.172818,21.494596,0.000000,0.020172,-0.021245,-0.795918,0.604695,-1.841987,none,0.250
329,1786781882.696719,camera_init,8.113885,21.269179,0.000000,0.022784,-0.019754,-0.785301,0.618379,-1.807183,none,0.250
330,1786781882.895997,camera_init,8.058160,21.055396,0.000000,0.021634,-0.020970,-0.777054,0.628713,-1.780847,none,0.250
331,1786781883.094266,camera_init,8.010321,20.826696,0.000000,0.018667,-0.020194,-0.773158,0.633617,-1.768445,none,0.250
332,1786781883.293634,camera_init,7.958805,20.604364,0.000000,0.019976,-0.020061,-0.771174,0.635994,-1.762189,none,0.250
333,1786781883.497689,camera_init,7.902128,20.380891,0.000000,0.021980,-0.019708,-0.768254,0.639464,-1.753015,none,0.250
334,1786781883.697390,camera_init,7.857715,20.164633,0.000000,0.019340,-0.019682,-0.765573,0.642758,-1.744650,none,0.250
335,1786781883.895884,camera_init,7.817346,19.945607,0.000000,0.021901,-0.019751,-0.763068,0.645645,-1.736890,none,0.250
336,1786781884.097918,camera_init,7.772285,19.716318,0.000000,0.022024,-0.018888,-0.761112,0.647971,-1.730780,none,0.250
337,1786781884.297861,camera_init,7.722673,19.493206,0.000000,0.020338,-0.021215,-0.761446,0.647562,-1.731994,none,0.250
338,1786781884.497640,camera_init,7.681258,19.269768,0.000000,0.019405,-0.020547,-0.759958,0.649358,-1.727351,none,0.250
339,1786781884.697144,camera_init,7.640470,19.046404,0.000000,0.019842,-0.020178,-0.759513,0.649877,-1.725953,none,0.250
340,1786781884.898036,camera_init,7.597720,18.825057,0.000000,0.020968,-0.020248,-0.759412,0.649957,-1.725650,none,0.250
341,1786781885.098235,camera_init,7.550796,18.591554,0.000000,0.022720,-0.019133,-0.758503,0.650993,-1.722772,none,0.250
342,1786781885.298284,camera_init,7.511343,18.368654,0.000000,0.020380,-0.019134,-0.755951,0.654031,-1.714953,none,0.250
343,1786781885.498155,camera_init,7.474182,18.145655,0.000000,0.020904,-0.019553,-0.753462,0.656869,-1.707396,none,0.250
344,1786781885.698165,camera_init,7.431151,17.929992,0.000000,0.021818,-0.019747,-0.752667,0.657743,-1.704998,none,0.250
345,1786781885.898051,camera_init,7.408537,17.707982,0.000000,0.018855,-0.020703,-0.744705,0.666807,-1.681046,none,0.250
346,1786781886.098037,camera_init,7.379252,17.473831,0.000000,0.019984,-0.021424,-0.740983,0.670884,-1.669990,none,0.250
347,1786781886.298038,camera_init,7.347129,17.255911,0.000000,0.019035,-0.022799,-0.739212,0.672817,-1.664844,none,0.250
348,1786781886.497924,camera_init,7.319825,17.024635,0.000000,0.019780,-0.020786,-0.735729,0.676668,-1.654351,none,0.250
349,1786781886.697978,camera_init,7.310988,16.795815,0.000000,0.018509,-0.019204,-0.732279,0.680482,-1.644064,none,0.250
350,1786781886.898812,camera_init,7.286081,16.571307,0.000000,0.019643,-0.019138,-0.729811,0.683099,-1.636825,none,0.250
351,1786781887.098778,camera_init,7.263291,16.345379,0.000000,0.020323,-0.019453,-0.723712,0.689528,-1.619091,none,0.250
352,1786781887.298831,camera_init,7.259850,16.113812,0.000000,0.019630,-0.018666,-0.717162,0.696380,-1.600141,none,0.250
353,1786781887.498749,camera_init,7.235825,15.889475,0.000000,0.019180,-0.017748,-0.715894,0.697720,-1.596438,none,0.250
354,1786781887.698658,camera_init,7.219163,15.663159,0.000000,0.020086,-0.018841,-0.713004,0.700619,-1.588258,none,0.250
355,1786781887.898612,camera_init,7.212086,15.439704,0.000000,0.019475,-0.019571,-0.709780,0.703883,-1.579137,none,0.250
356,1786781888.098604,camera_init,7.208016,15.209464,0.000000,0.017751,-0.019128,-0.707569,0.706162,-1.572836,none,0.250
357,1786781888.298579,camera_init,7.197956,14.979017,0.000000,0.016540,-0.019273,-0.708442,0.705312,-1.575318,none,0.250
358,1786781888.498468,camera_init,7.178916,14.750061,0.000000,0.020166,-0.019201,-0.710501,0.703145,-1.581157,none,0.250
359,1786781888.698425,camera_init,7.167717,14.529376,0.000000,0.019203,-0.018951,-0.708805,0.704888,-1.576324,none,0.250
360,1786781888.898094,camera_init,7.168996,14.306673,0.000000,0.018324,-0.018290,-0.707270,0.706470,-1.571926,none,0.250
361,1786781889.098423,camera_init,7.160714,14.089153,0.000000,0.019787,-0.019564,-0.704450,0.709208,-1.564061,none,0.250
362,1786781889.298362,camera_init,7.164549,13.863977,0.000000,0.020509,-0.018360,-0.702393,0.711257,-1.558182,none,0.250
363,1786781889.498199,camera_init,7.170515,13.637206,0.000000,0.018500,-0.019951,-0.702541,0.711123,-1.558720,none,0.250
364,1786781889.696486,camera_init,7.162152,13.411303,0.000000,0.018605,-0.018674,-0.699613,0.714035,-1.550409,none,0.250
365,1786781889.896896,camera_init,7.159331,13.186820,0.000000,0.020584,-0.018853,-0.698724,0.714847,-1.547935,none,0.250
366,1786781890.095945,camera_init,7.146574,12.963950,0.000000,0.018906,-0.019945,-0.698163,0.715411,-1.546453,none,0.250
367,1786781890.294608,camera_init,7.151210,12.743145,0.000000,0.018075,-0.018167,-0.694480,0.719055,-1.536054,none,0.250
368,1786781890.497710,camera_init,7.154721,12.519758,0.000000,0.019270,-0.019513,-0.693357,0.720072,-1.533038,none,0.250
369,1786781890.697927,camera_init,7.158091,12.293535,0.000000,0.020059,-0.020615,-0.692164,0.721167,-1.529817,none,0.250
370,1786781890.896108,camera_init,7.166401,12.058301,0.000000,0.018693,-0.018903,-0.690914,0.722448,-1.526220,none,0.250
371,1786781891.095637,camera_init,7.158315,11.833860,0.000000,0.019883,-0.018614,-0.687788,0.725400,-1.517569,none,0.250
372,1786781891.293976,camera_init,7.165305,11.603057,0.000000,0.020265,-0.017626,-0.685165,0.727893,-1.510282,none,0.250
373,1786781891.498068,camera_init,7.170289,11.374142,0.000000,0.022019,-0.019478,-0.686101,0.726912,-1.512991,none,0.250
374,1786781891.696490,camera_init,7.186906,11.157119,0.000000,0.015991,-0.020095,-0.681533,0.731337,-1.500519,none,0.250
375,1786781891.895759,camera_init,7.196148,10.929597,0.000000,0.017096,-0.019625,-0.680784,0.732022,-1.498435,none,0.250
376,1786781892.094162,camera_init,7.202100,10.707819,0.000000,0.018076,-0.019306,-0.678865,0.733786,-1.493180,none,0.250
377,1786781892.297987,camera_init,7.220407,10.474040,0.000000,0.018153,-0.018034,-0.676001,0.736457,-1.485296,none,0.250
378,1786781892.497365,camera_init,7.228450,10.244626,0.000000,0.018797,-0.018548,-0.674711,0.737609,-1.481837,none,0.250
379,1786781892.695680,camera_init,7.240961,10.023114,0.000000,0.018588,-0.017756,-0.674239,0.738066,-1.480501,none,0.250
380,1786781892.894460,camera_init,7.248239,9.815078,0.000000,0.018095,-0.019987,-0.674081,0.738165,-1.480240,none,0.250
381,1786781893.098331,camera_init,7.267221,9.580290,0.000000,0.017030,-0.018356,-0.670908,0.741118,-1.471541,none,0.250
382,1786781893.297355,camera_init,7.280283,9.348847,0.000000,0.018866,-0.017425,-0.669605,0.742273,-1.467964,none,0.250
383,1786781893.495682,camera_init,7.302556,9.137939,0.000000,0.018863,-0.019381,-0.667295,0.744302,-1.461897,none,0.250
384,1786781893.694968,camera_init,7.313982,8.914784,0.000000,0.017838,-0.020483,-0.666023,0.745436,-1.458571,none,0.250
385,1786781893.895070,camera_init,7.336192,8.681415,0.000000,0.017015,-0.017952,-0.664301,0.747056,-1.453765,none,0.250
386,1786781894.097632,camera_init,7.363016,8.447997,0.000000,0.019110,-0.018473,-0.662277,0.748787,-1.448396,none,0.250
387,1786781894.296793,camera_init,7.381039,8.219453,0.000000,0.020531,-0.016732,-0.663023,0.748130,-1.450264,none,0.250
388,1786781894.497723,camera_init,7.398190,7.997910,0.000000,0.018553,-0.019734,-0.661369,0.749571,-1.446069,none,0.250
389,1786781894.698828,camera_init,7.413507,7.774002,0.000000,0.018436,-0.017108,-0.668270,0.743494,-1.464350,none,0.250
390,1786781894.897927,camera_init,7.409819,7.557229,0.000000,0.017425,-0.019201,-0.685856,0.727275,-1.512296,none,0.250
391,1786781895.098546,camera_init,7.416793,7.333041,0.000000,0.017122,-0.019840,-0.689418,0.723889,-1.522158,none,0.250
392,1786781895.298859,camera_init,7.436910,7.095765,0.000000,0.017815,-0.017979,-0.690560,0.722832,-1.525173,none,0.250
393,1786781895.497894,camera_init,7.436029,6.866820,0.000000,0.019497,-0.017662,-0.692106,0.721316,-1.529429,none,0.250
394,1786781895.698809,camera_init,7.430372,6.629101,0.000000,0.019585,-0.017720,-0.692093,0.721325,-1.529397,none,0.250
395,1786781895.898722,camera_init,7.437368,6.410666,0.000000,0.018178,-0.020248,-0.692297,0.721099,-1.530155,none,0.250
396,1786781896.098686,camera_init,7.432534,6.190600,0.000000,0.017827,-0.017534,-0.702507,0.711238,-1.558442,none,0.250
397,1786781896.298590,camera_init,7.421773,5.960644,0.000000,0.020827,-0.017532,-0.705309,0.708378,-1.566331,none,0.250
398,1786781896.498541,camera_init,7.417052,5.739566,0.000000,0.022391,-0.016619,-0.706870,0.706794,-1.570679,none,0.250
399,1786781896.698364,camera_init,7.414345,5.508802,0.000000,0.020756,-0.017440,-0.704651,0.709036,-1.564471,none,0.250
400,1786781896.898440,camera_init,7.414157,5.277301,0.000000,0.018385,-0.018184,-0.702866,0.710853,-1.559497,none,0.250
401,1786781897.098381,camera_init,7.413772,5.053486,0.000000,0.016723,-0.019472,-0.701162,0.712540,-1.554809,none,0.250
402,1786781897.298405,camera_init,7.404180,4.827712,0.000000,0.016298,-0.020758,-0.702333,0.711359,-1.558200,none,0.250
403,1786781897.498263,camera_init,7.409140,4.606612,0.000000,0.017203,-0.019090,-0.699559,0.714113,-1.550289,none,0.250
404,1786781897.698270,camera_init,7.414103,4.370045,0.000000,0.017986,-0.017002,-0.697508,0.716149,-1.544407,none,0.250
405,1786781897.898275,camera_init,7.414347,4.146820,0.000000,0.016179,-0.020363,-0.694067,0.719440,-1.535075,none,0.250
406,1786781898.098139,camera_init,7.417551,3.920799,0.000000,0.017115,-0.019516,-0.691450,0.721958,-1.527751,none,0.250
407,1786781898.298104,camera_init,7.415961,3.692791,0.000000,0.016378,-0.019262,-0.689522,0.723823,-1.522401,none,0.250
408,1786781898.498146,camera_init,7.425706,3.464929,0.000000,0.016750,-0.018045,-0.689556,0.723814,-1.522402,none,0.250
409,1786781898.698061,camera_init,7.428178,3.237367,0.000000,0.018156,-0.018556,-0.691007,0.722381,-1.526453,none,0.250
410,1786781898.898020,camera_init,7.429174,3.016278,0.000000,0.015927,-0.019675,-0.688595,0.724704,-1.519873,none,0.250
411,1786781899.097971,camera_init,7.431770,2.780256,0.000000,0.017990,-0.016949,-0.688137,0.725159,-1.518413,none,0.250
412,1786781899.298045,camera_init,7.441371,2.559273,0.000000,0.018283,-0.017347,-0.684970,0.728135,-1.509728,none,0.250
413,1786781899.498024,camera_init,7.450880,2.335613,0.000000,0.019527,-0.015932,-0.683151,0.729842,-1.504647,none,0.250
414,1786781899.696722,camera_init,7.445851,2.098928,0.000000,0.022793,-0.014660,-0.682555,0.730332,-1.502933,none,0.250
415,1786781899.898051,camera_init,7.458962,1.866173,0.000000,0.019248,-0.014906,-0.678469,0.734226,-1.491798,none,0.250
416,1786781900.097458,camera_init,7.482397,1.656791,0.000000,0.016509,-0.018302,-0.668718,0.743108,-1.465638,none,0.250
417,1786781900.297386,camera_init,7.519331,1.457271,0.000000,0.014743,-0.016887,-0.648597,0.760802,-1.412053,none,0.250
418,1786781900.497615,camera_init,7.562542,1.271391,0.000000,0.017684,-0.015801,-0.629049,0.777004,-1.361168,none,0.250
419,1786781900.697985,camera_init,7.624950,1.094322,0.000000,0.017148,-0.013438,-0.604856,0.796037,-1.299545,none,0.250
420,1786781900.897403,camera_init,7.689466,0.914483,0.000000,0.015478,-0.016333,-0.575116,0.817762,-1.226045,none,0.250
421,1786781901.095462,camera_init,7.770851,0.729841,0.000000,0.014914,-0.012809,-0.545254,0.838040,-1.153737,none,0.250
422,1786781901.297822,camera_init,7.869123,0.546767,0.000000,0.013036,-0.012393,-0.518145,0.855103,-1.089693,none,0.250
423,1786781901.497883,camera_init,7.982502,0.382700,0.000000,0.011389,-0.012371,-0.489541,0.871818,-1.023453,none,0.250
424,1786781901.696304,camera_init,8.086440,0.255739,0.000000,0.012731,-0.008386,-0.465038,0.885160,-0.967522,none,0.250
425,1786781901.895106,camera_init,8.191362,0.124079,0.000000,0.011433,-0.004153,-0.445629,0.895135,-0.923794,none,0.250
426,1786781902.098200,camera_init,8.289082,-0.011945,0.000000,0.010894,-0.007476,-0.424895,0.905146,-0.877830,none,0.250
427,1786781902.297583,camera_init,8.398825,-0.137523,0.000000,0.009217,-0.007478,-0.405794,0.913887,-0.835829,none,0.250
428,1786781902.496790,camera_init,8.505252,-0.261131,0.000000,0.009348,-0.008768,-0.388871,0.921203,-0.798988,none,0.250
429,1786781902.694888,camera_init,8.637514,-0.374624,0.000000,0.013817,-0.004920,-0.372159,0.928053,-0.762738,none,0.250
430,1786781902.897999,camera_init,8.771811,-0.475605,0.000000,0.010286,-0.006305,-0.353267,0.935445,-0.722230,none,0.250
431,1786781903.097439,camera_init,8.907835,-0.580990,0.000000,0.008960,-0.006663,-0.327586,0.944755,-0.667609,none,0.250
432,1786781903.297848,camera_init,9.049873,-0.665726,0.000000,0.009667,-0.004155,-0.293019,0.956049,-0.594824,none,0.250
433,1786781903.496822,camera_init,9.194830,-0.753051,0.000000,0.009779,-0.000473,-0.262729,0.964820,-0.531685,none,0.250
434,1786781903.698789,camera_init,9.341079,-0.831597,0.000000,0.006957,-0.004034,-0.243274,0.969924,-0.491530,none,0.250
435,1786781903.998747,camera_init,9.562266,-0.924958,0.000000,0.005758,-0.004045,-0.205865,0.978555,-0.414742,none,0.250
436,1786781904.198475,camera_init,9.715270,-0.995001,0.000000,0.004799,-0.003750,-0.196824,0.980420,-0.396272,none,0.250
437,1786781904.397499,camera_init,9.879293,-1.064880,0.000000,0.005060,-0.001312,-0.192383,0.981306,-0.387188,none,0.250
438,1786781904.595346,camera_init,10.029307,-1.118123,0.000000,0.003810,-0.001294,-0.185792,0.982581,-0.373764,none,0.250
439,1786781904.898532,camera_init,10.238016,-1.207885,0.000000,0.003491,-0.003334,-0.178167,0.983988,-0.358273,none,0.250
440,1786781905.098459,camera_init,10.392461,-1.265436,0.000000,0.003240,-0.004909,-0.167136,0.985916,-0.335889,none,0.250
441,1786781905.298173,camera_init,10.553147,-1.308385,0.000000,0.003924,-0.004507,-0.151323,0.988466,-0.303853,none,0.250
442,1786781905.498523,camera_init,10.724904,-1.348795,0.000000,0.003869,-0.001741,-0.128999,0.991636,-0.258731,none,0.250
443,1786781905.698605,camera_init,10.887132,-1.366997,0.000000,0.000090,-0.002228,-0.090484,0.995895,-0.181217,none,0.250
444,1786781905.998418,camera_init,11.111741,-1.359245,0.000000,-0.001263,-0.003771,-0.011034,0.999931,-0.022060,none,0.250
445,1786781906.198294,camera_init,11.268858,-1.327563,0.000000,-0.003619,-0.001319,0.042653,0.999083,0.085341,none,0.250
446,1786781906.398187,camera_init,11.432763,-1.278350,0.000000,-0.004602,-0.000049,0.096965,0.995277,0.194234,none,0.250
447,1786781906.598170,camera_init,11.580176,-1.216162,0.000000,-0.008140,-0.000189,0.140897,0.989991,0.282730,none,0.250
448,1786781906.798109,camera_init,11.726209,-1.136590,0.000000,-0.007839,0.000902,0.182551,0.983165,0.367138,none,0.250
449,1786781906.998037,camera_init,11.872975,-1.077713,0.000000,-0.007534,0.003556,0.193678,0.981030,0.389766,none,0.250
450,1786781907.198115,camera_init,12.020427,-1.026339,0.000000,-0.007227,0.006493,0.195970,0.980562,0.394421,none,0.250
451,1786781907.498041,camera_init,12.196610,-0.979939,0.000000,-0.005418,0.007608,0.192589,0.981235,0.387551,none,0.250
452,1786781907.897929,camera_init,12.367759,-0.907427,0.000000,-0.009140,0.005245,0.196102,0.980527,0.394675,none,0.250
453,1786781908.197961,camera_init,12.520533,-0.841920,0.000000,-0.007956,0.003962,0.200246,0.979705,0.403158,none,0.250
454,1786781908.497991,camera_init,12.660124,-0.777310,0.000000,-0.008031,0.006953,0.210388,0.977560,0.423859,none,0.250
455,1786781908.897781,camera_init,12.839213,-0.694542,0.000000,-0.009510,0.009179,0.226893,0.973830,0.457653,none,0.250
456,1786781909.398023,camera_init,12.968892,-0.590677,0.000000,-0.010653,0.008035,0.284507,0.958581,0.576867,none,0.250
457,1786781909.997832,camera_init,13.080506,-0.473090,0.000000,-0.012545,0.009661,0.352457,0.935694,0.720261,none,0.250
458,1786781910.697156,camera_init,13.149884,-0.330077,0.000000,-0.015780,0.013507,0.433774,0.900782,0.897244,none,0.250
459,1786781911.495192,camera_init,13.206564,-0.186571,0.000000,-0.016170,0.011994,0.494698,0.868832,1.034907,none,0.250
460,1786781912.195768,camera_init,13.256540,-0.037133,0.000000,-0.017101,0.012949,0.538011,0.842665,1.136146,none,0.250
461,1786781913.097298,camera_init,13.257349,0.125125,0.000000,-0.023135,0.016162,0.618719,0.785105,1.334409,none,0.250
462,1786781913.897535,camera_init,13.236974,0.283071,0.000000,-0.026551,0.018808,0.684625,0.728169,1.508761,none,0.250
463,1786781914.798296,camera_init,13.204187,0.438720,0.000000,-0.028421,0.020052,0.721032,0.692028,1.611482,none,0.250
464,1786781915.498184,camera_init,13.201529,0.603000,0.000000,-0.022522,0.018070,0.731503,0.681227,1.641819,none,0.250
465,1786781916.098091,camera_init,13.194874,0.759387,0.000000,-0.021640,0.016213,0.731515,0.681289,1.641711,none,0.250
466,1786781916.697986,camera_init,13.195443,0.932016,0.000000,-0.020960,0.016782,0.725438,0.687763,1.623982,none,0.250
467,1786781917.197902,camera_init,13.192357,1.083412,0.000000,-0.021313,0.017113,0.725185,0.688011,1.623271,none,0.250
468,1786781917.697939,camera_init,13.189510,1.243863,0.000000,-0.020436,0.016320,0.723689,0.689631,1.618864,none,0.250
469,1786781918.197931,camera_init,13.183826,1.408651,0.000000,-0.019958,0.018074,0.724421,0.688832,1.621114,none,0.250
470,1786781918.797988,camera_init,13.186207,1.569583,0.000000,-0.020968,0.015105,0.718453,0.695095,1.603651,none,0.250
471,1786781919.398087,camera_init,13.204340,1.731573,0.000000,-0.021124,0.015251,0.706072,0.707660,1.568334,none,0.250
472,1786781920.098107,camera_init,13.205560,1.894701,0.000000,-0.022864,0.017123,0.697463,0.716051,1.544247,none,0.250
473,1786781999.597977,camera_init,13.201424,2.048809,0.000000,-0.022233,0.015939,0.709909,0.703762,1.579259,none,0.250
474,1786782001.097970,camera_init,13.202374,2.205104,0.000000,-0.023951,0.017820,0.712688,0.700846,1.587308,none,0.250
475,1786782002.897193,camera_init,13.211028,2.363213,0.000000,-0.023350,0.018233,0.711359,0.702204,1.583547,none,0.250
476,1786782004.297741,camera_init,13.206170,2.522377,0.000000,-0.022281,0.018086,0.713240,0.700333,1.588903,none,0.250
477,1786782005.495226,camera_init,13.209981,2.681460,0.000000,-0.019032,0.014990,0.713240,0.700501,1.588690,none,0.250
478,1786782006.798140,camera_init,13.200619,2.835138,0.000000,-0.022951,0.023221,0.713229,0.700170,1.589308,none,0.250
479,1786782008.197950,camera_init,13.209956,2.985432,0.000000,-0.022750,0.024827,0.711373,0.702007,1.584163,none,0.250
480,1786782013.397271,camera_init,13.212513,3.138285,0.000000,-0.022447,0.022038,0.709986,0.703513,1.579945,none,0.250
481,1786782015.597729,camera_init,13.227980,3.288268,0.000000,-0.024061,0.021389,0.709183,0.704289,1.577608,none,0.250
482,1786782053.998751,camera_init,13.224357,3.297740,0.000000,-0.023794,0.021426,0.708101,0.705385,1.574537,ext:piper_stop_1,0.250
483,1786782092.597994,camera_init,13.247712,3.448421,0.000000,-0.022988,0.019609,0.686732,0.726283,1.514636,none,0.250
484,1786782093.598284,camera_init,13.288752,3.593909,0.000000,-0.022323,0.021600,0.667013,0.744398,1.461113,none,0.250
485,1786782094.698100,camera_init,13.314896,3.764637,0.000000,-0.022619,0.020044,0.657483,0.752863,1.435514,none,0.250
486,1786782095.597779,camera_init,13.329810,3.931514,0.000000,-0.021737,0.020080,0.662945,0.748083,1.450092,none,0.250
487,1786782096.398455,camera_init,13.346854,4.094791,0.000000,-0.022760,0.019052,0.674009,0.738127,1.479815,none,0.250
488,1786782097.595694,camera_init,13.359520,4.246664,0.000000,-0.023128,0.020302,0.679621,0.732917,1.495177,none,0.250
489,1786782098.898012,camera_init,13.361006,4.412049,0.000000,-0.023417,0.019576,0.698840,0.714627,1.548274,none,0.250
490,1786782140.597952,camera_init,13.367457,4.520039,0.000000,-0.023270,0.021469,0.694547,0.718750,1.536434,ext:piper_stop_2,0.250
491,1786782166.096079,camera_init,13.382829,4.680362,0.000000,-0.021511,0.020508,0.693268,0.720067,1.532802,none,0.250
492,1786782169.197311,camera_init,13.390387,4.831296,0.000000,-0.021714,0.017999,0.692920,0.720462,1.531650,none,0.250
493,1786782204.499036,camera_init,13.400363,4.932742,0.000000,-0.022884,0.020583,0.690316,0.722853,1.524612,ext:piper_stop_3,0.250
494,1786782225.797973,camera_init,13.422960,5.088458,0.000000,-0.022555,0.020618,0.689595,0.723550,1.522621,none,0.250
495,1786782228.298980,camera_init,13.425094,5.251805,0.000000,-0.021340,0.019744,0.688941,0.724234,1.520751,none,0.250
496,1786782261.793988,camera_init,13.440609,5.375764,0.000000,-0.022133,0.020961,0.688305,0.724781,1.519083,ext:piper_stop_4,0.250
497,1786782283.995477,camera_init,13.448841,5.554732,0.000000,-0.022459,0.019653,0.692276,0.721015,1.529978,none,0.250
498,1786782284.397937,camera_init,13.460413,5.757182,0.000000,-0.020801,0.018797,0.695302,0.718171,1.538337,none,0.250
499,1786782284.696396,camera_init,13.463060,5.982385,0.000000,-0.022499,0.020195,0.704355,0.709204,1.563831,none,0.250
500,1786782284.898404,camera_init,13.453698,6.135017,0.000000,-0.023224,0.022105,0.722090,0.691056,1.614705,none,0.250
501,1786782285.198306,camera_init,13.387315,6.327624,0.000000,-0.024821,0.023529,0.774977,0.631064,1.774969,none,0.250
502,1786782285.397921,camera_init,13.332945,6.469277,0.000000,-0.021375,0.021576,0.796721,0.603584,1.845175,none,0.250
503,1786782285.598305,camera_init,13.298818,6.625485,0.000000,-0.020975,0.021441,0.797893,0.602052,1.849044,none,0.250
504,1786782285.798022,camera_init,13.245523,6.788398,0.000000,-0.022357,0.022873,0.808997,0.586942,1.886637,none,0.250
505,1786782285.998009,camera_init,13.173116,6.955343,0.000000,-0.024611,0.023426,0.833213,0.551907,1.971927,none,0.250
506,1786782286.198151,camera_init,13.069382,7.120853,0.000000,-0.023349,0.023928,0.859439,0.510145,2.070783,none,0.250
507,1786782286.398169,camera_init,12.941104,7.278159,0.000000,-0.024990,0.024321,0.880373,0.472999,2.156202,none,0.250
508,1786782286.598083,camera_init,12.800050,7.426871,0.000000,-0.024608,0.025004,0.894759,0.445169,2.219014,none,0.250
509,1786782286.798063,camera_init,12.668456,7.590668,0.000000,-0.024921,0.025384,0.899426,0.435623,2.240323,none,0.250
510,1786782286.999104,camera_init,12.534666,7.783343,0.000000,-0.026740,0.024952,0.901012,0.432250,2.247742,none,0.250
511,1786782287.197933,camera_init,12.393388,7.973926,0.000000,-0.025965,0.024430,0.904862,0.424209,2.265573,none,0.250
512,1786782287.398978,camera_init,12.246034,8.146899,0.000000,-0.027708,0.026826,0.913827,0.404267,2.309546,none,0.250
513,1786782287.598921,camera_init,12.090327,8.307503,0.000000,-0.028759,0.025494,0.925389,0.377065,2.368668,none,0.250
514,1786782287.798917,camera_init,11.916782,8.448674,0.000000,-0.030656,0.026408,0.935637,0.350638,2.425539,none,0.250
515,1786782287.998925,camera_init,11.747281,8.571340,0.000000,-0.030638,0.027043,0.944525,0.325886,2.478299,none,0.250
516,1786782288.198744,camera_init,11.571739,8.700760,0.000000,-0.029192,0.026394,0.951394,0.305453,2.521433,none,0.250
517,1786782288.398751,camera_init,11.378008,8.836374,0.000000,-0.027817,0.025665,0.957299,0.286612,2.560919,none,0.250
518,1786782288.598744,camera_init,11.181723,8.945287,0.000000,-0.028693,0.024170,0.964146,0.262707,2.610633,none,0.250
519,1786782288.798644,camera_init,10.991051,9.035605,0.000000,-0.029240,0.025674,0.970727,0.237012,2.663890,none,0.250
520,1786782288.998286,camera_init,10.798723,9.137083,0.000000,-0.028060,0.023608,0.975688,0.216076,2.706814,none,0.250
521,1786782289.198419,camera_init,10.590402,9.227677,0.000000,-0.030460,0.025982,0.980231,0.193765,2.752650,none,0.250
522,1786782289.397253,camera_init,10.388439,9.306981,0.000000,-0.030530,0.026424,0.984442,0.171005,2.799054,none,0.250
523,1786782289.598205,camera_init,10.183931,9.385443,0.000000,-0.027943,0.027166,0.985735,0.163729,2.813827,none,0.250
524,1786782289.796661,camera_init,9.960716,9.451761,0.000000,-0.032307,0.024765,0.986612,0.157924,2.825540,none,0.250
525,1786782289.995401,camera_init,9.741092,9.523828,0.000000,-0.030763,0.025988,0.987291,0.153734,2.834092,none,0.250
526,1786782290.194318,camera_init,9.537545,9.609109,0.000000,-0.030727,0.024378,0.985602,0.164472,2.812196,none,0.250
527,1786782290.392646,camera_init,9.333246,9.713406,0.000000,-0.032165,0.024670,0.982307,0.182839,2.774872,none,0.250
528,1786782290.596757,camera_init,9.122332,9.800684,0.000000,-0.030363,0.024658,0.981918,0.185223,2.769989,none,0.250
529,1786782290.795961,camera_init,8.911784,9.883087,0.000000,-0.031040,0.025651,0.981596,0.186676,2.767101,none,0.250
530,1786782290.994243,camera_init,8.701919,9.976742,0.000000,-0.030353,0.027502,0.978405,0.202599,2.734692,none,0.250
531,1786782291.193493,camera_init,8.502887,10.070892,0.000000,-0.029492,0.025344,0.976106,0.213789,2.711622,none,0.250
532,1786782291.397738,camera_init,8.301793,10.175062,0.000000,-0.029045,0.025943,0.975475,0.216636,2.705816,none,0.250
533,1786782291.595854,camera_init,8.104922,10.285571,0.000000,-0.029652,0.026912,0.972559,0.229185,2.680096,none,0.250
534,1786782291.795326,camera_init,7.910440,10.393878,0.000000,-0.028428,0.028023,0.971955,0.231752,2.674870,none,0.250
535,1786782291.993787,camera_init,7.709928,10.498355,0.000000,-0.029807,0.025824,0.972069,0.231359,2.675550,none,0.250
536,1786782292.192141,camera_init,7.509825,10.603083,0.000000,-0.028256,0.026489,0.972403,0.230069,2.678238,none,0.250
537,1786782292.396239,camera_init,7.321389,10.729769,0.000000,-0.033769,0.029000,0.965701,0.255812,2.625251,none,0.250
538,1786782292.595519,camera_init,7.136790,10.850813,0.000000,-0.027822,0.025683,0.961389,0.272574,2.590210,none,0.250
539,1786782292.793652,camera_init,6.948385,10.969099,0.000000,-0.030694,0.024698,0.960589,0.275166,2.584736,none,0.250
540,1786782292.997924,camera_init,6.753926,11.095778,0.000000,-0.032291,0.024751,0.960652,0.274758,2.585575,none,0.250
541,1786782293.197205,camera_init,6.563991,11.214868,0.000000,-0.031316,0.026839,0.960174,0.276341,2.582422,none,0.250
542,1786782293.395319,camera_init,6.379150,11.337806,0.000000,-0.029353,0.024996,0.960762,0.274681,2.585775,none,0.250
543,1786782293.594187,camera_init,6.192700,11.461819,0.000000,-0.026843,0.026038,0.960402,0.276097,2.582894,none,0.250
544,1786782293.793420,camera_init,6.010620,11.605424,0.000000,-0.029045,0.027093,0.955360,0.292762,2.548126,none,0.250
545,1786782293.997482,camera_init,5.831111,11.754019,0.000000,-0.031044,0.028950,0.947201,0.317818,2.495496,none,0.250
546,1786782294.195599,camera_init,5.682986,11.891960,0.000000,-0.030581,0.025037,0.938143,0.343984,2.439678,none,0.250
547,1786782294.397414,camera_init,5.550132,12.052174,0.000000,-0.029440,0.024881,0.925570,0.376609,2.369601,none,0.250
548,1786782294.597450,camera_init,5.421148,12.207257,0.000000,-0.030227,0.024390,0.912468,0.407300,2.302676,none,0.250
549,1786782294.798255,camera_init,5.311204,12.375569,0.000000,-0.028835,0.024057,0.897221,0.439983,2.230394,none,0.250
550,1786782294.998268,camera_init,5.225837,12.549767,0.000000,-0.027546,0.022462,0.879769,0.474071,2.153564,none,0.250
551,1786782295.199021,camera_init,5.132078,12.744382,0.000000,-0.026774,0.020523,0.865850,0.499164,2.095964,none,0.250
552,1786782295.398279,camera_init,5.054539,12.940951,0.000000,-0.027716,0.021628,0.848615,0.527841,2.028971,none,0.250
553,1786782295.598124,camera_init,5.004657,13.125007,0.000000,-0.026697,0.022434,0.826404,0.561996,1.947417,none,0.250
554,1786782295.798158,camera_init,4.976072,13.308371,0.000000,-0.025909,0.021648,0.798313,0.601296,1.850605,none,0.250
555,1786782295.998895,camera_init,4.962384,13.505911,0.000000,-0.027542,0.022090,0.770950,0.635916,1.762139,none,0.250
556,1786782296.198062,camera_init,4.957752,13.697548,0.000000,-0.024790,0.016519,0.741261,0.670556,1.670617,none,0.250
557,1786782296.398817,camera_init,4.976647,13.884045,0.000000,-0.022634,0.016567,0.709358,0.704290,1.577733,none,0.250
558,1786782296.598675,camera_init,5.011709,14.067546,0.000000,-0.021882,0.017586,0.675601,0.736733,1.484045,none,0.250
559,1786782296.798004,camera_init,5.066787,14.251849,0.000000,-0.021751,0.015062,0.638007,0.769576,1.384030,none,0.250
560,1786782296.998718,camera_init,5.152328,14.423180,0.000000,-0.021282,0.015189,0.597148,0.801705,1.279992,none,0.250
561,1786782297.198631,camera_init,5.243089,14.605581,0.000000,-0.021059,0.014205,0.561435,0.827131,1.192231,none,0.250
562,1786782297.398424,camera_init,5.342151,14.777547,0.000000,-0.021059,0.014009,0.528826,0.848353,1.114350,none,0.250
563,1786782297.598392,camera_init,5.455490,14.927867,0.000000,-0.019327,0.012605,0.490516,0.871127,1.025226,none,0.250
564,1786782297.798349,camera_init,5.603729,15.059163,0.000000,-0.016691,0.013580,0.449601,0.892970,0.932524,none,0.250
565,1786782297.998413,camera_init,5.746525,15.182249,0.000000,-0.014823,0.011532,0.405769,0.913783,0.835503,none,0.250
566,1786782298.198154,camera_init,5.891318,15.298373,0.000000,-0.015522,0.009390,0.368828,0.929321,0.755308,none,0.250
567,1786782298.398290,camera_init,6.048805,15.405808,0.000000,-0.015850,0.008422,0.323943,0.945906,0.659578,none,0.250
568,1786782298.598061,camera_init,6.227540,15.484320,0.000000,-0.012721,0.008799,0.279776,0.959941,0.566957,none,0.250
569,1786782298.798121,camera_init,6.407681,15.556693,0.000000,-0.013374,0.008184,0.241112,0.970371,0.486837,none,0.250
570,1786782298.998120,camera_init,6.594150,15.618826,0.000000,-0.011111,0.008367,0.194032,0.980897,0.390387,none,0.250
571,1786782299.197981,camera_init,6.785531,15.662558,0.000000,-0.009902,0.007285,0.156341,0.987627,0.313842,none,0.250
572,1786782299.397717,camera_init,6.982068,15.687864,0.000000,-0.007158,0.008969,0.118088,0.992937,0.236626,none,0.250
573,1786782299.596970,camera_init,7.167144,15.696238,0.000000,-0.006985,0.000924,0.079483,0.996811,0.159117,none,0.250
574,1786782299.797139,camera_init,7.362208,15.685883,0.000000,-0.006597,-0.003119,0.037717,0.999262,0.075492,none,0.250
575,1786782299.996602,camera_init,7.555661,15.656410,0.000000,-0.002834,0.001522,-0.009880,0.999946,-0.019768,none,0.250
576,1786782300.197852,camera_init,7.765651,15.634324,0.000000,-0.002995,-0.002234,-0.023987,0.999705,-0.047966,none,0.250
577,1786782300.396531,camera_init,7.999067,15.626052,0.000000,-0.002786,0.000818,-0.025416,0.999673,-0.050841,none,0.250
578,1786782300.595819,camera_init,8.224633,15.606047,0.000000,-0.000508,0.001002,-0.025594,0.999672,-0.051194,none,0.250
579,1786782300.793927,camera_init,8.448332,15.587625,0.000000,-0.001423,-0.000722,-0.021293,0.999772,-0.042587,none,0.250
580,1786782300.993332,camera_init,8.672755,15.582437,0.000000,-0.002811,-0.000676,-0.017634,0.999840,-0.035267,none,0.250
581,1786782301.197466,camera_init,8.904957,15.572835,0.000000,-0.002397,-0.000469,-0.016016,0.999869,-0.032031,none,0.250
582,1786782301.398037,camera_init,9.134783,15.558994,0.000000,0.000397,0.000290,-0.017269,0.999851,-0.034540,none,0.250
583,1786782301.596745,camera_init,9.359212,15.541027,0.000000,-0.001293,0.000112,-0.018117,0.999835,-0.036236,none,0.250
584,1786782301.798354,camera_init,9.588780,15.516405,0.000000,-0.001059,0.000175,-0.021168,0.999775,-0.042339,none,0.250
585,1786782301.997516,camera_init,9.784696,15.496031,0.000000,-0.001450,0.000851,-0.022659,0.999742,-0.045325,none,0.250
586,1786782302.196069,camera_init,9.944869,15.483061,0.000000,-0.000739,-0.001124,-0.022244,0.999752,-0.044489,none,0.250
587,1786782302.397312,camera_init,10.095193,15.492384,0.000000,-0.001444,-0.001695,-0.018191,0.999832,-0.036379,none,0.250
588,1786782302.593362,camera_init,10.263506,15.486960,0.000000,-0.002960,-0.000103,-0.015475,0.999876,-0.030950,none,0.250
589,1786782302.797681,camera_init,10.433877,15.481322,0.000000,-0.003054,0.001161,-0.013554,0.999903,-0.027116,none,0.250
590,1786782302.996982,camera_init,10.593046,15.468355,0.000000,-0.002541,0.001572,-0.013654,0.999902,-0.027316,none,0.250
591,1786782303.197342,camera_init,10.750885,15.446158,0.000000,-0.000916,0.002596,-0.015536,0.999876,-0.031079,none,0.250
592,1786782303.495616,camera_init,10.961127,15.435667,0.000000,-0.001712,0.004754,-0.017064,0.999842,-0.034148,none,0.250
593,1786782303.697546,camera_init,11.117601,15.415930,0.000000,-0.002897,0.002527,-0.018536,0.999821,-0.037088,none,0.250
594,1786782303.995382,camera_init,11.325527,15.402666,0.000000,-0.003014,0.002003,-0.018734,0.999818,-0.037482,none,0.250
595,1786782304.296643,camera_init,11.521743,15.392912,0.000000,-0.002648,0.001500,-0.016440,0.999860,-0.032889,none,0.250
596,1786782304.596991,camera_init,11.713221,15.395172,0.000000,-0.003765,0.000880,-0.009623,0.999946,-0.019254,none,0.250
597,1786782304.898664,camera_init,11.930812,15.393114,0.000000,-0.004817,0.000379,0.002903,0.999984,0.005802,none,0.250
598,1786782305.198291,camera_init,12.129006,15.402695,0.000000,-0.004622,0.005157,0.028229,0.999578,0.056419,none,0.250
599,1786782305.498531,camera_init,12.321671,15.435989,0.000000,-0.007188,0.006004,0.073537,0.997249,0.147125,none,0.250
600,1786782305.798427,camera_init,12.463101,15.511202,0.000000,-0.006816,0.003579,0.151228,0.988469,0.303574,none,0.250
601,1786782306.098307,camera_init,12.591707,15.605362,0.000000,-0.008560,0.007797,0.229891,0.973147,0.463839,none,0.250
602,1786782306.398265,camera_init,12.720505,15.725623,0.000000,-0.011267,0.008112,0.304041,0.952558,0.617740,none,0.250
603,1786782306.698343,camera_init,12.837338,15.867356,0.000000,-0.012863,0.012462,0.376217,0.926358,0.771313,none,0.250
604,1786782306.998133,camera_init,12.932827,16.016916,0.000000,-0.012371,0.014607,0.422591,0.906118,0.872589,none,0.250
605,1786782307.298210,camera_init,13.043911,16.155514,0.000000,-0.014586,0.014509,0.429476,0.902844,0.887757,none,0.250
606,1786782307.598077,camera_init,13.166555,16.314565,0.000000,-0.014073,0.015689,0.438519,0.898475,0.907884,none,0.250
607,1786782307.897957,camera_init,13.288512,16.464094,0.000000,-0.012309,0.015245,0.452127,0.891739,0.938334,none,0.250
608,1786782308.198011,camera_init,13.374204,16.594826,0.000000,-0.013415,0.014161,0.468312,0.883348,0.974765,none,0.250
609,1786782308.497908,camera_init,13.469089,16.738782,0.000000,-0.014744,0.014951,0.481949,0.875948,1.005766,none,0.250
610,1786782308.798017,camera_init,13.558319,16.888024,0.000000,-0.015980,0.016972,0.496010,0.868004,1.038059,none,0.250
611,1786782309.197956,camera_init,13.638462,17.040693,0.000000,-0.016083,0.018521,0.506867,0.861675,1.063230,none,0.250
612,1786782309.597896,camera_init,13.694608,17.190379,0.000000,-0.015446,0.018820,0.550688,0.834356,1.166645,none,0.250
613,1786782309.997974,camera_init,13.716891,17.350600,0.000000,-0.015611,0.017518,0.591198,0.806185,1.265386,none,0.250
614,1786782310.397221,camera_init,13.746881,17.515666,0.000000,-0.018687,0.019421,0.621680,0.782808,1.342210,none,0.250
615,1786782310.797740,camera_init,13.771084,17.684248,0.000000,-0.019974,0.021805,0.653798,0.756092,1.425891,none,0.250
616,1786782311.196037,camera_init,13.773273,17.848599,0.000000,-0.021199,0.024233,0.680095,0.732416,1.496810,none,0.250
617,1786782311.595092,camera_init,13.757465,18.016619,0.000000,-0.020414,0.024221,0.711806,0.701661,1.585335,none,0.250
618,1786782312.097117,camera_init,13.709581,18.192797,0.000000,-0.021655,0.023029,0.753279,0.656941,1.707410,none,0.250
619,1786782312.498831,camera_init,13.674880,18.344111,0.000000,-0.019811,0.023022,0.773649,0.632886,1.770605,none,0.250
620,1786782312.897238,camera_init,13.645720,18.502307,0.000000,-0.022120,0.023248,0.780983,0.623728,1.794042,none,0.250
621,1786782313.298694,camera_init,13.619333,18.660267,0.000000,-0.021631,0.023421,0.776721,0.629038,1.780430,none,0.250
622,1786782313.698279,camera_init,13.612763,18.831822,0.000000,-0.018873,0.023844,0.748041,0.662955,1.691575,none,0.250
623,1786782314.198492,camera_init,13.635466,19.000070,0.000000,-0.020027,0.021530,0.721033,0.692277,1.611581,none,0.250
624,1786782314.598176,camera_init,13.631466,19.161272,0.000000,-0.021028,0.022117,0.719244,0.694087,1.606471,none,0.250
625,1786782314.996464,camera_init,13.632894,19.337357,0.000000,-0.020629,0.022534,0.716065,0.697365,1.597363,none,0.250
626,1786782315.398281,camera_init,13.629525,19.491091,0.000000,-0.020057,0.023694,0.713892,0.699567,1.591244,none,0.250
627,1786782315.797869,camera_init,13.629821,19.642727,0.000000,-0.019369,0.022084,0.714928,0.698580,1.594059,none,0.250
628,1786782316.297989,camera_init,13.618379,19.826184,0.000000,-0.020334,0.020831,0.717054,0.696410,1.600050,none,0.250
629,1786782316.698030,camera_init,13.623098,19.978174,0.000000,-0.020156,0.021300,0.717197,0.696253,1.600502,none,0.250
630,1786782317.197959,camera_init,13.619143,20.159568,0.000000,-0.019455,0.021003,0.719407,0.693998,1.606839,none,0.250
631,1786782317.698063,camera_init,13.600562,20.324517,0.000000,-0.020057,0.022514,0.722698,0.690506,1.616493,none,0.250
632,1786782365.498106,camera_init,13.620141,20.478601,0.000000,-0.020585,0.022432,0.709428,0.704120,1.578392,none,0.250
633,1786782368.398103,camera_init,13.644089,20.632884,0.000000,-0.020203,0.021444,0.685777,0.727215,1.512162,none,0.250
634,1786782370.097199,camera_init,13.654479,20.791557,0.000000,-0.019821,0.021237,0.686105,0.726922,1.513050,none,0.250
635,1786782371.696558,camera_init,13.672363,20.940683,0.000000,-0.020335,0.019774,0.686070,0.726983,1.512836,none,0.250
636,1786782373.698339,camera_init,13.660472,21.090469,0.000000,-0.019922,0.020694,0.710775,0.702832,1.582075,none,0.250
637,1786782375.597873,camera_init,13.657491,21.240568,0.000000,-0.019604,0.021684,0.715706,0.697789,1.596254,none,0.250
638,1786782377.697824,camera_init,13.657899,21.391293,0.000000,-0.020705,0.020203,0.719547,0.693841,1.607177,none,0.250
639,1786782379.998789,camera_init,13.652749,21.544257,0.000000,-0.021220,0.021295,0.723004,0.690189,1.617274,none,0.250
640,1786782382.597701,camera_init,13.641982,21.694150,0.000000,-0.020965,0.021258,0.724126,0.689021,1.620527,none,0.250
641,1786782408.397902,camera_init,13.642300,21.785042,0.000000,-0.021220,0.022222,0.721607,0.691621,1.613309,ext:piper_stop_5,0.250
642,1786782432.996764,camera_init,13.653632,21.934981,0.000000,-0.020361,0.020947,0.721672,0.691619,1.613380,none,0.250
643,1786782437.497873,camera_init,13.646991,22.087349,0.000000,-0.019854,0.020141,0.721896,0.691423,1.613959,none,0.250
644,1786782450.697968,camera_init,13.646809,22.208962,0.000000,-0.020612,0.019392,0.720794,0.692571,1.610711,ext:piper_stop_6,0.250
645,1786782464.796198,camera_init,13.651347,22.362025,0.000000,-0.019562,0.018799,0.721756,0.691615,1.613443,none,0.250
646,1786782468.497880,camera_init,13.641871,22.514193,0.000000,-0.020168,0.021429,0.721860,0.691413,1.613967,none,0.250
647,1786782480.898453,camera_init,13.641230,22.600203,0.000000,-0.021091,0.020642,0.719006,0.694377,1.605656,ext:piper_stop_7,0.250
648,1786782553.997957,camera_init,13.651222,22.757560,0.000000,-0.019667,0.022043,0.715927,0.697550,1.596919,none,0.250
649,1786782554.898775,camera_init,13.651724,22.926788,0.000000,-0.019207,0.022329,0.715339,0.698157,1.595257,none,0.250
650,1786782555.598537,camera_init,13.644350,23.088735,0.000000,-0.020782,0.020289,0.716923,0.696547,1.599630,none,0.250
651,1786782556.098165,camera_init,13.648973,23.247269,0.000000,-0.021577,0.022347,0.719036,0.694278,1.605895,none,0.250
652,1786782556.598404,camera_init,13.648966,23.412938,0.000000,-0.019911,0.023199,0.719976,0.693325,1.608683,none,0.250
653,1786782557.094757,camera_init,13.644369,23.567397,0.000000,-0.020788,0.023301,0.721394,0.691821,1.612793,none,0.250
654,1786782557.497931,camera_init,13.641187,23.722465,0.000000,-0.020565,0.021722,0.723765,0.689397,1.619519,none,0.250
655,1786782557.994323,camera_init,13.638834,23.898101,0.000000,-0.020583,0.021816,0.724100,0.689042,1.620500,none,0.250
656,1786782558.396981,camera_init,13.627790,24.060279,0.000000,-0.020849,0.021054,0.727339,0.685639,1.629863,none,0.250
657,1786782558.794511,camera_init,13.623265,24.230260,0.000000,-0.021610,0.022904,0.732645,0.679882,1.645600,none,0.250
658,1786782559.197718,camera_init,13.610005,24.384566,0.000000,-0.020578,0.022747,0.739596,0.672352,1.666157,none,0.250
659,1786782559.594691,camera_init,13.593467,24.543891,0.000000,-0.021443,0.022506,0.755312,0.654628,1.713559,none,0.250
660,1786782560.097454,camera_init,13.536254,24.714360,0.000000,-0.022634,0.021493,0.778294,0.627124,1.785255,none,0.250
661,1786782560.598311,camera_init,13.470661,24.864628,0.000000,-0.025381,0.023016,0.808194,0.587919,1.884023,none,0.250
662,1786782561.098203,camera_init,13.396475,25.037624,0.000000,-0.023715,0.023663,0.831654,0.554283,1.966273,none,0.250
663,1786782561.497920,camera_init,13.326081,25.198056,0.000000,-0.022508,0.021868,0.837433,0.545639,1.987021,none,0.250
664,1786782561.998047,camera_init,13.242062,25.366437,0.000000,-0.023253,0.021820,0.843686,0.535889,2.010201,none,0.250
665,1786782562.398940,camera_init,13.166397,25.526737,0.000000,-0.025133,0.021963,0.847948,0.529027,2.026342,none,0.250
666,1786782562.798105,camera_init,13.089283,25.681355,0.000000,-0.024585,0.021903,0.858264,0.512152,2.065972,none,0.250
667,1786782563.197935,camera_init,12.994234,25.807859,0.000000,-0.024250,0.023408,0.880516,0.472817,2.156608,none,0.250
668,1786782563.598683,camera_init,12.881002,25.913122,0.000000,-0.023712,0.022827,0.901394,0.431748,2.248862,none,0.250
669,1786782563.998670,camera_init,12.764243,26.038709,0.000000,-0.025857,0.020867,0.911799,0.409291,2.298287,none,0.250
670,1786782564.398611,camera_init,12.640678,26.150865,0.000000,-0.027642,0.023410,0.922133,0.385173,2.351013,none,0.250
671,1786782564.798364,camera_init,12.527199,26.263257,0.000000,-0.027484,0.024020,0.925237,0.377630,2.367398,none,0.250
672,1786782565.198387,camera_init,12.418080,26.375355,0.000000,-0.029568,0.024132,0.932540,0.359045,2.407408,none,0.250
673,1786782565.598164,camera_init,12.288272,26.460692,0.000000,-0.029136,0.023043,0.940534,0.337663,2.453068,none,0.250
674,1786782565.996624,camera_init,12.160271,26.554396,0.000000,-0.029481,0.023246,0.946113,0.321652,2.487054,none,0.250
675,1786782566.497984,camera_init,12.014315,26.672530,0.000000,-0.029442,0.023757,0.949901,0.310254,2.511158,none,0.250
676,1786782566.896327,camera_init,11.888462,26.761313,0.000000,-0.029148,0.025734,0.952585,0.301777,2.529123,none,0.250
677,1786782567.395631,camera_init,11.740198,26.860338,0.000000,-0.028217,0.025178,0.958633,0.282121,2.570271,none,0.250
678,1786782567.897979,camera_init,11.587433,26.930107,0.000000,-0.026905,0.025012,0.969690,0.241563,2.654449,none,0.250
679,1786782568.397639,camera_init,11.424615,26.986119,0.000000,-0.028046,0.026735,0.979074,0.199781,2.740372,none,0.250
680,1786782568.897404,camera_init,11.267784,27.033958,0.000000,-0.030325,0.025478,0.983536,0.176321,2.788174,none,0.250
681,1786782569.398329,camera_init,11.119863,27.086974,0.000000,-0.029492,0.026644,0.985078,0.167458,2.806257,none,0.250
682,1786782569.895887,camera_init,10.973087,27.142743,0.000000,-0.025959,0.025866,0.987797,0.151377,2.838746,none,0.250
683,1786782570.397991,camera_init,10.817375,27.158376,0.000000,-0.028695,0.024374,0.992886,0.112959,2.916345,none,0.250
684,1786782570.997316,camera_init,10.656066,27.174239,0.000000,-0.026352,0.025298,0.996864,0.070197,3.002304,none,0.250
685,1786782571.598602,camera_init,10.500176,27.190090,0.000000,-0.028821,0.025981,0.997534,0.058477,3.025955,none,0.250
686,1786782572.198590,camera_init,10.337310,27.211457,0.000000,-0.029049,0.028278,0.998074,0.046947,3.049222,none,0.250
687,1786782572.798433,camera_init,10.172481,27.210166,0.000000,-0.027752,0.025129,0.999092,0.020322,3.102308,none,0.250
688,1786782573.398272,camera_init,10.000918,27.212661,0.000000,-0.028327,0.025516,0.999262,0.004666,3.133700,none,0.250
689,1786782573.898311,camera_init,9.841241,27.212362,0.000000,-0.029592,0.027010,0.999190,-0.003651,-3.132682,none,0.250
690,1786782574.498154,camera_init,9.658643,27.215831,0.000000,-0.029053,0.026118,0.999224,-0.004991,-3.130082,none,0.250
691,1786782574.998122,camera_init,9.497233,27.247344,0.000000,-0.031217,0.027388,0.998765,0.027272,3.088694,none,0.250
692,1786782575.498062,camera_init,9.332084,27.307055,0.000000,-0.032259,0.026568,0.994654,0.094434,2.953901,none,0.250
693,1786782575.998018,camera_init,9.184141,27.353131,0.000000,-0.028887,0.024491,0.992440,0.116744,2.908726,none,0.250
694,1786782576.595796,camera_init,9.021582,27.398827,0.000000,-0.028488,0.024235,0.991964,0.120862,2.900395,none,0.250
695,1786782577.197625,camera_init,8.863890,27.444400,0.000000,-0.029640,0.025925,0.991671,0.122633,2.896959,none,0.250
696,1786782577.798251,camera_init,8.683206,27.475857,0.000000,-0.028451,0.026916,0.994043,0.101707,2.939156,none,0.250
697,1786782578.396837,camera_init,8.506958,27.462677,0.000000,-0.030291,0.025072,0.998775,0.030026,3.082987,none,0.250
698,1786782578.997975,camera_init,8.333691,27.456032,0.000000,-0.027776,0.023964,0.999326,0.001274,3.140376,none,0.250
699,1786782579.598865,camera_init,8.161571,27.457917,0.000000,-0.028261,0.025505,0.999243,-0.007997,-3.124141,none,0.250
700,1786782580.198624,camera_init,8.002555,27.458800,0.000000,-0.029649,0.025759,0.999100,-0.016007,-3.108016,none,0.250
701,1786782580.895267,camera_init,7.828015,27.449813,0.000000,-0.030558,0.026424,0.999004,-0.018971,-3.101991,none,0.250
702,1786782581.498178,camera_init,7.671189,27.449371,0.000000,-0.030636,0.025168,0.998982,-0.021496,-3.097007,none,0.250
703,1786782582.098272,camera_init,7.496419,27.453304,0.000000,-0.031825,0.025627,0.998917,-0.022262,-3.095379,none,0.250
704,1786782582.698130,camera_init,7.321549,27.451561,0.000000,-0.032474,0.025518,0.998913,-0.021623,-3.096629,none,0.250
705,1786782583.298174,camera_init,7.159681,27.447747,0.000000,-0.032252,0.025995,0.998935,-0.020344,-3.099173,none,0.250
706,1786782678.599118,camera_init,7.124389,27.448415,0.000000,-0.030228,0.025482,0.999029,-0.019452,-3.101102,ext:traffic_light,0.250
707,1786782720.797187,camera_init,6.892588,27.434221,0.000000,-0.025647,0.024582,0.998971,-0.028187,-3.083912,none,0.250
708,1786782720.995281,camera_init,6.689978,27.425574,0.000000,-0.030341,0.025050,0.998675,-0.033179,-3.073631,none,0.250
709,1786782721.198896,camera_init,6.445130,27.411896,0.000000,-0.038695,0.027299,0.998156,-0.037977,-3.063364,none,0.250
710,1786782721.397511,camera_init,6.225281,27.400000,0.000000,-0.029987,0.027465,0.998445,-0.038129,-3.063596,none,0.250
711,1786782721.596121,camera_init,5.999863,27.390945,0.000000,-0.027563,0.026916,0.998481,-0.039377,-3.061276,none,0.250
712,1786782721.795078,camera_init,5.771367,27.377812,0.000000,-0.029062,0.026831,0.998385,-0.040790,-3.058360,none,0.250
713,1786782721.998015,camera_init,5.533189,27.377953,0.000000,-0.030460,0.027088,0.998425,-0.038558,-3.062729,none,0.250
714,1786782722.197443,camera_init,5.307123,27.352536,0.000000,-0.029897,0.025190,0.997923,-0.051191,-3.037561,none,0.250
715,1786782722.396406,camera_init,5.087947,27.319887,0.000000,-0.031184,0.025921,0.996513,-0.072926,-2.993846,none,0.250
716,1786782722.594916,camera_init,4.874210,27.290018,0.000000,-0.029728,0.026458,0.995894,-0.081310,-2.977078,none,0.250
717,1786782722.793328,camera_init,4.649541,27.259289,0.000000,-0.029941,0.026305,0.995453,-0.086516,-2.966617,none,0.250
718,1786782722.998106,camera_init,4.411565,27.227007,0.000000,-0.027680,0.025698,0.995593,-0.085838,-2.968160,none,0.250
719,1786782723.196658,camera_init,4.191619,27.196593,0.000000,-0.027904,0.025832,0.995684,-0.084657,-2.970512,none,0.250
720,1786782723.395075,camera_init,3.963848,27.170711,0.000000,-0.031412,0.026677,0.996221,-0.076451,-2.986710,none,0.250
721,1786782723.595687,camera_init,3.737713,27.158808,0.000000,-0.028376,0.025821,0.997771,-0.054602,-3.030779,none,0.250
722,1786782723.798246,camera_init,3.507736,27.136036,0.000000,-0.028978,0.025670,0.997814,-0.053568,-3.032825,none,0.250
723,1786782723.998213,camera_init,3.280408,27.120698,0.000000,-0.027301,0.025177,0.998080,-0.049573,-3.040957,none,0.250
724,1786782724.197976,camera_init,3.051895,27.116979,0.000000,-0.029404,0.026187,0.998543,-0.036888,-3.066192,none,0.250
725,1786782724.396377,camera_init,2.822716,27.100011,0.000000,-0.030374,0.025193,0.998727,-0.031408,-3.077169,none,0.250
726,1786782724.596275,camera_init,2.599035,27.113046,0.000000,-0.032520,0.024307,0.999111,-0.011334,-3.117311,none,0.250
727,1786782724.797861,camera_init,2.415009,27.110096,0.000000,-0.029197,0.024919,0.999244,-0.006191,-3.127742,none,0.250
728,1786782724.998060,camera_init,2.205850,27.129819,0.000000,-0.032107,0.027304,0.999082,0.007710,3.127912,none,0.250
729,1786782725.197924,camera_init,2.003118,27.145472,0.000000,-0.033237,0.026999,0.998692,0.027934,3.087442,none,0.250
730,1786782725.396998,camera_init,1.821833,27.173227,0.000000,-0.026514,0.023591,0.998057,0.051205,3.040305,none,0.250
731,1786782725.598075,camera_init,1.621171,27.214866,0.000000,-0.027071,0.022922,0.996812,0.071467,2.999648,none,0.250
732,1786782725.798103,camera_init,1.434858,27.246639,0.000000,-0.031856,0.024896,0.996374,0.074868,2.993107,none,0.250
733,1786782725.997854,camera_init,1.274795,27.283032,0.000000,-0.026719,0.021713,0.995776,0.085119,2.972152,none,0.250
734,1786782726.197826,camera_init,1.081831,27.335114,0.000000,-0.030600,0.025061,0.993202,0.109478,2.923457,none,0.250
735,1786782726.398025,camera_init,0.933872,27.389211,0.000000,-0.028802,0.023692,0.988419,0.147096,2.847352,none,0.250
736,1786782726.598098,camera_init,0.796687,27.466636,0.000000,-0.028892,0.025854,0.982892,0.180057,2.780569,none,0.250
737,1786782726.798095,camera_init,0.644660,27.565254,0.000000,-0.034981,0.028183,0.975052,0.217381,2.704488,none,0.250
738,1786782726.998498,camera_init,0.516408,27.657210,0.000000,-0.032640,0.029213,0.967967,0.247226,2.643047,none,0.250
739,1786782727.198050,camera_init,0.386753,27.733859,0.000000,-0.032553,0.029581,0.965914,0.255101,2.626766,none,0.250
740,1786782727.397665,camera_init,0.250805,27.805941,0.000000,-0.032478,0.026488,0.965265,0.257890,2.620767,none,0.250
741,1786782727.697897,camera_init,0.081102,27.917838,0.000000,-0.027740,0.027065,0.964649,0.260673,2.615030,none,0.250
742,1786782727.998343,camera_init,-0.086117,28.016941,0.000000,-0.032420,0.029701,0.964013,0.262193,2.612057,none,0.250
743,1786782728.297985,camera_init,-0.233982,28.142280,0.000000,-0.027826,0.028725,0.957186,0.286698,2.560923,none,0.250
744,1786782728.597957,camera_init,-0.395617,28.253891,0.000000,-0.028251,0.028168,0.956189,0.290019,2.553941,none,0.250
745,1786782728.898067,camera_init,-0.557813,28.363063,0.000000,-0.026841,0.024428,0.955787,0.291813,2.549968,none,0.250
746,1786782729.197949,camera_init,-0.728389,28.465773,0.000000,-0.027214,0.025530,0.960162,0.276941,2.581104,none,0.250
747,1786782729.498944,camera_init,-0.914964,28.568910,0.000000,-0.029249,0.026755,0.967595,0.249375,2.638424,none,0.250
748,1786782729.798063,camera_init,-1.100443,28.631016,0.000000,-0.028267,0.026841,0.978323,0.203382,2.733018,none,0.250
749,1786782730.098823,camera_init,-1.273900,28.710676,0.000000,-0.028954,0.025494,0.980673,0.191813,2.756583,none,0.250
750,1786782730.398662,camera_init,-1.458102,28.779416,0.000000,-0.031087,0.029350,0.983040,0.178338,2.784343,none,0.250
751,1786782730.698612,camera_init,-1.624255,28.821132,0.000000,-0.029420,0.028221,0.988534,0.145391,2.851105,none,0.250
752,1786782730.998571,camera_init,-1.791077,28.865423,0.000000,-0.028850,0.029268,0.990657,0.130035,2.882204,none,0.250
753,1786782731.298492,camera_init,-1.970039,28.919677,0.000000,-0.024725,0.029087,0.991928,0.120921,2.900435,none,0.250
754,1786782731.498475,camera_init,-2.118114,28.956663,0.000000,-0.027355,0.026655,0.992290,0.117902,2.906476,none,0.250
755,1786782731.796747,camera_init,-2.324111,29.010265,0.000000,-0.032709,0.029448,0.992516,0.113906,2.914898,none,0.250
756,1786782732.098395,camera_init,-2.531264,29.064506,0.000000,-0.031991,0.027697,0.992556,0.114199,2.914160,none,0.250
757,1786782732.396583,camera_init,-2.715890,29.115945,0.000000,-0.021070,0.024779,0.993293,0.110954,2.920165,none,0.250
758,1786782732.698194,camera_init,-2.929759,29.164800,0.000000,-0.024110,0.023841,0.993545,0.108251,2.925662,none,0.250
759,1786782732.998065,camera_init,-3.124776,29.207268,0.000000,-0.024199,0.029083,0.993768,0.104851,2.932786,none,0.250
760,1786782733.295900,camera_init,-3.323870,29.267772,0.000000,-0.027302,0.030165,0.994022,0.101320,2.940086,none,0.250
761,1786782733.597919,camera_init,-3.501699,29.317255,0.000000,-0.027593,0.028273,0.994175,0.100275,2.942086,none,0.250
762,1786782733.896892,camera_init,-3.663222,29.362048,0.000000,-0.026404,0.029534,0.994181,0.100171,2.942323,none,0.250
763,1786782734.194816,camera_init,-3.834826,29.398553,0.000000,-0.026492,0.027669,0.994311,0.099387,2.943796,none,0.250
764,1786782734.497700,camera_init,-3.993535,29.435013,0.000000,-0.028874,0.028908,0.994200,0.099485,2.943765,none,0.250
765,1786782734.796439,camera_init,-4.164265,29.467381,0.000000,-0.029428,0.028822,0.994063,0.100705,2.941327,none,0.250
766,1786782735.098084,camera_init,-4.331109,29.505510,0.000000,-0.027842,0.028745,0.994426,0.097550,2.947609,none,0.250
767,1786782735.398080,camera_init,-4.486481,29.539377,0.000000,-0.026465,0.029335,0.994449,0.097524,2.947637,none,0.250
768,1786782735.798383,camera_init,-4.679210,29.577080,0.000000,-0.027671,0.029582,0.994788,0.093577,2.955642,none,0.250
769,1786782736.298181,camera_init,-4.870111,29.615472,0.000000,-0.029571,0.031403,0.995031,0.089733,2.963568,none,0.250
770,1786782736.798021,camera_init,-5.016727,29.648258,0.000000,-0.034517,0.027590,0.994912,0.090545,2.961878,none,0.250
771,1786782744.595632,camera_init,-5.183598,29.675551,0.000000,-0.028742,0.028815,0.995236,0.088589,2.965670,none,0.250
772,1786782745.097928,camera_init,-5.354865,29.710386,0.000000,-0.027662,0.026805,0.995401,0.087712,2.967267,none,0.250
773,1786782745.496960,camera_init,-5.505044,29.748848,0.000000,-0.026250,0.027723,0.995334,0.088614,2.965452,none,0.250
774,1786782745.899276,camera_init,-5.673369,29.784514,0.000000,-0.028744,0.028497,0.995077,0.090463,2.961881,none,0.250
775,1786782746.298013,camera_init,-5.851729,29.818511,0.000000,-0.029665,0.029849,0.995296,0.087265,2.968435,none,0.250
776,1786782746.699120,camera_init,-6.031531,29.859582,0.000000,-0.029259,0.028220,0.995398,0.086777,2.969295,none,0.250
777,1786782747.098681,camera_init,-6.201232,29.893246,0.000000,-0.029867,0.030604,0.995296,0.086930,2.969165,none,0.250
778,1786782747.498823,camera_init,-6.369727,29.932092,0.000000,-0.029650,0.030990,0.995584,0.083500,2.976074,none,0.250
779,1786782747.898803,camera_init,-6.536428,29.959959,0.000000,-0.029746,0.029485,0.995939,0.079696,2.983624,none,0.250
780,1786782748.298693,camera_init,-6.712178,29.984208,0.000000,-0.029785,0.030837,0.996164,0.076278,2.990577,none,0.250
781,1786782748.698695,camera_init,-6.908484,30.020647,0.000000,-0.028639,0.027883,0.996365,0.075228,2.992450,none,0.250
782,1786782749.098546,camera_init,-7.092074,30.056275,0.000000,-0.028945,0.029707,0.996414,0.073749,2.995543,none,0.250
783,1786782749.498429,camera_init,-7.271563,30.093205,0.000000,-0.025949,0.028315,0.996297,0.076927,2.988946,none,0.250
784,1786782749.898128,camera_init,-7.462033,30.139035,0.000000,-0.029468,0.029067,0.993944,0.101795,2.939149,none,0.250
785,1786782750.297932,camera_init,-7.642792,30.213440,0.000000,-0.027388,0.026444,0.989755,0.137607,2.866684,none,0.250
786,1786782750.697911,camera_init,-7.811519,30.307066,0.000000,-0.027694,0.027084,0.981726,0.186315,2.767874,none,0.250
787,1786782751.094331,camera_init,-7.979906,30.388901,0.000000,-0.028999,0.028640,0.978700,0.201210,2.737587,none,0.250
788,1786782751.497952,camera_init,-8.162136,30.460299,0.000000,-0.031571,0.027639,0.978342,0.202697,2.734519,none,0.250
789,1786782751.795699,camera_init,-8.298306,30.529034,0.000000,-0.028568,0.027180,0.977905,0.205297,2.729125,none,0.250
790,1786782752.193478,camera_init,-8.472290,30.609723,0.000000,-0.026647,0.029576,0.978442,0.202648,2.734658,none,0.250
791,1786782752.595870,camera_init,-8.658030,30.694969,0.000000,-0.026863,0.028134,0.978466,0.202709,2.734449,none,0.250
792,1786782752.993356,camera_init,-8.829260,30.779068,0.000000,-0.024775,0.033107,0.977561,0.206556,2.726823,none,0.250
793,1786782753.397221,camera_init,-8.999692,30.852790,0.000000,-0.026115,0.026037,0.977939,0.205611,2.728376,none,0.250
794,1786782753.694818,camera_init,-9.141552,30.901858,0.000000,-0.051437,0.012648,0.979246,0.195632,2.747475,none,0.250
795,1786782754.097464,camera_init,-9.343123,30.972880,0.000000,-0.136070,0.007559,0.974467,0.178443,2.774577,none,0.250
796,1786782754.395348,camera_init,-9.502517,31.103555,0.000000,-0.199053,0.066429,0.957549,0.197650,2.745812,none,0.250
797,1786782754.997197,camera_init,-9.683027,31.143004,0.000000,-0.128846,0.016892,0.972141,0.195080,2.743155,none,0.250
798,1786782755.497235,camera_init,-9.818351,31.225100,0.000000,-0.071972,0.028904,0.976121,0.202910,2.733792,none,0.250
799,1786782755.897011,camera_init,-9.971153,31.278231,0.000000,-0.064181,0.020598,0.978877,0.193019,2.753273,none,0.250
800,1786782756.298023,camera_init,-10.161157,31.341828,0.000000,-0.095880,0.015647,0.978097,0.184088,2.769059,none,0.250
801,1786782756.797869,camera_init,-10.331098,31.419084,0.000000,-0.084485,0.024166,0.979405,0.181781,2.776044,none,0.250
802,1786782757.198464,camera_init,-10.502486,31.512183,0.000000,-0.099556,0.048450,0.974899,0.193166,2.756556,none,0.250
803,1786782757.498290,camera_init,-10.639666,31.578918,0.000000,-0.106511,0.061112,0.973733,0.191740,2.762159,none,0.250
804,1786782757.898105,camera_init,-10.797890,31.675379,0.000000,-0.090661,0.074290,0.972973,0.198958,2.749763,none,0.250
805,1786782758.298139,camera_init,-10.958559,31.772670,0.000000,-0.072188,0.080963,0.974262,0.197603,2.752836,none,0.250
806,1786782758.797937,camera_init,-11.119094,31.831552,0.000000,-0.020573,0.052812,0.979168,0.194979,2.751399,none,0.250
807,1786782759.097916,camera_init,-11.312699,31.892423,0.000000,-0.073557,0.048249,0.977920,0.189563,2.764161,none,0.250
808,1786782759.398849,camera_init,-11.498951,31.943621,0.000000,-0.119616,0.050563,0.974815,0.181306,2.781112,none,0.250
809,1786782759.697955,camera_init,-11.644074,31.982688,0.000000,-0.102015,0.047143,0.978492,0.172983,2.798019,none,0.250
810,1786782760.097151,camera_init,-11.818138,32.047936,0.000000,-0.084606,0.022362,0.981792,0.168602,2.802820,none,0.250
811,1786782760.498502,camera_init,-12.013616,32.133691,0.000000,-0.095531,0.021233,0.982123,0.160803,2.818111,none,0.250
812,1786782760.798515,camera_init,-12.166784,32.184785,0.000000,-0.090569,0.010863,0.983353,0.157150,2.823991,none,0.250
813,1786782761.098379,camera_init,-12.339826,32.231227,0.000000,-0.105833,0.014397,0.982282,0.153996,2.830102,none,0.250
814,1786782761.496289,camera_init,-12.529067,32.279559,0.000000,-0.092830,0.015559,0.984539,0.147730,2.844023,none,0.250
815,1786782761.793716,camera_init,-12.680572,32.334774,0.000000,-0.089770,0.021638,0.984248,0.150759,2.839071,none,0.250
816,1786782762.097988,camera_init,-12.844575,32.424920,0.000000,-0.116178,0.039312,0.978212,0.167506,2.807186,none,0.250
817,1786782762.395961,camera_init,-13.010585,32.516213,0.000000,-0.128636,0.050604,0.971884,0.190616,2.761279,none,0.250
818,1786782762.792884,camera_init,-13.179287,32.602568,0.000000,-0.100743,0.028468,0.970859,0.215575,2.705863,none,0.250
819,1786782763.096737,camera_init,-13.325326,32.682977,0.000000,-0.096159,0.032134,0.968301,0.228283,2.680434,none,0.250
820,1786782763.395177,camera_init,-13.455153,32.763892,0.000000,-0.088962,0.029996,0.966460,0.239044,2.658124,none,0.250
821,1786782763.697928,camera_init,-13.619686,32.851100,0.000000,-0.114167,0.044876,0.960798,0.248634,2.638871,none,0.250
822,1786782763.996451,camera_init,-13.762777,32.942149,0.000000,-0.110118,0.042010,0.959363,0.256382,2.622244,none,0.250
823,1786782764.294846,camera_init,-13.913596,33.021541,0.000000,-0.100489,0.020940,0.959872,0.260978,2.609362,none,0.250
824,1786782764.597845,camera_init,-14.099831,33.127632,0.000000,-0.143596,0.004404,0.949890,0.277616,2.562478,none,0.250
825,1786782764.895894,camera_init,-14.249883,33.247651,0.000000,-0.143378,0.004025,0.928829,0.341617,2.423811,none,0.250
826,1786782765.197346,camera_init,-14.325479,33.406487,0.000000,-0.122324,0.017581,0.913028,0.388727,2.328767,none,0.250
827,1786782765.396345,camera_init,-14.377573,33.560090,0.000000,-0.116101,0.044407,0.898439,0.421137,2.262612,none,0.250
828,1786782765.597301,camera_init,-14.427577,33.707579,0.000000,-0.109733,0.077908,0.882251,0.451135,2.201586,none,0.250
829,1786782765.998156,camera_init,-14.505444,33.871293,0.000000,-0.037378,0.012578,0.861588,0.506074,2.078800,none,0.250
830,1786782766.198047,camera_init,-14.541071,34.025095,0.000000,-0.036394,0.037990,0.848465,0.526631,2.031950,none,0.250
831,1786782766.498072,camera_init,-14.591471,34.205971,0.000000,-0.030610,0.033325,0.825204,0.563019,1.945037,none,0.250
832,1786782766.798039,camera_init,-14.605674,34.385648,0.000000,-0.029919,0.031949,0.794790,0.605305,1.840468,none,0.250
833,1786782767.098084,camera_init,-14.637529,34.555459,0.000000,-0.030667,0.027102,0.777515,0.627532,1.783633,none,0.250
834,1786782767.398015,camera_init,-14.668729,34.749802,0.000000,-0.031082,0.030846,0.774236,0.631380,1.773738,none,0.250
835,1786782767.697896,camera_init,-14.711179,34.961867,0.000000,-0.031356,0.028639,0.772407,0.633706,1.767635,none,0.250
836,1786782767.898694,camera_init,-14.735193,35.121263,0.000000,-0.029429,0.029759,0.774855,0.630752,1.775498,none,0.250
837,1786782768.098020,camera_init,-14.777255,35.294443,0.000000,-0.026403,0.022164,0.777011,0.628542,1.781320,none,0.250
838,1786782768.298675,camera_init,-14.833623,35.552798,0.000000,-0.038192,0.029743,0.778739,0.625477,1.788154,none,0.250
839,1786782768.498077,camera_init,-14.867177,35.800485,0.000000,-0.038426,0.033609,0.776583,0.627943,1.781871,none,0.250
840,1786782768.698469,camera_init,-14.884995,36.018777,0.000000,-0.034478,0.030158,0.757952,0.650701,1.722817,none,0.250
841,1786782768.898590,camera_init,-14.914981,36.229837,0.000000,-0.027268,0.021343,0.755773,0.653917,1.714937,none,0.250
842,1786782769.098477,camera_init,-14.947181,36.458284,0.000000,-0.035335,0.023057,0.750417,0.659616,1.698908,none,0.250
843,1786782769.298349,camera_init,-14.963700,36.674680,0.000000,-0.031077,0.031099,0.751917,0.657790,1.704399,none,0.250
844,1786782769.498343,camera_init,-14.993109,36.898112,0.000000,-0.034798,0.029764,0.754028,0.655244,1.710725,none,0.250
845,1786782769.698235,camera_init,-15.015122,37.116748,0.000000,-0.034651,0.026331,0.753368,0.656157,1.708259,none,0.250
846,1786782769.898284,camera_init,-15.028443,37.352455,0.000000,-0.031049,0.025584,0.754408,0.655172,1.711282,none,0.250
847,1786782770.098200,camera_init,-15.053763,37.588545,0.000000,-0.029517,0.024986,0.753467,0.656347,1.708313,none,0.250
848,1786782770.298060,camera_init,-15.083840,37.814995,0.000000,-0.029815,0.023762,0.755038,0.654571,1.712981,none,0.250
849,1786782770.497974,camera_init,-15.114961,38.044011,0.000000,-0.033966,0.026276,0.755893,0.653285,1.715968,none,0.250
850,1786782770.698094,camera_init,-15.138112,38.266235,0.000000,-0.032027,0.028066,0.757094,0.651916,1.719845,none,0.250
851,1786782770.898089,camera_init,-15.160817,38.491962,0.000000,-0.033493,0.029473,0.750512,0.659350,1.699940,none,0.250
852,1786782771.096738,camera_init,-15.188582,38.716579,0.000000,-0.033812,0.025886,0.748823,0.661401,1.694366,none,0.250
853,1786782771.296986,camera_init,-15.194632,38.932188,0.000000,-0.029697,0.032439,0.742164,0.668773,1.675105,none,0.250
854,1786782771.495870,camera_init,-15.211693,39.167831,0.000000,-0.030743,0.029311,0.741228,0.669908,1.671887,none,0.250
855,1786782771.693366,camera_init,-15.223302,39.376735,0.000000,-0.030728,0.030258,0.737459,0.674014,1.660774,none,0.250
856,1786782771.897602,camera_init,-15.244068,39.616724,0.000000,-0.037087,0.032577,0.739085,0.671801,1.666019,none,0.250
857,1786782772.095890,camera_init,-15.254831,39.833220,0.000000,-0.028864,0.026110,0.733988,0.678047,1.649958,none,0.250
858,1786782772.297959,camera_init,-15.260373,40.052306,0.000000,-0.032126,0.026065,0.730671,0.681475,1.640208,none,0.250
859,1786782772.493689,camera_init,-15.276579,40.285538,0.000000,-0.030983,0.027687,0.730573,0.681569,1.640099,none,0.250
860,1786782772.697539,camera_init,-15.285093,40.529490,0.000000,-0.029799,0.028864,0.730167,0.682008,1.639038,none,0.250
861,1786782772.896572,camera_init,-15.282889,40.758693,0.000000,-0.029929,0.027555,0.723442,0.689185,1.619231,none,0.250
862,1786782773.095523,camera_init,-15.277566,40.977895,0.000000,-0.032895,0.029754,0.717409,0.695238,1.602047,none,0.250
863,1786782773.294004,camera_init,-15.298394,41.198037,0.000000,-0.033389,0.025530,0.719128,0.693605,1.606522,none,0.250
864,1786782773.498244,camera_init,-15.292542,41.428284,0.000000,-0.030666,0.029146,0.717066,0.695720,1.600975,none,0.250
865,1786782773.697130,camera_init,-15.294162,41.665364,0.000000,-0.032044,0.031813,0.714994,0.697671,1.595357,none,0.250
866,1786782773.895414,camera_init,-15.302892,41.875561,0.000000,-0.028416,0.026189,0.717420,0.695568,1.601649,none,0.250
867,1786782774.094200,camera_init,-15.292712,42.106258,0.000000,-0.029874,0.022901,0.716157,0.696923,1.597685,none,0.250
868,1786782774.296265,camera_init,-15.294239,42.346141,0.000000,-0.026349,0.028500,0.716366,0.696645,1.598868,none,0.250
869,1786782774.497163,camera_init,-15.303041,42.579505,0.000000,-0.034011,0.032752,0.714587,0.697951,1.594319,none,0.250
870,1786782774.695561,camera_init,-15.303845,42.808256,0.000000,-0.035740,0.027473,0.719391,0.693141,1.607508,none,0.250
871,1786782774.894284,camera_init,-15.301750,43.010563,0.000000,-0.030848,0.022405,0.721990,0.690853,1.614477,none,0.250
872,1786782775.097032,camera_init,-15.307690,43.224763,0.000000,-0.030286,0.025973,0.721514,0.691249,1.613459,none,0.250
873,1786782775.297199,camera_init,-15.316858,43.459531,0.000000,-0.030988,0.027861,0.722162,0.690467,1.615556,none,0.250
874,1786782775.496130,camera_init,-15.319439,43.701416,0.000000,-0.039518,0.034976,0.727258,0.684333,1.631425,none,0.250
875,1786782775.694972,camera_init,-15.324265,43.928613,0.000000,-0.029502,0.025521,0.727425,0.685077,1.630611,none,0.250
876,1786782775.897441,camera_init,-15.323692,44.158296,0.000000,-0.028170,0.023798,0.716869,0.696232,1.599813,none,0.250
877,1786782776.097927,camera_init,-15.324680,44.386752,0.000000,-0.032096,0.028500,0.717457,0.695279,1.602029,none,0.250
878,1786782776.297821,camera_init,-15.327765,44.625550,0.000000,-0.030895,0.027159,0.717735,0.695100,1.602671,none,0.250
879,1786782776.496778,camera_init,-15.329287,44.845726,0.000000,-0.040541,0.030907,0.710948,0.701395,1.583666,none,0.250
880,1786782776.697909,camera_init,-15.330250,45.064886,0.000000,-0.038280,0.028292,0.710854,0.701726,1.583080,none,0.250
881,1786782776.897846,camera_init,-15.329102,45.275789,0.000000,-0.028220,0.019560,0.712748,0.700579,1.587620,none,0.250
882,1786782777.098639,camera_init,-15.334980,45.498815,0.000000,-0.036806,0.025343,0.713027,0.699711,1.588968,none,0.250
883,1786782777.297943,camera_init,-15.313922,45.725414,0.000000,-0.035407,0.025271,0.701743,0.711101,1.556908,none,0.250
884,1786782777.498615,camera_init,-15.298110,45.944931,0.000000,-0.026512,0.018575,0.693296,0.719925,1.532719,none,0.250
885,1786782777.698519,camera_init,-15.289421,46.174887,0.000000,-0.030794,0.026918,0.692661,0.720103,1.531665,none,0.250
886,1786782777.897914,camera_init,-15.272402,46.417212,0.000000,-0.037041,0.027592,0.692147,0.720277,1.530275,none,0.250
887,1786782778.098364,camera_init,-15.250815,46.655037,0.000000,-0.034140,0.033440,0.695192,0.717233,1.539470,none,0.250
888,1786782778.298284,camera_init,-15.245798,46.873872,0.000000,-0.030620,0.029117,0.698817,0.714051,1.549104,none,0.250
889,1786782778.498187,camera_init,-15.245790,47.094883,0.000000,-0.033565,0.022727,0.705013,0.708035,1.565900,none,0.250
890,1786782778.698170,camera_init,-15.242068,47.310176,0.000000,-0.029895,0.024010,0.710418,0.702734,1.581368,none,0.250
891,1786782778.898068,camera_init,-15.238685,47.545716,0.000000,-0.035425,0.024414,0.709804,0.703084,1.579663,none,0.250
892,1786782779.098017,camera_init,-15.235710,47.785270,0.000000,-0.033040,0.024502,0.713179,0.699775,1.589307,none,0.250
893,1786782779.298002,camera_init,-15.240144,48.024180,0.000000,-0.034887,0.027948,0.712959,0.699780,1.589052,none,0.250
894,1786782779.497973,camera_init,-15.243723,48.265113,0.000000,-0.032106,0.023076,0.715082,0.697922,1.594620,none,0.250
895,1786782779.698130,camera_init,-15.240403,48.495153,0.000000,-0.033771,0.027050,0.718953,0.693711,1.606185,none,0.250
896,1786782779.898049,camera_init,-15.241946,48.728048,0.000000,-0.033228,0.026692,0.718734,0.693978,1.605511,none,0.250
897,1786782780.098683,camera_init,-15.233072,48.958340,0.000000,-0.030940,0.024509,0.717990,0.694934,1.603122,none,0.250
898,1786782780.297888,camera_init,-15.229914,49.174642,0.000000,-0.029894,0.027001,0.715003,0.697959,1.594794,none,0.250
899,1786782780.497917,camera_init,-15.238431,49.380589,0.000000,-0.033731,0.026463,0.717584,0.695151,1.602169,none,0.250
900,1786782780.697650,camera_init,-15.232780,49.602160,0.000000,-0.034492,0.024982,0.708207,0.704720,1.575173,none,0.250
901,1786782780.898518,camera_init,-15.208688,49.820628,0.000000,-0.031885,0.027507,0.695206,0.717576,1.538814,none,0.250
902,1786782781.098410,camera_init,-15.194555,50.036178,0.000000,-0.031011,0.028362,0.693336,0.719388,1.533696,none,0.250
903,1786782781.298598,camera_init,-15.180502,50.269378,0.000000,-0.031248,0.024755,0.692153,0.720649,1.530036,none,0.250
904,1786782781.498486,camera_init,-15.176801,50.489929,0.000000,-0.030313,0.023879,0.694749,0.718216,1.537184,none,0.250
905,1786782781.698072,camera_init,-15.160416,50.741825,0.000000,-0.035855,0.031322,0.691802,0.720516,1.529742,none,0.250
906,1786782781.895591,camera_init,-15.143574,50.986703,0.000000,-0.034428,0.026971,0.690293,0.722207,1.525072,none,0.250
907,1786782782.094394,camera_init,-15.124701,51.214419,0.000000,-0.028668,0.028352,0.691790,0.720972,1.529405,none,0.250
908,1786782782.293321,camera_init,-15.115400,51.432803,0.000000,-0.027241,0.026363,0.693807,0.719163,1.534811,none,0.250
909,1786782782.497371,camera_init,-15.112581,51.665864,0.000000,-0.032678,0.033394,0.709814,0.702838,1.580741,none,0.250
910,1786782782.696308,camera_init,-15.114926,51.881185,0.000000,-0.029449,0.025117,0.714449,0.698616,1.593001,none,0.250
911,1786782782.895050,camera_init,-15.115306,52.102405,0.000000,-0.032584,0.028969,0.718141,0.694530,1.604060,none,0.250
912,1786782783.094103,camera_init,-15.113749,52.342456,0.000000,-0.041804,0.030102,0.720247,0.691802,1.610336,none,0.250
913,1786782783.298049,camera_init,-15.111607,52.553965,0.000000,-0.032925,0.026540,0.720587,0.692073,1.610851,none,0.250
914,1786782783.496868,camera_init,-15.127747,52.774986,0.000000,-0.032543,0.022964,0.720856,0.691940,1.611254,none,0.250
915,1786782783.695212,camera_init,-15.126599,52.991061,0.000000,-0.024165,0.020116,0.717425,0.695925,1.601068,none,0.250
916,1786782783.894028,camera_init,-15.131602,53.205329,0.000000,-0.029417,0.025492,0.717788,0.695173,1.602637,none,0.250
917,1786782784.097804,camera_init,-15.137214,53.439697,0.000000,-0.034353,0.024276,0.721686,0.690942,1.613797,none,0.250
918,1786782784.297597,camera_init,-15.141232,53.660715,0.000000,-0.031294,0.020357,0.723778,0.689022,1.619486,none,0.250
919,1786782784.495768,camera_init,-15.150205,53.893206,0.000000,-0.031269,0.021680,0.725489,0.687181,1.624583,none,0.250
920,1786782784.694371,camera_init,-15.138833,54.142336,0.000000,-0.038059,0.030263,0.715676,0.696738,1.597139,none,0.250
921,1786782784.897823,camera_init,-15.138222,54.388342,0.000000,-0.032649,0.021675,0.715875,0.697128,1.596769,none,0.250
922,1786782785.097479,camera_init,-15.137839,54.605901,0.000000,-0.031561,0.023931,0.717277,0.695661,1.601013,none,0.250
923,1786782785.295840,camera_init,-15.140727,54.827817,0.000000,-0.032763,0.026995,0.717365,0.695403,1.601594,none,0.250
924,1786782785.494461,camera_init,-15.148453,55.047732,0.000000,-0.034642,0.025560,0.720020,0.692617,1.609109,none,0.250
925,1786782785.693296,camera_init,-15.144784,55.282153,0.000000,-0.028956,0.026181,0.720072,0.692800,1.609302,none,0.250
926,1786782785.897672,camera_init,-15.151780,55.509915,0.000000,-0.029636,0.027386,0.719980,0.692821,1.609173,none,0.250
927,1786782786.096314,camera_init,-15.150447,55.725514,0.000000,-0.031054,0.027896,0.718044,0.694745,1.603646,none,0.250
928,1786782786.297316,camera_init,-15.147710,55.972793,0.000000,-0.032203,0.026474,0.718587,0.694186,1.605059,none,0.250
929,1786782786.498187,camera_init,-15.150123,56.209470,0.000000,-0.033699,0.024673,0.716751,0.696077,1.599581,none,0.250
930,1786782786.698223,camera_init,-15.146881,56.435392,0.000000,-0.033315,0.030448,0.718224,0.694347,1.604485,none,0.250
931,1786782786.898109,camera_init,-15.152341,56.654061,0.000000,-0.029655,0.027742,0.716972,0.695918,1.600537,none,0.250
932,1786782787.097495,camera_init,-15.156367,56.875453,0.000000,-0.026106,0.022049,0.719351,0.693806,1.606791,none,0.250
933,1786782787.298139,camera_init,-15.160938,57.098124,0.000000,-0.027194,0.023979,0.721131,0.691849,1.612128,none,0.250
934,1786782787.498143,camera_init,-15.154161,57.328609,0.000000,-0.036871,0.027709,0.713639,0.698994,1.590979,none,0.250
935,1786782787.698045,camera_init,-15.142833,57.563449,0.000000,-0.030551,0.025070,0.713253,0.699792,1.589572,none,0.250
936,1786782787.898052,camera_init,-15.143854,57.791697,0.000000,-0.030214,0.019253,0.710770,0.702512,1.581953,none,0.250
937,1786782788.097927,camera_init,-15.139042,58.006593,0.000000,-0.035786,0.025231,0.706528,0.706329,1.570433,none,0.250
938,1786782788.297880,camera_init,-15.141845,58.237023,0.000000,-0.035095,0.023802,0.708547,0.704388,1.576025,none,0.250
939,1786782788.497711,camera_init,-15.142166,58.471124,0.000000,-0.035312,0.023245,0.707187,0.705761,1.572110,none,0.250
940,1786782788.698975,camera_init,-15.140580,58.697336,0.000000,-0.038095,0.020763,0.709194,0.703677,1.577594,none,0.250
941,1786782788.897918,camera_init,-15.123087,58.920358,0.000000,-0.032758,0.021233,0.701358,0.711739,1.555459,none,0.250
942,1786782789.098767,camera_init,-15.117297,59.147988,0.000000,-0.032930,0.018164,0.699183,0.713953,1.549112,none,0.250
943,1786782789.298851,camera_init,-15.104268,59.379731,0.000000,-0.032824,0.018951,0.698238,0.714862,1.546519,none,0.250
944,1786782789.497913,camera_init,-15.090677,59.602837,0.000000,-0.034761,0.025463,0.698034,0.714767,1.546505,none,0.250
945,1786782789.698641,camera_init,-15.083353,59.831158,0.000000,-0.036232,0.023261,0.699882,0.712960,1.551478,none,0.250
946,1786782789.898655,camera_init,-15.089340,60.049602,0.000000,-0.036252,0.022977,0.704767,0.708139,1.565226,none,0.250
947,1786782790.098616,camera_init,-15.089399,60.274561,0.000000,-0.039953,0.022677,0.705860,0.706860,1.568292,none,0.250
948,1786782790.298494,camera_init,-15.071424,60.501928,0.000000,-0.031330,0.022380,0.704353,0.708805,1.564005,none,0.250
949,1786782790.498527,camera_init,-15.054259,60.744750,0.000000,-0.031470,0.025682,0.701635,0.711378,1.556652,none,0.250
950,1786782790.698376,camera_init,-15.044563,60.965761,0.000000,-0.029467,0.019376,0.701157,0.712134,1.554750,none,0.250
951,1786782790.898483,camera_init,-15.039191,61.183097,0.000000,-0.029280,0.016123,0.702495,0.710903,1.558288,none,0.250
952,1786782791.098337,camera_init,-15.037424,61.410341,0.000000,-0.033765,0.016764,0.704594,0.708609,1.564247,none,0.250
953,1786782791.298274,camera_init,-15.030358,61.649018,0.000000,-0.033251,0.020270,0.709820,0.703306,1.579331,none,0.250
954,1786782791.496693,camera_init,-15.024104,61.889041,0.000000,-0.040509,0.025108,0.712625,0.699925,1.587799,none,0.250
955,1786782791.697718,camera_init,-15.016394,62.129310,0.000000,-0.040400,0.022574,0.713274,0.699356,1.589410,none,0.250
956,1786782791.897898,camera_init,-15.009890,62.345049,0.000000,-0.026255,0.015222,0.713258,0.700244,1.588766,none,0.250
957,1786782792.093143,camera_init,-15.022690,62.557977,0.000000,-0.034720,0.018359,0.721021,0.691799,1.611340,none,0.250
958,1786782792.297901,camera_init,-15.023543,62.792618,0.000000,-0.038377,0.024545,0.723271,0.689060,1.618453,none,0.250
959,1786782792.496055,camera_init,-15.042712,63.005598,0.000000,-0.039718,0.023831,0.724052,0.688188,1.620660,none,0.250
960,1786782792.694858,camera_init,-15.051055,63.207973,0.000000,-0.030179,0.021891,0.728351,0.684189,1.632954,none,0.250
961,1786782792.893684,camera_init,-15.064425,63.440811,0.000000,-0.035337,0.019184,0.732144,0.679962,1.643888,none,0.250
962,1786782793.097903,camera_init,-15.074822,63.682696,0.000000,-0.041273,0.026661,0.736333,0.674833,1.657101,none,0.250
963,1786782793.296529,camera_init,-15.093362,63.926764,0.000000,-0.040148,0.024637,0.737833,0.673337,1.661317,none,0.250
964,1786782793.495407,camera_init,-15.107045,64.143090,0.000000,-0.037918,0.020978,0.738413,0.672955,1.662640,none,0.250
965,1786782793.693845,camera_init,-15.099198,64.362672,0.000000,-0.038052,0.018774,0.724395,0.688078,1.621184,none,0.250
966,1786782793.897837,camera_init,-15.094417,64.589908,0.000000,-0.035049,0.020135,0.714155,0.698819,1.591708,none,0.250
967,1786782794.097476,camera_init,-15.091566,64.829016,0.000000,-0.036129,0.022714,0.711533,0.701356,1.584433,none,0.250
968,1786782794.295596,camera_init,-15.101576,65.050331,0.000000,-0.042641,0.024677,0.712862,0.699571,1.588441,none,0.250
969,1786782794.494143,camera_init,-15.086100,65.260470,0.000000,-0.032668,0.019557,0.703085,0.710086,1.560189,none,0.250
970,1786782794.694042,camera_init,-15.065189,65.469589,0.000000,-0.029510,0.012062,0.690775,0.722366,1.525336,none,0.250
971,1786782794.897443,camera_init,-15.029691,65.703326,0.000000,-0.029909,0.019543,0.674968,0.736981,1.482398,none,0.250
972,1786782795.095865,camera_init,-14.992267,65.931304,0.000000,-0.035157,0.016316,0.664618,0.746178,1.454204,none,0.250
973,1786782795.294847,camera_init,-14.954169,66.157007,0.000000,-0.035315,0.019639,0.663003,0.747526,1.450070,none,0.250
974,1786782795.496987,camera_init,-14.924096,66.370290,0.000000,-0.032326,0.021796,0.663325,0.747315,1.451122,none,0.250
975,1786782795.697552,camera_init,-14.912519,66.584206,0.000000,-0.031741,0.018606,0.666849,0.744284,1.460370,none,0.250
976,1786782795.897342,camera_init,-14.892629,66.821464,0.000000,-0.037149,0.025910,0.673915,0.737420,1.479982,none,0.250
977,1786782796.094866,camera_init,-14.862402,67.061531,0.000000,-0.034665,0.028487,0.674904,0.736540,1.482952,none,0.250
978,1786782796.297414,camera_init,-14.831936,67.289783,0.000000,-0.030406,0.020474,0.678880,0.733334,1.493115,none,0.250
979,1786782796.497718,camera_init,-14.807066,67.512167,0.000000,-0.031627,0.025660,0.679036,0.732975,1.493967,none,0.250
980,1786782796.697790,camera_init,-14.788670,67.729061,0.000000,-0.035478,0.025511,0.679959,0.731947,1.496445,none,0.250
981,1786782796.897062,camera_init,-14.762282,67.910556,0.000000,-0.031896,0.026369,0.678821,0.733137,1.493446,none,0.250
982,1786782797.098748,camera_init,-14.754647,68.080699,0.000000,-0.029097,0.021879,0.681639,0.730782,1.500781,none,0.250
983,1786782797.297902,camera_init,-14.738916,68.234609,0.000000,-0.025945,0.021307,0.683859,0.728842,1.506845,none,0.250
984,1786782797.598733,camera_init,-14.717637,68.454978,0.000000,-0.030290,0.023815,0.686369,0.726232,1.513941,none,0.250
985,1786782797.798312,camera_init,-14.699956,68.614906,0.000000,-0.032968,0.027404,0.686516,0.725850,1.514674,none,0.250
986,1786782798.098484,camera_init,-14.681983,68.790910,0.000000,-0.029625,0.027316,0.686761,0.725765,1.515363,none,0.250
987,1786782798.398403,camera_init,-14.665361,68.968526,0.000000,-0.025176,0.024912,0.684729,0.727936,1.509554,none,0.250
988,1786782798.698469,camera_init,-14.654222,69.168365,0.000000,-0.030797,0.024602,0.686406,0.726150,1.514109,none,0.250
989,1786782798.898339,camera_init,-14.632347,69.318334,0.000000,-0.029815,0.026931,0.686517,0.726003,1.514649,none,0.250
990,1786782799.198278,camera_init,-14.615620,69.527986,0.000000,-0.030567,0.027436,0.693893,0.718906,1.535150,none,0.250
991,1786782799.398229,camera_init,-14.614662,69.684382,0.000000,-0.031918,0.032227,0.704569,0.708185,1.565687,none,0.250
992,1786782799.598302,camera_init,-14.626363,69.849822,0.000000,-0.032550,0.032771,0.715046,0.697550,1.595634,none,0.250
993,1786782799.798126,camera_init,-14.636999,70.003188,0.000000,-0.032172,0.030356,0.724853,0.687482,1.623695,none,0.250
994,1786782799.998322,camera_init,-14.649471,70.167413,0.000000,-0.029183,0.029589,0.731644,0.680419,1.643468,none,0.250
995,1786782800.197984,camera_init,-14.664974,70.325696,0.000000,-0.029348,0.029927,0.737158,0.674419,1.659820,none,0.250
996,1786782800.498118,camera_init,-14.661662,70.558887,0.000000,-0.027755,0.025070,0.739365,0.672265,1.665782,none,0.250
997,1786782800.698061,camera_init,-14.670489,70.728612,0.000000,-0.029611,0.026559,0.740047,0.671378,1.668007,none,0.250
998,1786782800.897959,camera_init,-14.689613,70.896990,0.000000,-0.033356,0.029403,0.741549,0.669423,1.672897,none,0.250
999,1786782801.097983,camera_init,-14.698513,71.061793,0.000000,-0.034455,0.028706,0.740535,0.670520,1.669786,none,0.250
1000,1786782801.297994,camera_init,-14.706228,71.226982,0.000000,-0.035693,0.032254,0.739974,0.670913,1.668608,none,0.250
1001,1786782801.496675,camera_init,-14.719172,71.380258,0.000000,-0.028335,0.030080,0.740845,0.670404,1.670813,none,0.250
1002,1786782801.697939,camera_init,-14.734781,71.560058,0.000000,-0.028616,0.029933,0.742303,0.668783,1.675162,none,0.250
1003,1786782801.898101,camera_init,-14.739842,71.722937,0.000000,-0.030259,0.031394,0.742667,0.668240,1.676472,none,0.250
1004,1786782802.097360,camera_init,-14.761186,71.883263,0.000000,-0.030247,0.030816,0.746230,0.664286,1.687108,none,0.250
1005,1786782802.395493,camera_init,-14.779730,72.091800,0.000000,-0.027519,0.030081,0.745894,0.664816,1.685953,none,0.250
1006,1786782802.697378,camera_init,-14.783103,72.276331,0.000000,-0.027247,0.030994,0.741068,0.670161,1.671589,none,0.250
1007,1786782802.997475,camera_init,-14.796381,72.445898,0.000000,-0.026472,0.025541,0.733843,0.678323,1.649445,none,0.250
1008,1786782803.295403,camera_init,-14.792181,72.605943,0.000000,-0.025564,0.026792,0.726644,0.686015,1.628445,none,0.250
1009,1786782803.598011,camera_init,-14.806227,72.761833,0.000000,-0.029825,0.029157,0.721912,0.690727,1.614979,none,0.250
1010,1786782809.797915,camera_init,-14.793464,72.940192,0.000000,-0.027750,0.026865,0.710506,0.702630,1.581911,none,0.250
1011,1786782810.097961,camera_init,-14.732260,73.099093,0.000000,-0.035372,0.026946,0.649848,0.758763,1.415647,none,0.250
1012,1786782810.397919,camera_init,-14.616457,73.264696,0.000000,-0.031774,0.027863,0.569994,0.820561,1.213399,none,0.250
1013,1786782810.697917,camera_init,-14.488131,73.407330,0.000000,-0.030727,0.019178,0.483827,0.874414,1.009653,none,0.250
1014,1786782810.998061,camera_init,-14.331387,73.519724,0.000000,-0.029430,0.018552,0.405670,0.913357,0.834840,none,0.250
1015,1786782811.297765,camera_init,-14.168461,73.599903,0.000000,-0.026117,0.011574,0.328457,0.944087,0.668809,none,0.250
1016,1786782811.598235,camera_init,-14.014605,73.676225,0.000000,-0.023719,0.011322,0.298346,0.954096,0.605445,none,0.250
1017,1786782811.898140,camera_init,-13.859623,73.776910,0.000000,-0.020563,0.010879,0.290032,0.956734,0.588143,none,0.250
1018,1786782812.197363,camera_init,-13.693701,73.872256,0.000000,-0.017814,0.012157,0.273828,0.961537,0.554416,none,0.250
1019,1786782812.498024,camera_init,-13.523312,73.954742,0.000000,-0.018451,0.016156,0.252204,0.967363,0.509512,none,0.250
1020,1786782812.797029,camera_init,-13.352305,74.029235,0.000000,-0.024332,0.015123,0.225057,0.973924,0.453370,none,0.250
1021,1786782813.094956,camera_init,-13.178657,74.075557,0.000000,-0.019809,-0.002599,0.203900,0.978788,0.410704,none,0.250
1022,1786782813.398912,camera_init,-12.992211,74.125060,0.000000,-0.018552,-0.011487,0.173764,0.984545,0.349714,none,0.250
1023,1786782813.696774,camera_init,-12.788610,74.138022,0.000000,-0.016831,-0.008153,0.126245,0.991823,0.253422,none,0.250
1024,1786782813.994586,camera_init,-12.598733,74.185699,0.000000,-0.013924,-0.004903,0.126426,0.991866,0.253648,none,0.250
1025,1786782814.298673,camera_init,-12.379912,74.250114,0.000000,-0.015720,0.003441,0.126892,0.991786,0.254340,none,0.250
1026,1786782814.596597,camera_init,-12.168449,74.286632,0.000000,-0.015749,-0.001867,0.124676,0.992071,0.250030,none,0.250
1027,1786782814.794971,camera_init,-12.017127,74.323406,0.000000,-0.012740,-0.003240,0.123992,0.992196,0.248689,none,0.250
1028,1786782814.994231,camera_init,-11.863346,74.379267,0.000000,-0.012564,0.001759,0.123146,0.992307,0.246859,none,0.250
1029,1786782815.297068,camera_init,-11.651688,74.421940,0.000000,-0.015435,0.003289,0.116524,0.993062,0.233457,none,0.250
1030,1786782815.595003,camera_init,-11.451529,74.452149,0.000000,-0.015460,-0.001940,0.110304,0.993776,0.221092,none,0.250
1031,1786782815.892856,camera_init,-11.240461,74.488043,0.000000,-0.016045,-0.008994,0.112998,0.993425,0.226759,none,0.250
1032,1786782816.097886,camera_init,-11.082558,74.529179,0.000000,-0.018247,-0.007769,0.107437,0.994014,0.215551,none,0.250
1033,1786782816.397018,camera_init,-10.870947,74.558208,0.000000,-0.012359,-0.000786,0.088115,0.996033,0.176464,none,0.250
1034,1786782816.696199,camera_init,-10.668270,74.583335,0.000000,-0.015496,-0.002913,0.061628,0.997975,0.123410,none,0.250
1035,1786782816.997760,camera_init,-10.483665,74.577837,0.000000,-0.011550,-0.008091,0.050012,0.998649,0.100256,none,0.250
1036,1786782817.297955,camera_init,-10.281721,74.587400,0.000000,-0.013497,-0.008118,0.048229,0.998712,0.096715,none,0.250
1037,1786782817.598104,camera_init,-10.067898,74.596556,0.000000,-0.013497,-0.007055,0.037622,0.999176,0.075451,none,0.250
1038,1786782817.897942,camera_init,-9.870774,74.606899,0.000000,-0.010336,-0.007887,0.033388,0.999358,0.066954,none,0.250
1039,1786782818.197934,camera_init,-9.690712,74.612094,0.000000,-0.008683,-0.003917,0.031723,0.999451,0.063524,none,0.250
1040,1786782818.498098,camera_init,-9.513787,74.619013,0.000000,-0.006762,-0.004230,0.033584,0.999404,0.067238,none,0.250
1041,1786782818.798091,camera_init,-9.363742,74.631243,0.000000,-0.009261,-0.008440,0.034328,0.999332,0.068830,none,0.250
1042,1786782819.197915,camera_init,-9.180766,74.644687,0.000000,-0.009270,-0.003834,0.036237,0.999293,0.072560,none,0.250
1043,1786782819.798036,camera_init,-9.024554,74.641538,0.000000,-0.007585,-0.005703,0.035263,0.999333,0.070629,none,0.250
1044,1786782820.497665,camera_init,-8.860740,74.657608,0.000000,-0.007492,-0.009924,0.034094,0.999341,0.068359,none,0.250
1045,1786782820.998020,camera_init,-8.703652,74.664670,0.000000,-0.009610,-0.006012,0.031927,0.999426,0.063980,none,0.250
1046,1786782821.597579,camera_init,-8.527899,74.668128,0.000000,-0.007061,-0.002864,0.036833,0.999292,0.073722,none,0.250
1047,1786782824.892617,camera_init,-8.377290,74.679827,0.000000,-0.009523,-0.000336,0.037929,0.999235,0.075879,none,0.250
1048,1786782825.594353,camera_init,-8.203401,74.718619,0.000000,-0.010074,0.003348,0.067100,0.997690,0.134229,none,0.250
1049,1786782826.095929,camera_init,-8.058700,74.788736,0.000000,-0.010359,0.007754,0.156729,0.987557,0.314615,none,0.250
1050,1786782826.595640,camera_init,-7.956710,74.904264,0.000000,-0.011973,0.004362,0.240662,0.970525,0.485986,none,0.250
1051,1786782827.097728,camera_init,-7.824904,75.016598,0.000000,-0.012788,0.002954,0.279723,0.959991,0.566914,none,0.250
1052,1786782868.397778,camera_init,-7.758389,75.050076,0.000000,-0.014399,0.003282,0.279054,0.960162,0.565497,avoid_start,0.250
1053,1786782888.898686,camera_init,-7.602192,75.127679,0.000000,-0.013259,0.004068,0.276384,0.960947,0.559938,none,0.250
1054,1786782889.296734,camera_init,-7.443932,75.212258,0.000000,-0.010895,0.009205,0.259611,0.965608,0.525103,none,0.250
1055,1786782889.697473,camera_init,-7.271816,75.294644,0.000000,-0.012874,0.005534,0.241769,0.970233,0.488238,none,0.250
1056,1786782890.098395,camera_init,-7.096722,75.360130,0.000000,-0.011753,0.000285,0.215816,0.976363,0.435021,none,0.250
1057,1786782890.398380,camera_init,-6.947526,75.390013,0.000000,-0.011088,0.000472,0.184535,0.982763,0.371167,none,0.250
1058,1786782890.698388,camera_init,-6.776077,75.440028,0.000000,-0.007285,0.002382,0.175377,0.984472,0.352538,none,0.250
1059,1786782890.998506,camera_init,-6.595216,75.505909,0.000000,-0.009293,0.003398,0.175641,0.984405,0.353046,none,0.250
1060,1786782891.298272,camera_init,-6.393264,75.577367,0.000000,-0.010052,0.002782,0.178035,0.983969,0.357913,none,0.250
1061,1786782891.598140,camera_init,-6.190927,75.664483,0.000000,-0.009859,0.004135,0.179360,0.983725,0.360588,none,0.250
1062,1786782891.898024,camera_init,-5.985539,75.729245,0.000000,-0.010842,0.010767,0.181494,0.983273,0.364836,none,0.250
1063,1786782892.198004,camera_init,-5.778225,75.779607,0.000000,-0.008009,0.007816,0.163985,0.986399,0.329359,none,0.250
1064,1786782892.498093,camera_init,-5.576852,75.828836,0.000000,-0.006564,0.004074,0.144793,0.989432,0.290558,none,0.250
1065,1786782892.798019,camera_init,-5.380182,75.882114,0.000000,-0.007148,-0.001171,0.140524,0.990051,0.281991,none,0.250
1066,1786782892.997651,camera_init,-5.216725,75.927036,0.000000,-0.006714,0.005510,0.139168,0.990231,0.279178,none,0.250
1067,1786782893.197800,camera_init,-5.059890,75.967898,0.000000,-0.006169,0.006884,0.141549,0.989888,0.283985,none,0.250
1068,1786782893.497954,camera_init,-4.841992,76.027505,0.000000,-0.005644,0.002369,0.146550,0.989184,0.294131,none,0.250
1069,1786782893.698054,camera_init,-4.700349,76.078455,0.000000,-0.008918,0.002229,0.148701,0.988840,0.298461,none,0.250
1070,1786782893.997832,camera_init,-4.481643,76.137950,0.000000,-0.007716,0.003103,0.152884,0.988209,0.306921,none,0.250
1071,1786782894.197652,camera_init,-4.335207,76.183164,0.000000,-0.009617,0.006669,0.152513,0.988232,0.306105,none,0.250
1072,1786782894.397837,camera_init,-4.185012,76.232122,0.000000,-0.010002,0.008628,0.153870,0.988003,0.308822,none,0.250
1073,1786782894.597717,camera_init,-4.027129,76.283471,0.000000,-0.007072,0.006587,0.166687,0.985962,0.334863,none,0.250
1074,1786782894.796280,camera_init,-3.875484,76.353053,0.000000,-0.008730,0.006405,0.196378,0.980468,0.395232,none,0.250
1075,1786782894.998003,camera_init,-3.742705,76.436344,0.000000,-0.008484,0.007208,0.238886,0.970984,0.482349,none,0.250
1076,1786782895.197239,camera_init,-3.608775,76.538891,0.000000,-0.008247,0.009796,0.282993,0.959036,0.573755,none,0.250
1077,1786782895.395474,camera_init,-3.498059,76.650000,0.000000,-0.009401,0.012025,0.329432,0.944056,0.671344,none,0.250
1078,1786782895.594919,camera_init,-3.382734,76.776044,0.000000,-0.014793,0.010578,0.372309,0.927930,0.762825,none,0.250
1079,1786782895.798176,camera_init,-3.273375,76.899239,0.000000,-0.013929,0.013119,0.405794,0.913764,0.835596,none,0.250
1080,1786782895.997383,camera_init,-3.180603,77.028636,0.000000,-0.016015,0.015328,0.435274,0.900025,0.900601,none,0.250
1081,1786782896.195939,camera_init,-3.090614,77.168099,0.000000,-0.014775,0.014544,0.459753,0.887805,0.955404,none,0.250
1082,1786782896.394932,camera_init,-3.000457,77.323960,0.000000,-0.014205,0.011690,0.479810,0.877180,1.000827,none,0.250
1083,1786782896.593412,camera_init,-2.921474,77.463644,0.000000,-0.014979,0.011484,0.489411,0.871849,1.022771,none,0.250
1084,1786782896.797583,camera_init,-2.842963,77.611535,0.000000,-0.015313,0.012731,0.494926,0.868707,1.035465,none,0.250
1085,1786782896.996647,camera_init,-2.757269,77.756356,0.000000,-0.015526,0.013461,0.498444,0.866678,1.043587,none,0.250
1086,1786782897.194938,camera_init,-2.663148,77.900874,0.000000,-0.017916,0.014780,0.502930,0.864015,1.053934,none,0.250
1087,1786782897.393541,camera_init,-2.573347,78.045806,0.000000,-0.019050,0.015616,0.506701,0.861770,1.062671,none,0.250
1088,1786782897.597547,camera_init,-2.479765,78.195103,0.000000,-0.019746,0.014417,0.499246,0.866115,1.045358,none,0.250
1089,1786782897.796650,camera_init,-2.365897,78.349014,0.000000,-0.018556,0.014720,0.484014,0.874740,1.010384,none,0.250
1090,1786782897.995037,camera_init,-2.245974,78.488941,0.000000,-0.017114,0.013793,0.456924,0.889234,0.948958,none,0.250
1091,1786782898.194793,camera_init,-2.116042,78.615973,0.000000,-0.014411,0.014188,0.429121,0.903021,0.886970,none,0.250
1092,1786782898.394864,camera_init,-1.984784,78.749359,0.000000,-0.016376,0.015012,0.405480,0.913834,0.834865,none,0.250
1093,1786782898.598419,camera_init,-1.839961,78.870183,0.000000,-0.015996,0.012199,0.377802,0.925668,0.774654,none,0.250
1094,1786782898.798524,camera_init,-1.689102,78.974568,0.000000,-0.016202,0.009233,0.349620,0.936706,0.714119,none,0.250
1095,1786782898.997131,camera_init,-1.544943,79.072506,0.000000,-0.019313,0.008530,0.320633,0.946968,0.652502,none,0.250
1096,1786782899.196729,camera_init,-1.389820,79.147961,0.000000,-0.014194,0.009520,0.284675,0.958472,0.577135,none,0.250
1097,1786782899.397266,camera_init,-1.212597,79.218058,0.000000,-0.016329,0.012937,0.248541,0.968397,0.502041,none,0.250
1098,1786782899.598358,camera_init,-1.044128,79.272739,0.000000,-0.012664,0.009214,0.217079,0.976028,0.437452,none,0.250
1099,1786782899.798192,camera_init,-0.856482,79.311401,0.000000,-0.009611,0.006379,0.184347,0.982794,0.370706,none,0.250
1100,1786782899.998051,camera_init,-0.682495,79.335268,0.000000,-0.010100,0.011317,0.145445,0.989250,0.291747,none,0.250
1101,1786782900.198073,camera_init,-0.515647,79.356269,0.000000,-0.006691,0.009312,0.105576,0.994345,0.211447,none,0.250
1102,1786782900.397742,camera_init,-0.361163,79.364809,0.000000,-0.006470,0.002175,0.068243,0.997645,0.136562,none,0.250
1103,1786782900.598084,camera_init,-0.190373,79.352074,0.000000,-0.004562,0.000195,0.037835,0.999274,0.075685,none,0.250
1104,1786782900.797927,camera_init,-0.035853,79.334111,0.000000,-0.003506,0.000222,0.007608,0.999965,0.015215,none,0.250
1105,1786782900.997982,camera_init,0.145053,79.310882,0.000000,-0.000477,0.000423,-0.021970,0.999758,-0.043945,none,0.250
1106,1786782901.197945,camera_init,0.312563,79.285111,0.000000,-0.003334,0.004572,-0.038148,0.999256,-0.076347,none,0.250
1107,1786782901.397999,camera_init,0.475176,79.274598,0.000000,-0.003194,0.005248,-0.040063,0.999178,-0.080183,none,0.250
1108,1786782901.597968,camera_init,0.638891,79.269766,0.000000,-0.004186,0.006031,-0.035122,0.999356,-0.070313,none,0.250
1109,1786782901.798115,camera_init,0.803429,79.257070,0.000000,-0.005841,0.002348,-0.031532,0.999483,-0.063101,none,0.250
1110,1786782901.997998,camera_init,0.959147,79.237095,0.000000,-0.004283,0.002925,-0.029172,0.999561,-0.058377,none,0.250
1111,1786782902.298036,camera_init,1.108319,79.214659,0.000000,-0.001803,0.004822,-0.036356,0.999326,-0.072747,none,0.250
1112,1786782902.698370,camera_init,1.300642,79.196901,0.000000,-0.001228,0.002541,-0.036147,0.999343,-0.072316,none,0.250
1113,1786782902.998062,camera_init,1.452992,79.177724,0.000000,-0.005434,-0.002459,-0.036900,0.999301,-0.073789,none,0.250
1114,1786782933.598198,camera_init,1.609906,79.172022,0.000000,-0.004132,-0.001772,-0.035177,0.999371,-0.070354,none,0.250
1115,1786782933.998019,camera_init,1.809749,79.165900,0.000000,-0.003940,0.002595,-0.019955,0.999790,-0.039933,none,0.250
1116,1786782934.297777,camera_init,1.964367,79.199859,0.000000,-0.004845,0.004273,0.043862,0.999017,0.087712,none,0.250
1117,1786782934.597899,camera_init,2.141628,79.214859,0.000000,-0.004318,0.008075,0.055485,0.998418,0.110967,none,0.250
1118,1786782934.897998,camera_init,2.333279,79.242649,0.000000,-0.006574,0.007429,0.064238,0.997885,0.128476,none,0.250
1119,1786782935.197747,camera_init,2.529181,79.282664,0.000000,-0.007976,0.003071,0.112727,0.993589,0.225883,none,0.250
1120,1786782935.497500,camera_init,2.704170,79.334401,0.000000,-0.006988,-0.003634,0.133356,0.991037,0.267556,none,0.250
1121,1786782935.797713,camera_init,2.892188,79.394751,0.000000,-0.008016,-0.000168,0.153026,0.988190,0.307253,none,0.250
1122,1786782936.095897,camera_init,3.067603,79.492456,0.000000,-0.012363,0.005422,0.209578,0.977699,0.422153,none,0.250
1123,1786782936.397187,camera_init,3.247419,79.569716,0.000000,-0.010873,0.006405,0.217029,0.976084,0.437416,none,0.250
1124,1786782936.598229,camera_init,3.380163,79.639953,0.000000,-0.014857,0.007580,0.239577,0.970734,0.483654,none,0.250
1125,1786782936.896936,camera_init,3.545610,79.730247,0.000000,-0.011923,0.006436,0.254740,0.966915,0.515023,none,0.250
1126,1786782937.095201,camera_init,3.708287,79.817651,0.000000,-0.012911,0.009250,0.261431,0.965091,0.528830,none,0.250
1127,1786782937.293850,camera_init,3.881104,79.919530,0.000000,-0.010876,0.005182,0.265949,0.963912,0.538272,none,0.250
1128,1786782937.498127,camera_init,4.084234,80.033574,0.000000,-0.010460,0.008436,0.260507,0.965378,0.526972,none,0.250
1129,1786782937.697256,camera_init,4.294106,80.123978,0.000000,-0.008224,0.009259,0.240065,0.970678,0.484778,none,0.250
1130,1786782937.895393,camera_init,4.488883,80.214799,0.000000,-0.010240,0.007924,0.237243,0.971364,0.478931,none,0.250
1131,1786782938.094159,camera_init,4.694101,80.308388,0.000000,-0.011024,0.007055,0.237144,0.971386,0.478721,none,0.250
1132,1786782938.298847,camera_init,4.896335,80.414167,0.000000,-0.014356,0.008860,0.238740,0.970937,0.481922,none,0.250
1133,1786782938.497217,camera_init,5.090832,80.520709,0.000000,-0.010508,0.007698,0.242891,0.969966,0.490565,none,0.250
1134,1786782938.695682,camera_init,5.280331,80.631516,0.000000,-0.013805,0.004698,0.248003,0.968649,0.501097,none,0.250
1135,1786782938.897070,camera_init,5.488333,80.733063,0.000000,-0.012159,0.006849,0.250296,0.968069,0.505827,none,0.250
1136,1786782939.096314,camera_init,5.704942,80.831060,0.000000,-0.012604,0.009863,0.247015,0.968880,0.499014,none,0.250
1137,1786782939.297223,camera_init,5.898697,80.935077,0.000000,-0.012223,0.001777,0.249131,0.968391,0.503496,none,0.250
1138,1786782939.498796,camera_init,6.100330,81.038962,0.000000,-0.010271,0.005957,0.248511,0.968556,0.502181,none,0.250
1139,1786782939.698258,camera_init,6.303875,81.142921,0.000000,-0.010188,0.006948,0.249992,0.968169,0.505233,none,0.250
1140,1786782939.896679,camera_init,6.502925,81.256384,0.000000,-0.012243,0.006852,0.253856,0.967140,0.513185,none,0.250
1141,1786782940.098146,camera_init,6.704439,81.362613,0.000000,-0.015941,0.006285,0.259073,0.965706,0.523922,none,0.250
1142,1786782940.298248,camera_init,6.907057,81.475370,0.000000,-0.011105,0.008996,0.261973,0.964969,0.529994,none,0.250
1143,1786782940.498402,camera_init,7.108725,81.573449,0.000000,-0.007774,0.008085,0.259505,0.965677,0.524947,none,0.250
1144,1786782940.698385,camera_init,7.310925,81.681058,0.000000,-0.008884,0.008252,0.258927,0.965821,0.523730,none,0.250
1145,1786782940.898319,camera_init,7.506299,81.792486,0.000000,-0.013428,0.005857,0.262118,0.964925,0.530280,none,0.250
1146,1786782941.098259,camera_init,7.700875,81.901838,0.000000,-0.012574,0.001822,0.263998,0.964440,0.534256,none,0.250
1147,1786782941.298328,camera_init,7.899603,82.015632,0.000000,-0.013092,0.002105,0.266256,0.963811,0.538928,none,0.250
1148,1786782941.498267,camera_init,8.082381,82.121580,0.000000,-0.015298,0.010178,0.262957,0.964633,0.531928,none,0.250
1149,1786782941.898062,camera_init,8.227086,82.194216,0.000000,-0.013101,0.007207,0.261029,0.965215,0.528013,none,0.250
1150,1786782953.598216,camera_init,8.367356,82.270934,0.000000,-0.012901,0.007010,0.259678,0.965584,0.525219,none,0.250
1151,1786782954.497863,camera_init,8.513425,82.338633,0.000000,-0.011020,0.007141,0.256711,0.966399,0.519109,none,0.250
1152,1786782955.199014,camera_init,8.644759,82.420414,0.000000,-0.010056,0.006595,0.260462,0.965409,0.526896,none,0.250
1153,1786782955.698874,camera_init,8.786957,82.497752,0.000000,-0.010475,0.002911,0.259866,0.965583,0.525695,none,0.250
1154,1786782956.198666,camera_init,8.960555,82.574111,0.000000,-0.012836,0.003265,0.242005,0.970185,0.488761,none,0.250
1155,1786782956.598680,camera_init,9.114258,82.625580,0.000000,-0.010103,0.008259,0.216085,0.976287,0.435478,none,0.250
1156,1786782957.098363,camera_init,9.277655,82.660799,0.000000,-0.010068,0.003780,0.171706,0.985090,0.345040,none,0.250
1157,1786782957.597037,camera_init,9.444223,82.713861,0.000000,-0.009208,0.004165,0.165053,0.986233,0.331545,none,0.250
1158,1786782958.096728,camera_init,9.615062,82.760734,0.000000,-0.011386,0.004675,0.151297,0.988412,0.303650,none,0.250
1159,1786782958.596290,camera_init,9.791065,82.794394,0.000000,-0.010770,-0.000852,0.130643,0.991371,0.262039,none,0.250
1160,1786782959.096015,camera_init,9.965310,82.809408,0.000000,-0.010547,-0.000195,0.088713,0.996001,0.177653,none,0.250
1161,1786782959.595997,camera_init,10.126857,82.817741,0.000000,-0.010055,-0.001252,0.068088,0.997628,0.136300,none,0.250
1162,1786782959.998090,camera_init,10.312112,82.832467,0.000000,-0.005666,0.001060,0.060570,0.998147,0.121200,none,0.250
1163,1786782960.297384,camera_init,10.486571,82.848870,0.000000,-0.006814,-0.001465,0.060800,0.998126,0.121693,none,0.250
1164,1786782960.597703,camera_init,10.654514,82.864308,0.000000,-0.006836,0.001180,0.058629,0.998256,0.117307,none,0.250
1165,1786782960.898132,camera_init,10.838189,82.881331,0.000000,-0.006918,0.002747,0.059501,0.998201,0.119032,none,0.250
1166,1786782961.197896,camera_init,11.033496,82.909738,0.000000,-0.008435,0.003463,0.063217,0.997958,0.126458,none,0.250
1167,1786782961.497982,camera_init,11.227709,82.936094,0.000000,-0.006726,0.002860,0.068634,0.997615,0.137336,none,0.250
1168,1786782961.797969,camera_init,11.422569,82.955118,0.000000,-0.009634,0.001400,0.069224,0.997554,0.138526,none,0.250
1169,1786782962.097851,camera_init,11.589588,82.963005,0.000000,-0.010565,0.005193,0.056634,0.998326,0.113217,none,0.250
1170,1786782962.397918,camera_init,11.761520,82.962766,0.000000,-0.009856,0.003908,0.033490,0.999383,0.066914,none,0.250
1171,1786782962.797965,camera_init,11.953715,82.927644,0.000000,-0.007501,0.001785,-0.013282,0.999882,-0.026591,none,0.250
1172,1786782963.198306,camera_init,12.128261,82.919598,0.000000,-0.004404,0.001020,-0.029174,0.999564,-0.058365,none,0.250
1173,1786782963.598042,camera_init,12.280714,82.906453,0.000000,-0.010887,0.000867,-0.037852,0.999224,-0.075736,none,0.250
1174,1786783001.196576,camera_init,12.298179,82.907413,0.000000,-0.011614,0.001217,-0.031521,0.999435,-0.063076,avoid_end,0.250
1175,1786783012.898157,camera_init,12.467772,82.892482,0.000000,-0.006238,-0.007350,-0.028167,0.999557,-0.056253,none,0.250
1176,1786783013.597955,camera_init,12.636293,82.884659,0.000000,-0.009425,-0.001645,-0.023501,0.999678,-0.046974,none,0.250
1177,1786783014.198871,camera_init,12.804699,82.882817,0.000000,-0.009489,-0.001090,-0.008263,0.999920,-0.016505,none,0.250
1178,1786783014.798720,camera_init,12.959937,82.890935,0.000000,-0.007887,0.001178,0.019752,0.999773,0.039486,none,0.250
1179,1786783015.398432,camera_init,13.130528,82.906971,0.000000,-0.009137,0.003136,0.027732,0.999569,0.055413,none,0.250
1180,1786783016.098439,camera_init,13.299282,82.915195,0.000000,-0.007931,-0.000116,0.038542,0.999225,0.077103,none,0.250
1181,1786783016.598186,camera_init,13.472569,82.916348,0.000000,-0.007234,-0.006090,0.041746,0.999083,0.083607,none,0.250
1182,1786783016.998062,camera_init,13.632703,82.928484,0.000000,-0.007350,-0.001824,0.035125,0.999354,0.070289,none,0.250
1183,1786783017.398073,camera_init,13.808752,82.934431,0.000000,-0.008151,0.000964,0.036488,0.999300,0.072973,none,0.250
1184,1786783017.898072,camera_init,13.977194,82.924819,0.000000,-0.009497,0.000922,0.016636,0.999816,0.033255,none,0.250
1185,1786783018.297879,camera_init,14.141163,82.924182,0.000000,-0.006007,-0.003550,0.013459,0.999885,0.026961,none,0.250
1186,1786783018.595927,camera_init,14.310020,82.923558,0.000000,-0.007574,-0.004718,0.013078,0.999875,0.026229,none,0.250
1187,1786783018.897264,camera_init,14.492407,82.934477,0.000000,-0.004182,0.000422,0.016197,0.999860,0.032392,none,0.250
1188,1786783019.197697,camera_init,14.654102,82.934607,0.000000,-0.003074,0.004882,0.018204,0.999818,0.036382,none,0.250
1189,1786783019.497987,camera_init,14.830965,82.945537,0.000000,-0.006444,0.005623,0.022321,0.999714,0.044575,none,0.250
1190,1786783019.898184,camera_init,15.026336,82.942858,0.000000,-0.005701,0.005433,0.025869,0.999634,0.051683,none,0.250
1191,1786783020.196898,camera_init,15.177144,82.945067,0.000000,-0.004570,0.000912,0.024509,0.999689,0.049015,none,0.250
1192,1786783020.497657,camera_init,15.331367,82.954771,0.000000,-0.004349,-0.002285,0.025638,0.999659,0.051302,none,0.250
1193,1786783020.897513,camera_init,15.526541,82.958736,0.000000,-0.006996,-0.004850,0.026198,0.999621,0.052470,none,0.250
1194,1786783021.198045,camera_init,15.684777,82.954959,0.000000,-0.006413,-0.002962,0.025055,0.999661,0.050153,none,0.250
1195,1786783021.497159,camera_init,15.842343,82.946953,0.000000,-0.002533,0.001787,0.019848,0.999798,0.039690,none,0.250
1196,1786783021.797256,camera_init,15.992096,82.959556,0.000000,-0.004326,-0.001909,0.021342,0.999761,0.042703,none,0.250
1197,1786783022.098045,camera_init,16.156344,82.953146,0.000000,-0.004232,-0.003919,0.012496,0.999905,0.025026,none,0.250
1198,1786783022.498782,camera_init,16.357642,82.962005,0.000000,-0.002580,-0.000666,0.014921,0.999885,0.029846,none,0.250
1199,1786783022.798758,camera_init,16.508052,82.951859,0.000000,-0.003500,0.002785,0.015124,0.999876,0.030230,none,0.250
1200,1786783023.098681,camera_init,16.660848,82.950337,0.000000,-0.000591,0.004144,0.007511,0.999963,0.015017,none,0.250
1201,1786783023.498426,camera_init,16.861193,82.939719,0.000000,0.002993,0.003268,-0.010683,0.999933,-0.021348,none,0.250
1202,1786783023.798468,camera_init,17.010126,82.915526,0.000000,-0.000832,-0.002219,-0.027073,0.999631,-0.054149,none,0.250
1203,1786783024.198496,camera_init,17.206530,82.899830,0.000000,-0.004009,-0.000341,-0.043024,0.999066,-0.086071,none,0.250
1204,1786783024.498266,camera_init,17.355744,82.875877,0.000000,-0.003258,-0.001369,-0.054250,0.998521,-0.108544,none,0.250
1205,1786783024.898255,camera_init,17.550524,82.847050,0.000000,-0.004867,0.000343,-0.057516,0.998333,-0.115098,none,0.250
1206,1786783025.298135,camera_init,17.743635,82.818912,0.000000,-0.002164,-0.002261,-0.055072,0.998478,-0.110190,none,0.250
1207,1786783025.698176,camera_init,17.937487,82.801546,0.000000,-0.004219,-0.002091,-0.040968,0.999149,-0.081941,none,0.250
1208,1786783026.098045,camera_init,18.132423,82.786729,0.000000,-0.002913,0.000660,-0.022048,0.999752,-0.044103,none,0.250
1209,1786783026.498001,camera_init,18.310808,82.776009,0.000000,-0.003165,0.004100,-0.012602,0.999907,-0.025232,none,0.250
1210,1786783026.897845,camera_init,18.499180,82.791612,0.000000,-0.003285,0.000122,0.003978,0.999987,0.007956,none,0.250
1211,1786783027.298076,camera_init,18.678140,82.806831,0.000000,-0.006475,-0.001741,0.028499,0.999571,0.057027,none,0.250
1212,1786783027.697923,camera_init,18.841295,82.803258,0.000000,-0.006232,-0.002523,0.031296,0.999488,0.062632,none,0.250
1213,1786783028.097504,camera_init,19.008256,82.785905,0.000000,-0.006055,0.000436,0.003629,0.999975,0.007252,none,0.250
1214,1786783028.498284,camera_init,19.166007,82.774080,0.000000,-0.000446,0.007646,-0.010604,0.999914,-0.021218,none,0.250
1215,1786783028.997467,camera_init,19.325233,82.753301,0.000000,-0.002794,0.005407,-0.016192,0.999850,-0.032416,none,0.250
1216,1786783029.497762,camera_init,19.479076,82.759970,0.000000,-0.002047,0.002745,-0.014866,0.999884,-0.029745,none,0.250
1217,1786783030.197921,camera_init,19.653661,82.750058,0.000000,-0.003958,-0.001732,-0.012416,0.999914,-0.024819,none,0.250
1218,1786783030.798820,camera_init,19.819287,82.748956,0.000000,-0.005221,0.018827,-0.010225,0.999757,-0.020657,none,0.250
1219,1786783031.698672,camera_init,19.980539,82.731435,0.000000,-0.004029,0.028937,-0.010461,0.999518,-0.021182,none,0.250
