seq,stamp,frame_id,x,y,z,qx,qy,qz,qw,yaw,task,tol
0,1776948995.152663,camera_init,-0.008024,1.159228,0.000000,-0.000312,-0.000688,0.015055,0.999886,0.030111,none,0.300
1,1776949013.752902,camera_init,0.328204,1.181890,0.000000,-0.000466,-0.002462,0.022722,0.999739,0.045451,none,0.300
2,1776949014.552824,camera_init,0.656530,1.188479,0.000000,0.000407,-0.002050,0.030213,0.999541,0.060433,none,0.300
3,1776949015.251270,camera_init,0.970642,1.211376,0.000000,-0.001235,-0.001287,0.034132,0.999416,0.068281,none,0.300
4,1776949016.051749,camera_init,1.304116,1.235096,0.000000,0.000923,-0.001307,0.035579,0.999366,0.071170,none,0.300
5,1776949016.941888,camera_init,1.612078,1.249243,0.000000,-0.001905,-0.001546,0.038621,0.999251,0.077267,none,0.300
6,1776949017.847651,camera_init,1.937072,1.288856,0.000000,-0.000503,-0.002038,0.044133,0.999023,0.088297,none,0.300
7,1776949018.852915,camera_init,2.271198,1.307577,0.000000,-0.004293,-0.001976,0.052498,0.998610,0.105060,none,0.300
8,1776949019.752962,camera_init,2.584005,1.340364,0.000000,-0.001138,0.000329,0.025364,0.999678,0.050733,none,0.300
9,1776949020.753006,camera_init,2.898692,1.323919,0.000000,0.003077,-0.002065,-0.013042,0.999908,-0.026097,none,0.300
10,1776949022.052987,camera_init,3.202137,1.303801,0.000000,0.002411,-0.003141,-0.042929,0.999070,-0.085900,none,0.300
11,1776949023.053001,camera_init,3.526047,1.267251,0.000000,0.004606,-0.004898,-0.053400,0.998551,-0.106898,none,0.300
12,1776949023.953010,camera_init,3.862650,1.220240,0.000000,0.002332,-0.004475,-0.049271,0.998773,-0.098606,none,0.300
13,1776949024.751848,camera_init,4.187577,1.204781,0.000000,0.003181,-0.005433,-0.042680,0.999069,-0.085424,none,0.300
14,1776949025.552542,camera_init,4.515673,1.168655,0.000000,0.004896,-0.002444,-0.045627,0.998944,-0.091310,none,0.300
15,1776949026.235648,camera_init,4.823153,1.147963,0.000000,0.004540,-0.005872,-0.042654,0.999062,-0.085391,none,0.300
16,1776949027.041864,camera_init,5.155857,1.117232,0.000000,0.002599,-0.000453,-0.035714,0.999359,-0.071446,none,0.300
17,1776949027.748901,camera_init,5.466179,1.103206,0.000000,0.001072,-0.004899,-0.027397,0.999612,-0.054813,none,0.300
18,1776949028.450973,camera_init,5.791841,1.083269,0.000000,0.000958,-0.006082,-0.020642,0.999768,-0.041300,none,0.300
19,1776949029.052887,camera_init,6.093476,1.064470,0.000000,0.001187,-0.003587,-0.018478,0.999822,-0.036968,none,0.300
20,1776949029.752866,camera_init,6.417032,1.059641,0.000000,-0.003359,-0.006749,-0.014896,0.999861,-0.029750,none,0.300
21,1776949030.352863,camera_init,6.729539,1.058146,0.000000,-0.003448,-0.004930,-0.008269,0.999948,-0.016505,none,0.300
22,1776949030.952852,camera_init,7.040136,1.060196,0.000000,-0.003130,-0.005436,-0.002396,0.999977,-0.004758,none,0.300
23,1776949031.650785,camera_init,7.373797,1.037409,0.000000,-0.005273,-0.003256,0.004648,0.999970,0.009331,none,0.300
24,1776949032.252751,camera_init,7.683339,1.050635,0.000000,-0.003762,-0.001472,0.008027,0.999960,0.016066,none,0.300
25,1776949032.853021,camera_init,7.996561,1.051954,0.000000,-0.001660,-0.002573,0.008614,0.999958,0.017238,none,0.300
26,1776949033.552881,camera_init,8.349636,1.050253,0.000000,0.001415,-0.012935,0.011476,0.999849,0.022922,none,0.300
27,1776949034.152653,camera_init,8.653642,1.083772,0.000000,-0.003303,-0.015221,0.020569,0.999667,0.041256,none,0.300
28,1776949034.751733,camera_init,8.972605,1.086605,0.000000,-0.005516,-0.012724,0.028703,0.999492,0.057567,none,0.300
29,1776949035.319581,camera_init,9.283367,1.104979,0.000000,-0.007502,-0.017859,0.034155,0.999229,0.068622,none,0.300
30,1776949036.026870,camera_init,9.634079,1.128003,0.000000,-0.010646,-0.011625,0.039100,0.999111,0.078479,none,0.300
31,1776949036.633605,camera_init,9.952461,1.155662,0.000000,-0.009249,-0.011386,0.033619,0.999327,0.067470,none,0.300
32,1776949037.238841,camera_init,10.298181,1.176328,0.000000,-0.010610,-0.011316,0.031891,0.999371,0.064040,none,0.300
33,1776949037.845556,camera_init,10.622265,1.198853,0.000000,-0.011395,-0.011269,0.034469,0.999277,0.069216,none,0.300
34,1776949038.450827,camera_init,10.931586,1.220757,0.000000,-0.009015,-0.010307,0.035310,0.999283,0.070828,none,0.300
35,1776949039.052984,camera_init,11.279543,1.235233,0.000000,-0.007419,-0.014292,0.036783,0.999194,0.073814,none,0.300
36,1776949039.652985,camera_init,11.604300,1.266153,0.000000,-0.006361,-0.009883,0.042325,0.999035,0.084812,none,0.300
37,1776949040.253037,camera_init,11.921132,1.289649,0.000000,-0.007055,-0.008544,0.048211,0.998776,0.096587,none,0.300
38,1776949040.852809,camera_init,12.222626,1.307556,0.000000,-0.005080,-0.008148,0.030110,0.999500,0.060317,none,0.300
39,1776949041.452813,camera_init,12.568301,1.323159,0.000000,-0.000670,-0.009851,0.012800,0.999869,0.025617,none,0.300
40,1776949042.049105,camera_init,12.886526,1.327973,0.000000,0.000520,-0.012473,-0.000619,0.999922,-0.001251,none,0.300
41,1776949042.652974,camera_init,13.200127,1.325608,0.000000,0.001068,-0.010096,-0.000015,0.999948,-0.000052,none,0.300
42,1776949043.252938,camera_init,13.548127,1.334266,0.000000,-0.001118,-0.011656,0.009009,0.999891,0.018049,none,0.300
43,1776949043.852997,camera_init,13.878627,1.348473,0.000000,-0.000530,-0.012977,0.015307,0.999798,0.030637,none,0.300
44,1776949044.452824,camera_init,14.194861,1.356771,0.000000,0.001890,-0.011666,0.017469,0.999778,0.034904,none,0.300
45,1776949045.051454,camera_init,14.508079,1.361585,0.000000,-0.000973,-0.012706,0.016609,0.999781,0.033253,none,0.300
46,1776949045.649508,camera_init,14.856125,1.377790,0.000000,0.002200,-0.011065,0.023147,0.999668,0.046258,none,0.300
47,1776949046.152393,camera_init,15.159483,1.382676,0.000000,0.000138,-0.011825,0.030962,0.999451,0.061944,none,0.300
48,1776949046.748400,camera_init,15.515604,1.413362,0.000000,-0.002741,-0.012913,0.040487,0.999093,0.081086,none,0.300
49,1776949047.350340,camera_init,15.875020,1.478055,0.000000,-0.002748,-0.010108,0.046108,0.998882,0.092317,none,0.300
50,1776949047.852945,camera_init,16.182087,1.485992,0.000000,-0.003238,-0.010851,0.047950,0.998786,0.096022,none,0.300
51,1776949048.452955,camera_init,16.510811,1.501630,0.000000,-0.000313,-0.013315,0.052290,0.998543,0.104664,none,0.300
52,1776949049.051141,camera_init,16.858612,1.546057,0.000000,-0.004728,-0.016034,0.060137,0.998050,0.120542,none,0.300
53,1776949049.552907,camera_init,17.165722,1.606282,0.000000,-0.003711,-0.012952,0.067615,0.997620,0.135462,none,0.300
54,1776949050.152976,camera_init,17.515819,1.635518,0.000000,-0.001691,-0.010411,0.066370,0.997739,0.132893,none,0.300
55,1776949050.752919,camera_init,17.859899,1.658599,0.000000,-0.001904,-0.010103,0.033664,0.999380,0.067389,none,0.300
56,1776949051.252838,camera_init,18.188197,1.648024,0.000000,0.001796,-0.013390,-0.009541,0.999863,-0.019135,none,0.300
57,1776949051.852756,camera_init,18.535458,1.619618,0.000000,0.004064,-0.011093,-0.039049,0.999167,-0.078222,none,0.300
58,1776949052.352969,camera_init,18.853565,1.609425,0.000000,0.003774,-0.013382,-0.036060,0.999253,-0.072256,none,0.300
59,1776949052.952926,camera_init,19.208207,1.592102,0.000000,0.002933,-0.013470,-0.034312,0.999316,-0.068734,none,0.300
60,1776949053.552706,camera_init,19.566039,1.562291,0.000000,-0.000268,-0.014541,-0.034364,0.999304,-0.068756,none,0.300
61,1776949054.152898,camera_init,19.907439,1.536095,0.000000,-0.001258,-0.013515,-0.027549,0.999528,-0.055086,none,0.300
62,1776949054.651753,camera_init,20.217964,1.521406,0.000000,-0.002280,-0.015029,-0.021913,0.999644,-0.043775,none,0.300
63,1776949055.152806,camera_init,20.526009,1.501250,0.000000,0.000406,-0.013642,-0.015230,0.999791,-0.030481,none,0.300
64,1776949055.651249,camera_init,20.837596,1.500957,0.000000,0.002910,-0.010612,-0.014348,0.999837,-0.028764,none,0.300
65,1776949056.137145,camera_init,21.149130,1.487032,0.000000,0.002797,-0.012908,-0.010330,0.999859,-0.020737,none,0.300
66,1776949056.639219,camera_init,21.455941,1.493740,0.000000,-0.001222,-0.015818,-0.004747,0.999863,-0.009460,none,0.300
67,1776949057.247103,camera_init,21.823172,1.489899,0.000000,-0.004999,-0.015270,0.003818,0.999864,0.007791,none,0.300
68,1776949057.749117,camera_init,22.137574,1.503897,0.000000,-0.004789,-0.013838,0.014417,0.999789,0.028976,none,0.300
69,1776949058.251682,camera_init,22.456228,1.510225,0.000000,-0.003717,-0.014487,0.015744,0.999764,0.031607,none,0.300
70,1776949058.752431,camera_init,22.781002,1.495926,0.000000,-0.006649,-0.015735,0.018970,0.999674,0.038165,none,0.300
71,1776949059.251385,camera_init,23.085785,1.519306,0.000000,-0.006361,-0.011919,0.024229,0.999615,0.048624,none,0.300
72,1776949059.752868,camera_init,23.406891,1.553905,0.000000,-0.005812,-0.014202,0.041635,0.999015,0.083482,none,0.300
73,1776949060.252811,camera_init,23.745336,1.608368,0.000000,-0.010483,-0.013899,0.074429,0.997074,0.149319,none,0.300
74,1776949060.852783,camera_init,24.098393,1.685272,0.000000,-0.010509,-0.009626,0.119456,0.992737,0.239701,none,0.300
75,1776949061.352834,camera_init,24.418993,1.788010,0.000000,-0.012140,-0.011409,0.167563,0.985721,0.337017,none,0.300
76,1776949061.851579,camera_init,24.710940,1.912208,0.000000,-0.012533,-0.007458,0.209537,0.977692,0.422378,none,0.300
77,1776949062.352818,camera_init,24.985866,2.072601,0.000000,-0.017689,-0.008470,0.253236,0.967206,0.512291,none,0.300
78,1776949062.852685,camera_init,25.233952,2.255035,0.000000,-0.021638,-0.007829,0.286542,0.957791,0.581450,none,0.300
79,1776949063.352839,camera_init,25.519254,2.426002,0.000000,-0.022170,-0.011219,0.298769,0.954002,0.607198,none,0.300
80,1776949063.852611,camera_init,25.781130,2.599998,0.000000,-0.022510,-0.008665,0.303058,0.952667,0.616053,none,0.300
81,1776949064.352834,camera_init,26.032601,2.801911,0.000000,-0.022840,-0.005851,0.308474,0.950940,0.627288,none,0.300
82,1776949064.852271,camera_init,26.284438,3.008637,0.000000,-0.025173,-0.007907,0.315376,0.948600,0.641913,none,0.300
83,1776949065.352752,camera_init,26.555986,3.209386,0.000000,-0.026303,-0.006769,0.321877,0.946392,0.655563,none,0.300
84,1776949065.849150,camera_init,26.815737,3.402398,0.000000,-0.024048,-0.009457,0.326598,0.944810,0.665690,none,0.300
85,1776949066.334813,camera_init,27.074255,3.614806,0.000000,-0.024270,-0.009518,0.328678,0.944082,0.670096,none,0.300
86,1776949066.843093,camera_init,27.325509,3.811210,0.000000,-0.027677,-0.010559,0.336080,0.941367,0.685855,none,0.300
87,1776949067.351063,camera_init,27.591652,4.018876,0.000000,-0.028069,-0.008810,0.341873,0.939285,0.698057,none,0.300
88,1776949067.848603,camera_init,27.834596,4.252460,0.000000,-0.027116,-0.008129,0.346633,0.937573,0.708155,none,0.300
89,1776949068.352541,camera_init,28.099923,4.459924,0.000000,-0.025137,-0.006916,0.332140,0.942870,0.677287,none,0.300
90,1776949068.852789,camera_init,28.359833,4.649973,0.000000,-0.022244,-0.005398,0.299058,0.953960,0.607506,none,0.300
91,1776949069.351774,camera_init,28.643557,4.789010,0.000000,-0.020536,-0.006856,0.247058,0.968759,0.499473,none,0.300
92,1776949069.852815,camera_init,28.934690,4.930075,0.000000,-0.017988,-0.005590,0.214420,0.976560,0.432335,none,0.300
93,1776949070.352784,camera_init,29.224243,5.094581,0.000000,-0.016038,-0.007672,0.212280,0.977047,0.428024,none,0.300
94,1776949070.852702,camera_init,29.539319,5.217747,0.000000,-0.014070,-0.005611,0.207342,0.978151,0.417839,none,0.300
95,1776949071.349816,camera_init,29.844447,5.324077,0.000000,-0.017095,-0.011494,0.202459,0.979074,0.408122,none,0.300
96,1776949071.852851,camera_init,30.156145,5.448462,0.000000,-0.017794,-0.015254,0.184146,0.982619,0.370984,none,0.300
97,1776949072.350346,camera_init,30.446591,5.560936,0.000000,-0.011956,-0.012872,0.149687,0.988577,0.300851,none,0.300
98,1776949072.852705,camera_init,30.749234,5.649138,0.000000,-0.010580,-0.011515,0.122517,0.992343,0.245923,none,0.300
99,1776949073.352792,camera_init,31.088124,5.692349,0.000000,-0.007611,-0.011879,0.091228,0.995730,0.182922,none,0.300
100,1776949073.852746,camera_init,31.398650,5.722226,0.000000,-0.003885,-0.016797,0.045472,0.998817,0.091143,none,0.300
101,1776949074.352694,camera_init,31.728378,5.716931,0.000000,0.003018,-0.013429,-0.018525,0.999734,-0.037143,none,0.300
102,1776949074.852752,camera_init,32.026528,5.667310,0.000000,0.005680,-0.013714,-0.064724,0.997793,-0.129727,none,0.300
103,1776949075.349652,camera_init,32.342951,5.631708,0.000000,0.005181,-0.012907,-0.053733,0.998458,-0.107677,none,0.300
104,1776949075.852632,camera_init,32.654262,5.605072,0.000000,0.003705,-0.013068,-0.031252,0.999419,-0.062626,none,0.300
105,1776949076.348975,camera_init,32.958857,5.586761,0.000000,0.002927,-0.016011,-0.038843,0.999113,-0.077829,none,0.300
106,1776949076.851146,camera_init,33.271989,5.541504,0.000000,0.005532,-0.014869,-0.043472,0.998929,-0.087163,none,0.300
107,1776949077.352584,camera_init,33.582060,5.506483,0.000000,0.007189,-0.016404,-0.061367,0.997955,-0.123091,none,0.300
108,1776949077.950631,camera_init,33.931071,5.419995,0.000000,0.007693,-0.023138,-0.105701,0.994099,-0.212310,none,0.300
109,1776949078.452708,camera_init,34.218218,5.332143,0.000000,0.015919,-0.020194,-0.167364,0.985560,-0.337082,none,0.300
110,1776949078.952697,camera_init,34.482194,5.189075,0.000000,0.017919,-0.021082,-0.227638,0.973353,-0.460215,none,0.300
111,1776949079.552367,camera_init,34.796476,5.025872,0.000000,0.019427,-0.017495,-0.215813,0.976085,-0.435785,none,0.300
112,1776949080.152794,camera_init,35.075177,4.911982,0.000000,0.021271,-0.008680,-0.212069,0.976985,-0.427677,none,0.300
113,1776949092.251537,camera_init,35.075303,4.917374,0.000000,0.019570,-0.015221,-0.211502,0.977063,-0.426835,stop_10s,0.300
114,1776949103.952571,camera_init,35.345218,4.773301,0.000000,0.018380,-0.016012,-0.206619,0.978118,-0.416867,none,0.300
115,1776949104.752778,camera_init,35.650830,4.678144,0.000000,0.017530,-0.015132,-0.197621,0.980005,-0.398427,none,0.300
116,1776949105.451434,camera_init,35.944696,4.525165,0.000000,0.020688,-0.014672,-0.196597,0.980156,-0.396379,none,0.300
117,1776949106.151398,camera_init,36.255734,4.394823,0.000000,0.015844,-0.013120,-0.190691,0.981435,-0.384170,none,0.300
118,1776949106.747182,camera_init,36.543739,4.281035,0.000000,0.017294,-0.013875,-0.186681,0.982170,-0.376067,none,0.300
119,1776949107.349305,camera_init,36.858417,4.161773,0.000000,0.016171,-0.018626,-0.180170,0.983326,-0.363023,none,0.300
120,1776949107.951242,camera_init,37.169072,4.027356,0.000000,0.013925,-0.014440,-0.167997,0.985583,-0.338048,none,0.300
121,1776949108.550945,camera_init,37.474828,3.931500,0.000000,0.015904,-0.012575,-0.167050,0.985740,-0.336090,none,0.300
122,1776949109.152686,camera_init,37.806839,3.815944,0.000000,0.011900,-0.013495,-0.168953,0.985460,-0.339907,none,0.300
123,1776949109.752426,camera_init,38.130758,3.721796,0.000000,0.017734,-0.014373,-0.174620,0.984371,-0.351574,none,0.300
124,1776949110.252664,camera_init,38.407447,3.583724,0.000000,0.014897,-0.016540,-0.178975,0.983602,-0.360458,none,0.300
125,1776949110.752758,camera_init,38.711456,3.474207,0.000000,0.015132,-0.015738,-0.172959,0.984687,-0.348205,none,0.300
126,1776949111.352765,camera_init,39.015160,3.351154,0.000000,0.014736,-0.018129,-0.171893,0.984839,-0.346138,none,0.300
127,1776949111.850380,camera_init,39.302333,3.261461,0.000000,0.012174,-0.013252,-0.170677,0.985163,-0.343404,none,0.300
128,1776949112.352715,camera_init,39.621927,3.147062,0.000000,0.013996,-0.013551,-0.177359,0.983953,-0.357024,none,0.300
129,1776949112.952688,camera_init,39.962716,3.012587,0.000000,0.013590,-0.014357,-0.174364,0.984483,-0.350963,none,0.300
130,1776949113.452690,camera_init,40.255618,2.925433,0.000000,0.011667,-0.013248,-0.168564,0.985533,-0.339103,none,0.300
131,1776949114.052699,camera_init,40.573533,2.796805,0.000000,0.012070,-0.015080,-0.164671,0.986159,-0.331282,none,0.300
132,1776949114.552537,camera_init,40.877866,2.696848,0.000000,0.011827,-0.015413,-0.161518,0.986678,-0.324896,none,0.300
133,1776949115.052309,camera_init,41.185739,2.591506,0.000000,0.013562,-0.017215,-0.159444,0.986964,-0.320811,none,0.300
134,1776949115.650586,camera_init,41.500938,2.494991,0.000000,0.011355,-0.015647,-0.150192,0.988468,-0.301955,none,0.300
135,1776949116.152700,camera_init,41.800940,2.397720,0.000000,0.010045,-0.009562,-0.143607,0.989538,-0.288419,none,0.300
136,1776949116.650280,camera_init,42.091293,2.309390,0.000000,0.011554,-0.013998,-0.140140,0.989965,-0.281581,none,0.300
137,1776949117.252151,camera_init,42.409064,2.225405,0.000000,0.010702,-0.015644,-0.136242,0.990494,-0.273740,none,0.300
138,1776949117.748483,camera_init,42.705768,2.140171,0.000000,0.011299,-0.014825,-0.133710,0.990845,-0.268618,none,0.300
139,1776949118.250794,camera_init,43.000159,2.054982,0.000000,0.009403,-0.013672,-0.128901,0.991519,-0.258832,none,0.300
140,1776949118.752571,camera_init,43.294317,1.972261,0.000000,0.008810,-0.014179,-0.119939,0.992641,-0.240762,none,0.300
141,1776949119.352827,camera_init,43.629584,1.902408,0.000000,0.010869,-0.010632,-0.114278,0.993332,-0.229307,none,0.300
142,1776949119.852611,camera_init,43.921954,1.813144,0.000000,0.010364,-0.013519,-0.112107,0.993550,-0.225010,none,0.300
143,1776949120.352710,camera_init,44.259287,1.746933,0.000000,0.010024,-0.015136,-0.121096,0.992475,-0.243153,none,0.300
144,1776949120.852809,camera_init,44.581261,1.650062,0.000000,0.009223,-0.015287,-0.133188,0.990930,-0.267523,none,0.300
145,1776949121.352821,camera_init,44.884624,1.565433,0.000000,0.010450,-0.015357,-0.139585,0.990036,-0.280476,none,0.300
146,1776949121.850766,camera_init,45.205734,1.473873,0.000000,0.013773,-0.016683,-0.159541,0.986954,-0.320991,none,0.300
147,1776949122.352801,camera_init,45.517370,1.350956,0.000000,0.012007,-0.017333,-0.174898,0.984361,-0.352128,none,0.300
148,1776949122.852616,camera_init,45.831810,1.227643,0.000000,0.010749,-0.014001,-0.180997,0.983325,-0.364369,none,0.300
149,1776949123.352653,camera_init,46.123560,1.116869,0.000000,0.013271,-0.015756,-0.177771,0.983856,-0.357935,none,0.300
150,1776949123.852759,camera_init,46.436235,1.013826,0.000000,0.015045,-0.012775,-0.169341,0.985360,-0.340731,none,0.300
151,1776949124.352750,camera_init,46.756571,0.908142,0.000000,0.015503,-0.015518,-0.169047,0.985364,-0.340262,none,0.300
152,1776949124.852586,camera_init,47.049733,0.786661,0.000000,0.011631,-0.016142,-0.169107,0.985397,-0.340310,none,0.300
153,1776949125.352618,camera_init,47.370693,0.669178,0.000000,0.011435,-0.014660,-0.175597,0.984287,-0.353430,none,0.300
154,1776949125.852769,camera_init,47.688278,0.548577,0.000000,0.013950,-0.011987,-0.189766,0.981657,-0.382205,none,0.300
155,1776949126.452256,camera_init,48.003412,0.407877,0.000000,0.012186,-0.016640,-0.193395,0.980904,-0.389751,none,0.300
156,1776949126.948808,camera_init,48.306014,0.280813,0.000000,0.015132,-0.017663,-0.203276,0.978845,-0.410042,none,0.300
157,1776949127.451982,camera_init,48.604031,0.160328,0.000000,0.013884,-0.018090,-0.209428,0.977558,-0.422604,none,0.300
158,1776949127.952747,camera_init,48.890248,0.022440,0.000000,0.011278,-0.017127,-0.212569,0.976931,-0.428919,none,0.300
159,1776949128.452817,camera_init,49.180343,-0.105469,0.000000,0.014485,-0.014056,-0.215127,0.976377,-0.434099,none,0.300
160,1776949128.952621,camera_init,49.471933,-0.230409,0.000000,0.015044,-0.017284,-0.214428,0.976471,-0.432831,none,0.300
161,1776949129.552586,camera_init,49.768280,-0.378952,0.000000,0.015498,-0.018359,-0.211508,0.977081,-0.426919,none,0.300
162,1776949130.052698,camera_init,50.060994,-0.498340,0.000000,0.015173,-0.016635,-0.208591,0.977744,-0.420856,none,0.300
163,1776949130.652768,camera_init,50.383427,-0.643191,0.000000,0.012869,-0.018351,-0.204803,0.978547,-0.413131,none,0.300
164,1776949131.252636,camera_init,50.717760,-0.782624,0.000000,0.011363,-0.016620,-0.200665,0.979453,-0.404563,none,0.300
165,1776949131.752257,camera_init,51.017387,-0.924479,0.000000,0.013819,-0.012529,-0.192528,0.981114,-0.387851,none,0.300
166,1776949132.352709,camera_init,51.346330,-1.044939,0.000000,0.012853,-0.014814,-0.188144,0.981946,-0.378991,none,0.300
167,1776949132.852636,camera_init,51.638848,-1.169489,0.000000,0.009530,-0.015857,-0.184032,0.982746,-0.370577,none,0.300
168,1776949133.352633,camera_init,51.952049,-1.279427,0.000000,0.008449,-0.014767,-0.179081,0.983687,-0.360442,none,0.300
169,1776949133.852743,camera_init,52.251254,-1.392946,0.000000,0.007125,-0.016022,-0.172751,0.984809,-0.347584,none,0.300
170,1776949134.352710,camera_init,52.548856,-1.502635,0.000000,0.009163,-0.018024,-0.167880,0.985600,-0.337818,none,0.300
171,1776949134.951889,camera_init,52.885154,-1.629026,0.000000,0.009858,-0.021940,-0.162104,0.986480,-0.326274,none,0.300
172,1776949135.450544,camera_init,53.191836,-1.732896,0.000000,0.009824,-0.020358,-0.152864,0.987989,-0.307488,none,0.300
173,1776949135.947276,camera_init,53.495638,-1.814513,0.000000,0.008220,-0.017755,-0.124539,0.992022,-0.250119,none,0.300
174,1776949136.537976,camera_init,53.847583,-1.837995,0.000000,-0.001045,-0.019762,-0.042112,0.998917,-0.084256,none,0.300
175,1776949137.147448,camera_init,54.200919,-1.810002,0.000000,-0.006603,-0.018534,0.054131,0.998340,0.108611,none,0.300
176,1776949137.749764,camera_init,54.538489,-1.738543,0.000000,-0.009724,-0.019051,0.078323,0.996699,0.157251,none,0.300
177,1776949138.252187,camera_init,54.846831,-1.697070,0.000000,-0.008043,-0.018073,0.085946,0.996103,0.172470,none,0.300
178,1776949138.752142,camera_init,55.161017,-1.634722,0.000000,-0.004884,-0.015482,0.091882,0.995638,0.184235,none,0.300
179,1776949139.352663,camera_init,55.515357,-1.570520,0.000000,-0.007420,-0.014842,0.098735,0.994975,0.198067,none,0.300
180,1776949139.852503,camera_init,55.817224,-1.518571,0.000000,-0.003989,-0.014353,0.091504,0.995693,0.183432,none,0.300
181,1776949140.352753,camera_init,56.118240,-1.455617,0.000000,-0.004172,-0.018376,0.081096,0.996528,0.162602,none,0.300
182,1776949140.852623,camera_init,56.426123,-1.417180,0.000000,-0.004654,-0.013987,0.063024,0.997903,0.126296,none,0.300
183,1776949141.352352,camera_init,56.740088,-1.396213,0.000000,-0.003285,-0.017164,0.031200,0.999360,0.062550,none,0.300
184,1776949141.852092,camera_init,57.045413,-1.404913,0.000000,-0.002813,-0.018492,-0.007109,0.999800,-0.014122,none,0.300
185,1776949142.453031,camera_init,57.388010,-1.446945,0.000000,0.005057,-0.014320,-0.034065,0.999304,-0.068309,none,0.300
186,1776949143.152602,camera_init,57.710029,-1.464453,0.000000,0.003535,-0.015921,-0.037768,0.999153,-0.075695,none,0.300
187,1776949150.252592,camera_init,57.801527,-1.460253,0.000000,0.003728,-0.014854,-0.038910,0.999125,-0.077976,stop_10s,0.300
188,1776949161.052588,camera_init,58.097427,-1.553985,0.000000,0.012984,-0.014478,-0.120480,0.992525,-0.241967,none,0.300
189,1776949161.952920,camera_init,58.407642,-1.659326,0.000000,0.017664,-0.016261,-0.174107,0.984434,-0.350623,none,0.300
190,1776949162.652832,camera_init,58.677172,-1.848661,0.000000,0.020684,-0.014809,-0.249956,0.967923,-0.505872,none,0.300
191,1776949163.352962,camera_init,58.984573,-2.020726,0.000000,0.025433,-0.017178,-0.273336,0.961429,-0.554544,none,0.300
192,1776949163.952803,camera_init,59.230296,-2.196892,0.000000,0.027896,-0.020307,-0.301281,0.952911,-0.613165,none,0.300
193,1776949164.652941,camera_init,59.476133,-2.427024,0.000000,0.033196,-0.020566,-0.357807,0.932979,-0.732983,none,0.300
194,1776949165.252043,camera_init,59.674804,-2.700757,0.000000,0.040190,-0.018542,-0.448459,0.892707,-0.930934,none,0.300
195,1776949165.852890,camera_init,59.846093,-2.975172,0.000000,0.040528,-0.020591,-0.471636,0.880621,-0.983308,none,0.300
196,1776949166.552332,camera_init,60.012937,-3.278349,0.000000,0.044468,-0.021901,-0.507255,0.860369,-1.065076,none,0.300
197,1776949167.148890,camera_init,60.149096,-3.560200,0.000000,0.045942,-0.019690,-0.519511,0.853001,-1.093378,none,0.300
198,1776949167.750571,camera_init,60.267294,-3.886696,0.000000,0.045165,-0.018631,-0.560831,0.826488,-1.191446,none,0.300
199,1776949168.252797,camera_init,60.363056,-4.172172,0.000000,0.052924,-0.018830,-0.598304,0.799298,-1.283342,none,0.300
200,1776949168.752739,camera_init,60.381690,-4.482804,0.000000,0.056229,-0.021426,-0.662571,0.746578,-1.449306,none,0.300
201,1776949169.352701,camera_init,60.430696,-4.819418,0.000000,0.055546,-0.019341,-0.660797,0.748256,-1.444390,none,0.300
202,1776949169.952752,camera_init,60.447813,-5.159835,0.000000,0.059235,-0.020133,-0.678593,0.731845,-1.492401,none,0.300
203,1776949170.552710,camera_init,60.437535,-5.503430,0.000000,0.053848,-0.025616,-0.713460,0.698154,-1.590177,none,0.300
204,1776949171.153759,camera_init,60.423096,-5.836447,0.000000,0.051182,-0.024388,-0.722352,0.689197,-1.615623,none,0.300
205,1776949171.753852,camera_init,60.383812,-6.194513,0.000000,0.058429,-0.021283,-0.760164,0.646749,-1.728346,none,0.300
206,1776949172.252103,camera_init,60.264292,-6.495901,0.000000,0.068284,-0.015298,-0.801195,0.594298,-1.860309,none,0.300
207,1776949172.752692,camera_init,60.126643,-6.769327,0.000000,0.067875,-0.024100,-0.835748,0.544368,-1.981915,none,0.300
208,1776949173.352710,camera_init,59.942950,-7.069375,0.000000,-0.069846,0.026151,0.875177,-0.478020,-2.136224,none,0.300
209,1776949173.853727,camera_init,59.743044,-7.303327,0.000000,-0.066723,0.022769,0.897412,-0.435525,-2.232941,none,0.300
210,1776949174.352658,camera_init,59.526857,-7.512556,0.000000,-0.068210,0.024955,0.919746,-0.385737,-2.342075,none,0.300
211,1776949174.952765,camera_init,59.264096,-7.714365,0.000000,-0.073333,0.024728,0.946916,-0.312026,-2.499173,none,0.300
212,1776949175.452657,camera_init,58.996199,-7.853313,0.000000,-0.075647,0.023585,0.962058,-0.261086,-2.605851,none,0.300
213,1776949175.952639,camera_init,58.708597,-7.970764,0.000000,-0.077296,0.022115,0.975998,-0.202395,-2.727271,none,0.300
214,1776949176.549658,camera_init,58.373308,-8.064927,0.000000,-0.079516,0.026784,0.987542,-0.133122,-2.867950,none,0.300
215,1776949177.052219,camera_init,58.075278,-8.110294,0.000000,-0.076917,0.024845,0.993394,-0.081452,-2.973286,none,0.300
216,1776949177.552731,camera_init,57.772305,-8.115678,0.000000,-0.086528,0.022772,0.995677,-0.024934,-3.087169,none,0.300
217,1776949178.051837,camera_init,57.465577,-8.088803,0.000000,-0.091052,0.019975,0.995098,0.033034,3.078382,none,0.300
218,1776949178.552707,camera_init,57.165272,-8.043523,0.000000,-0.089086,0.017137,0.992411,0.083004,2.976473,none,0.300
219,1776949179.152641,camera_init,56.832065,-7.955849,0.000000,-0.083838,0.015260,0.987196,0.134839,2.870748,none,0.300
220,1776949179.752667,camera_init,56.523675,-7.804245,0.000000,-0.080200,0.017057,0.976766,0.198004,2.741716,none,0.300
221,1776949180.352630,camera_init,56.237370,-7.646714,0.000000,-0.077379,0.014677,0.964291,0.252862,2.627825,none,0.300
222,1776949180.952581,camera_init,55.952919,-7.445062,0.000000,-0.077973,0.016396,0.948445,0.306764,2.514608,none,0.300
223,1776949181.551750,camera_init,55.688384,-7.231659,0.000000,-0.074242,0.017442,0.931858,0.354719,2.412603,none,0.300
224,1776949182.152613,camera_init,55.453795,-6.988576,0.000000,-0.077263,0.013924,0.915126,0.395451,2.323044,none,0.300
225,1776949182.752377,camera_init,55.232500,-6.760988,0.000000,-0.072755,0.014472,0.912537,0.402212,2.308946,none,0.300
226,1776949183.353638,camera_init,55.030823,-6.505312,0.000000,-0.072342,0.010765,0.906031,0.416843,2.276289,none,0.300
227,1776949183.953577,camera_init,54.828490,-6.258086,0.000000,-0.073281,0.013067,0.902818,0.423531,2.261508,none,0.300
228,1776949184.553564,camera_init,54.622780,-6.027658,0.000000,-0.079964,0.011303,0.904291,0.419209,2.269760,none,0.300
229,1776949185.153572,camera_init,54.397335,-5.784244,0.000000,-0.074077,0.010807,0.906530,0.415451,2.279090,none,0.300
230,1776949185.752511,camera_init,54.196279,-5.545015,0.000000,-0.072434,0.007353,0.907719,0.413214,2.283967,none,0.300
231,1776949186.352025,camera_init,53.983709,-5.279389,0.000000,-0.075520,0.004285,0.909093,0.409669,2.290960,none,0.300
232,1776949186.953480,camera_init,53.764244,-5.039093,0.000000,-0.069332,0.007772,0.909316,0.410215,2.291144,none,0.300
233,1776949187.549802,camera_init,53.538762,-4.797041,0.000000,-0.073835,0.014673,0.909870,0.408006,2.296015,none,0.300
234,1776949188.151702,camera_init,53.317452,-4.526953,0.000000,-0.079187,0.020467,0.910379,0.405612,2.301100,none,0.300
235,1776949188.753515,camera_init,53.092750,-4.284348,0.000000,-0.082028,0.016020,0.911421,0.402898,2.306081,none,0.300
236,1776949189.353580,camera_init,52.879471,-4.059703,0.000000,-0.080998,0.011199,0.913682,0.398120,2.316220,none,0.300
237,1776949189.952604,camera_init,52.676273,-3.837507,0.000000,-0.081420,0.012850,0.912936,0.399691,2.312880,none,0.300
238,1776949190.653522,camera_init,52.436579,-3.596380,0.000000,-0.079758,0.008363,0.915311,0.394684,2.323666,none,0.300
239,1776949191.252713,camera_init,52.232156,-3.353691,0.000000,-0.074602,0.013111,0.916313,0.393234,2.328245,none,0.300
240,1776949191.850442,camera_init,52.018145,-3.117607,0.000000,-0.075648,0.013185,0.917687,0.389812,2.335592,none,0.300
241,1776949192.452233,camera_init,51.802970,-2.887938,0.000000,-0.076595,0.012723,0.918673,0.387313,2.340861,none,0.300
242,1776949193.052647,camera_init,51.572751,-2.654265,0.000000,-0.075241,0.016560,0.918742,0.387268,2.341613,none,0.300
243,1776949193.653115,camera_init,51.345205,-2.438228,0.000000,-0.077736,0.014563,0.920708,0.382154,2.352179,none,0.300
244,1776949194.252648,camera_init,51.089053,-2.175497,0.000000,-0.074296,0.014226,0.922423,0.378699,2.360203,none,0.300
245,1776949194.852571,camera_init,50.852417,-1.937216,0.000000,-0.075309,0.017937,0.922989,0.376958,2.364284,none,0.300
246,1776949195.453146,camera_init,50.600995,-1.705710,0.000000,-0.075221,0.012434,0.924822,0.372680,2.372961,none,0.300
247,1776949196.051777,camera_init,50.374392,-1.481311,0.000000,-0.075574,0.017686,0.925911,0.369681,2.380052,none,0.300
248,1776949196.653516,camera_init,50.105572,-1.239058,0.000000,-0.078766,0.015995,0.935744,0.343399,2.436201,none,0.300
249,1776949197.246055,camera_init,49.825614,-1.082414,0.000000,-0.079537,0.013894,0.958042,0.275019,2.581101,none,0.300
250,1776949197.851447,camera_init,49.547027,-0.899867,0.000000,-0.079821,0.018145,0.961635,0.261837,2.609342,none,0.300
251,1776949198.353366,camera_init,49.268859,-0.766264,0.000000,-0.076279,0.015027,0.963597,0.255806,2.621831,none,0.300
252,1776949198.953213,camera_init,48.964327,-0.584221,0.000000,-0.077360,0.018232,0.963741,0.254727,2.624445,none,0.300
253,1776949199.453444,camera_init,48.698743,-0.434341,0.000000,-0.078318,0.015158,0.965159,0.249208,2.635433,none,0.300
254,1776949199.953273,camera_init,48.432479,-0.286400,0.000000,-0.075316,0.014579,0.966843,0.243577,2.647342,none,0.300
255,1776949200.552573,camera_init,48.121804,-0.117908,0.000000,-0.078926,0.018097,0.966499,0.243565,2.647573,none,0.300
256,1776949201.053576,camera_init,47.851729,0.041561,0.000000,-0.078858,0.016928,0.967346,0.240284,2.654237,none,0.300
257,1776949201.553392,camera_init,47.550356,0.184850,0.000000,-0.076715,0.016914,0.968444,0.236526,2.662224,none,0.300
258,1776949202.049803,camera_init,47.260793,0.341152,0.000000,-0.074020,0.016949,0.968868,0.235644,2.664268,none,0.300
259,1776949202.552375,camera_init,46.991059,0.473316,0.000000,-0.076190,0.017087,0.970199,0.229384,2.677117,none,0.300
260,1776949203.053355,camera_init,46.719113,0.614113,0.000000,-0.080171,0.016869,0.969820,0.229645,2.676234,none,0.300
261,1776949203.553420,camera_init,46.443709,0.753403,0.000000,-0.078577,0.013432,0.971054,0.225164,2.685143,none,0.300
262,1776949204.053275,camera_init,46.161897,0.881934,0.000000,-0.078252,0.016479,0.971800,0.221834,2.692523,none,0.300
263,1776949204.653204,camera_init,45.849264,1.037839,0.000000,-0.076380,0.015215,0.972855,0.217916,2.700583,none,0.300
264,1776949205.152927,camera_init,45.563452,1.166953,0.000000,-0.079486,0.016040,0.973395,0.214305,2.707948,none,0.300
265,1776949205.651659,camera_init,45.291137,1.293899,0.000000,-0.080385,0.015617,0.973585,0.213137,2.710232,none,0.300
266,1776949206.251455,camera_init,44.982436,1.424126,0.000000,-0.077257,0.012736,0.976354,0.201497,2.734055,none,0.300
267,1776949206.753276,camera_init,44.692982,1.551593,0.000000,-0.078760,0.016198,0.977946,0.192758,2.752480,none,0.300
268,1776949207.349771,camera_init,44.385958,1.667327,0.000000,-0.078316,0.016257,0.980284,0.180683,2.777341,none,0.300
269,1776949207.951527,camera_init,44.044045,1.792891,0.000000,-0.080598,0.015102,0.983006,0.164238,2.810764,none,0.300
270,1776949208.453298,camera_init,43.754933,1.889260,0.000000,-0.078651,0.015509,0.984098,0.158511,2.822647,none,0.300
271,1776949209.053296,camera_init,43.425156,2.005124,0.000000,-0.076608,0.014048,0.984804,0.155227,2.829228,none,0.300
272,1776949209.553266,camera_init,43.118082,2.096429,0.000000,-0.074600,0.014031,0.985793,0.149831,2.840329,none,0.300
273,1776949210.053200,camera_init,42.808168,2.177954,0.000000,-0.076544,0.013963,0.986341,0.145182,2.849727,none,0.300
274,1776949210.553277,camera_init,42.491572,2.286874,0.000000,-0.078329,0.013492,0.986764,0.141350,2.857399,none,0.300
275,1776949211.151531,camera_init,42.146516,2.386137,0.000000,-0.080433,0.016872,0.986623,0.140786,2.859005,none,0.300
276,1776949211.653178,camera_init,41.830536,2.479529,0.000000,-0.077587,0.020576,0.987244,0.137498,2.866387,none,0.300
277,1776949212.150168,camera_init,41.526452,2.551298,0.000000,-0.076087,0.016786,0.989805,0.119226,2.903027,none,0.300
278,1776949212.752024,camera_init,41.188140,2.570795,0.000000,-0.076569,0.016612,0.996537,0.027844,3.087981,none,0.300
279,1776949213.253340,camera_init,40.868791,2.542884,0.000000,-0.081790,0.018491,0.994926,-0.055589,-3.026201,none,0.300
280,1776949213.753152,camera_init,40.566124,2.461923,0.000000,-0.078836,0.019966,0.990245,-0.113146,-2.909628,none,0.300
281,1776949214.353244,camera_init,40.230109,2.355758,0.000000,-0.079287,0.018426,0.982957,-0.164834,-2.804544,none,0.300
282,1776949214.853159,camera_init,39.932620,2.240671,0.000000,-0.078204,0.017590,0.977214,-0.196539,-2.739810,none,0.300
283,1776949215.353163,camera_init,39.660806,2.107037,0.000000,-0.077263,0.017609,0.973519,-0.214430,-2.703093,none,0.300
284,1776949215.853065,camera_init,39.364958,1.982751,0.000000,-0.075413,0.017683,0.972082,-0.221486,-2.688769,none,0.300
285,1776949216.349505,camera_init,39.066287,1.816917,0.000000,-0.075961,0.015904,0.971805,-0.222646,-2.686532,none,0.300
286,1776949216.851575,camera_init,38.784106,1.692083,0.000000,-0.077700,0.019716,0.971635,-0.222482,-2.686129,none,0.300
287,1776949217.348222,camera_init,38.498692,1.568999,0.000000,-0.079120,0.020632,0.969995,-0.228964,-2.672398,none,0.300
288,1776949217.851186,camera_init,38.199608,1.381177,0.000000,-0.078416,0.019486,0.968731,-0.234587,-2.661010,none,0.300
289,1776949218.351279,camera_init,37.907671,1.224385,0.000000,-0.077603,0.020305,0.968042,-0.237612,-2.654753,none,0.300
290,1776949218.850949,camera_init,37.591635,1.068950,0.000000,-0.075672,0.017594,0.967630,-0.240119,-2.650182,none,0.300
291,1776949219.353091,camera_init,37.288474,0.918778,0.000000,-0.076385,0.018753,0.967404,-0.240714,-2.648698,none,0.300
292,1776949219.853127,camera_init,36.976817,0.747342,0.000000,-0.077906,0.015994,0.966995,-0.242063,-2.646035,none,0.300
293,1776949220.353186,camera_init,36.653236,0.587469,0.000000,-0.075710,0.016818,0.968774,-0.235502,-2.659848,none,0.300
294,1776949220.853042,camera_init,36.369302,0.453252,0.000000,-0.079195,0.018497,0.973546,-0.213528,-2.704571,none,0.300
295,1776949221.353068,camera_init,36.049647,0.322307,0.000000,-0.077911,0.015974,0.980897,-0.177526,-2.779085,none,0.300
296,1776949221.853099,camera_init,35.709993,0.245739,0.000000,-0.081793,0.016370,0.990295,-0.111167,-2.913929,none,0.300
297,1776949222.349595,camera_init,35.365447,0.218958,0.000000,-0.080488,0.015410,0.994996,-0.057163,-3.023598,none,0.300
298,1776949222.852971,camera_init,35.023159,0.198694,0.000000,-0.078839,0.013171,0.996552,-0.022250,-3.094572,none,0.300
299,1776949223.352985,camera_init,34.711046,0.223034,0.000000,-0.080314,0.011457,0.996307,0.028111,3.086678,none,0.300
300,1776949223.853118,camera_init,34.361207,0.258746,0.000000,-0.080287,0.014195,0.993730,0.076503,2.989238,none,0.300
301,1776949224.353014,camera_init,34.044518,0.341900,0.000000,-0.073855,0.013669,0.991724,0.104122,2.933268,none,0.300
302,1776949224.853131,camera_init,33.700357,0.427156,0.000000,-0.077963,0.015935,0.988274,0.130315,2.880284,none,0.300
303,1776949225.352895,camera_init,33.362765,0.543779,0.000000,-0.079958,0.015337,0.984872,0.152969,2.833893,none,0.300
304,1776949225.851972,camera_init,33.023499,0.637625,0.000000,-0.080324,0.013407,0.981040,0.175866,2.786671,none,0.300
305,1776949226.348763,camera_init,32.707077,0.782671,0.000000,-0.076917,0.013905,0.979714,0.184528,2.769166,none,0.300
306,1776949226.851041,camera_init,32.376708,0.910262,0.000000,-0.080790,0.016553,0.979261,0.185057,2.768256,none,0.300
307,1776949227.347683,camera_init,32.067393,1.035096,0.000000,-0.078750,0.014875,0.979165,0.186584,2.764977,none,0.300
308,1776949227.850639,camera_init,31.734069,1.152414,0.000000,-0.075070,0.010875,0.975945,0.204394,2.727971,none,0.300
309,1776949228.350548,camera_init,31.450402,1.289824,0.000000,-0.079548,0.012765,0.967246,0.240715,2.652660,none,0.300
310,1776949228.852925,camera_init,31.173946,1.488761,0.000000,-0.076247,0.010213,0.955723,0.284035,2.561996,none,0.300
311,1776949229.353037,camera_init,30.912227,1.688950,0.000000,-0.074327,0.008193,0.941401,0.328897,2.466895,none,0.300
312,1776949229.852830,camera_init,30.632232,1.922251,0.000000,-0.073273,0.008394,0.926345,0.369386,2.379944,none,0.300
313,1776949230.352942,camera_init,30.440767,2.162246,0.000000,-0.070243,0.007238,0.906364,0.416556,2.276922,none,0.300
314,1776949230.852953,camera_init,30.264531,2.446840,0.000000,-0.069663,0.006916,0.876506,0.476274,2.142566,none,0.300
315,1776949231.351533,camera_init,30.114146,2.754339,0.000000,-0.068405,0.007204,0.838456,0.540611,1.992377,none,0.300
316,1776949231.952857,camera_init,30.012226,3.108213,0.000000,-0.065057,0.003712,0.794701,0.603493,1.838660,none,0.300
317,1776949232.449765,camera_init,29.985112,3.417813,0.000000,-0.060511,0.003129,0.745306,0.663963,1.682508,none,0.300
318,1776949232.953037,camera_init,30.009199,3.752487,0.000000,-0.057835,-0.000593,0.686082,0.725221,1.512000,none,0.300
319,1776949233.452867,camera_init,30.048848,4.076493,0.000000,-0.054540,-0.002057,0.628968,0.775513,1.360000,none,0.300
320,1776949233.952879,camera_init,30.190586,4.400781,0.000000,-0.049296,-0.002179,0.569670,0.820391,1.211699,none,0.300
321,1776949234.452478,camera_init,30.335143,4.685291,0.000000,-0.042284,-0.004888,0.512036,0.857909,1.074831,none,0.300
322,1776949235.051698,camera_init,30.557179,4.966223,0.000000,-0.035939,-0.006631,0.436813,0.898810,0.904069,none,0.300
323,1776949235.552914,camera_init,30.784982,5.198861,0.000000,-0.030203,-0.006242,0.374311,0.926790,0.767356,none,0.300
324,1776949236.050795,camera_init,31.028337,5.383664,0.000000,-0.026783,-0.010170,0.315649,0.948443,0.642622,none,0.300
325,1776949236.552881,camera_init,31.314180,5.531587,0.000000,-0.023261,-0.010163,0.251630,0.967491,0.509095,none,0.300
326,1776949237.049953,camera_init,31.601560,5.633278,0.000000,-0.016280,-0.009835,0.180041,0.983475,0.362363,none,0.300
327,1776949237.552823,camera_init,31.905283,5.667829,0.000000,-0.005728,-0.011682,0.103527,0.994542,0.207596,none,0.300
328,1776949238.049725,camera_init,32.225513,5.707192,0.000000,-0.003678,-0.010382,0.037469,0.999237,0.075044,none,0.300
329,1776949238.651715,camera_init,32.563152,5.683448,0.000000,0.000087,-0.013430,-0.024526,0.999609,-0.049072,none,0.300
330,1776949239.152712,camera_init,32.882772,5.691818,0.000000,0.001364,-0.015626,-0.028657,0.999466,-0.057386,none,0.300
331,1776949239.752795,camera_init,33.236344,5.647357,0.000000,0.001575,-0.017532,-0.030712,0.999373,-0.061517,none,0.300
332,1776949240.252751,camera_init,33.539322,5.634624,0.000000,0.006161,-0.015797,-0.036419,0.999193,-0.073075,none,0.300
333,1776949240.852775,camera_init,33.889593,5.598179,0.000000,0.004812,-0.023945,-0.052484,0.998323,-0.105336,none,0.300
334,1776949241.352163,camera_init,34.189882,5.557407,0.000000,0.009408,-0.020144,-0.082516,0.996342,-0.165687,none,0.300
335,1776949241.852834,camera_init,34.482028,5.465898,0.000000,0.011786,-0.018447,-0.141428,0.989707,-0.284349,none,0.300
336,1776949242.450719,camera_init,34.795557,5.361324,0.000000,0.015969,-0.017090,-0.199265,0.979666,-0.401845,none,0.300
337,1776949242.952699,camera_init,35.069167,5.221490,0.000000,0.020176,-0.012798,-0.217841,0.975692,-0.439695,none,0.300
338,1776949251.749551,camera_init,35.197769,5.155209,0.000000,0.019717,-0.014307,-0.221006,0.974968,-0.446256,stop_10s,0.300
339,1776949260.852643,camera_init,35.487817,5.002318,0.000000,0.017473,-0.017475,-0.212637,0.976819,-0.429234,none,0.300
340,1776949261.551517,camera_init,35.790727,4.844406,0.000000,0.017845,-0.017374,-0.206532,0.978123,-0.416750,none,0.300
341,1776949262.252599,camera_init,36.118232,4.723888,0.000000,0.018825,-0.014769,-0.196828,0.980146,-0.396818,none,0.300
342,1776949262.852582,camera_init,36.411685,4.642933,0.000000,0.017909,-0.014054,-0.189756,0.981567,-0.382349,none,0.300
343,1776949263.452729,camera_init,36.705587,4.478241,0.000000,0.017914,-0.012040,-0.187900,0.981951,-0.378473,none,0.300
344,1776949264.052682,camera_init,37.040034,4.337588,0.000000,0.013207,-0.015901,-0.184045,0.982700,-0.370700,none,0.300
345,1776949264.552480,camera_init,37.342203,4.229431,0.000000,0.012272,-0.011649,-0.175775,0.984285,-0.353701,none,0.300
346,1776949265.052616,camera_init,37.636390,4.132321,0.000000,0.013800,-0.013141,-0.169475,0.985350,-0.340992,none,0.300
347,1776949265.550477,camera_init,37.955280,4.028441,0.000000,0.015040,-0.015464,-0.166906,0.985737,-0.335904,none,0.300
348,1776949266.052772,camera_init,38.267050,3.897352,0.000000,0.016557,-0.013279,-0.172065,0.984857,-0.346310,none,0.300
349,1776949266.549260,camera_init,38.564094,3.780300,0.000000,0.015741,-0.015620,-0.172872,0.984695,-0.348036,none,0.300
350,1776949267.052325,camera_init,38.859982,3.672556,0.000000,0.014215,-0.016302,-0.184387,0.982616,-0.371440,none,0.300
351,1776949267.549040,camera_init,39.172796,3.555684,0.000000,0.016343,-0.014926,-0.206718,0.978150,-0.416970,none,0.300
352,1776949268.052009,camera_init,39.452914,3.409944,0.000000,0.015884,-0.015448,-0.208763,0.977715,-0.421167,none,0.300
353,1776949268.552335,camera_init,39.732426,3.290244,0.000000,0.016012,-0.014852,-0.208259,0.977830,-0.420110,none,0.300
354,1776949269.052175,camera_init,40.031603,3.169516,0.000000,0.013931,-0.014691,-0.206406,0.978257,-0.416271,none,0.300
355,1776949269.552788,camera_init,40.335862,3.039191,0.000000,0.016377,-0.014359,-0.201056,0.979338,-0.405377,none,0.300
356,1776949270.052703,camera_init,40.618700,2.918362,0.000000,0.013766,-0.015286,-0.190399,0.981491,-0.383627,none,0.300
357,1776949270.552669,camera_init,40.935717,2.793677,0.000000,0.012092,-0.015817,-0.185586,0.982426,-0.373805,none,0.300
358,1776949271.052720,camera_init,41.257085,2.665741,0.000000,0.012376,-0.014834,-0.183718,0.982789,-0.369971,none,0.300
359,1776949271.552491,camera_init,41.568230,2.550128,0.000000,0.013867,-0.017238,-0.178949,0.983610,-0.360409,none,0.300
360,1776949272.053162,camera_init,41.881972,2.428553,0.000000,0.012971,-0.012962,-0.174510,0.984485,-0.351191,none,0.300
361,1776949272.552718,camera_init,42.196873,2.311360,0.000000,0.014209,-0.015113,-0.166914,0.985753,-0.335886,none,0.300
362,1776949273.052814,camera_init,42.506088,2.195626,0.000000,0.013007,-0.016538,-0.160490,0.986813,-0.322888,none,0.300
363,1776949273.553087,camera_init,42.798064,2.102597,0.000000,0.013403,-0.013511,-0.158698,0.987144,-0.319147,none,0.300
364,1776949274.052747,camera_init,43.108903,1.998626,0.000000,0.010398,-0.015493,-0.155607,0.987643,-0.312885,none,0.300
365,1776949274.552533,camera_init,43.405842,1.914277,0.000000,0.012750,-0.013746,-0.149688,0.988555,-0.300902,none,0.300
366,1776949275.151944,camera_init,43.749716,1.809661,0.000000,0.010613,-0.013786,-0.141332,0.989809,-0.283960,none,0.300
367,1776949275.651150,camera_init,44.051111,1.720103,0.000000,0.009668,-0.015140,-0.134345,0.990772,-0.269867,none,0.300
368,1776949276.152643,camera_init,44.348456,1.627917,0.000000,0.009762,-0.016124,-0.132759,0.990969,-0.266700,none,0.300
369,1776949276.650497,camera_init,44.668073,1.547597,0.000000,0.009730,-0.016534,-0.135469,0.990596,-0.272182,none,0.300
370,1776949277.152932,camera_init,44.968753,1.459795,0.000000,0.009614,-0.015918,-0.143882,0.989420,-0.289157,none,0.300
371,1776949277.650115,camera_init,45.274870,1.353406,0.000000,0.011030,-0.013714,-0.156497,0.987522,-0.314644,none,0.300
372,1776949278.152349,camera_init,45.569459,1.238200,0.000000,0.010591,-0.016885,-0.186950,0.982167,-0.376584,none,0.300
373,1776949278.752687,camera_init,45.893888,1.091863,0.000000,0.016159,-0.016768,-0.213392,0.976689,-0.430710,none,0.300
374,1776949279.253073,camera_init,46.165216,0.963314,0.000000,0.015877,-0.016513,-0.218120,0.975653,-0.440376,none,0.300
375,1776949279.752549,camera_init,46.449859,0.835354,0.000000,0.016823,-0.015407,-0.215368,0.976266,-0.434703,none,0.300
376,1776949280.352617,camera_init,46.781132,0.684944,0.000000,0.015431,-0.015513,-0.205419,0.978429,-0.414325,none,0.300
377,1776949280.953030,camera_init,47.119152,0.556835,0.000000,0.013298,-0.014792,-0.199906,0.979613,-0.402983,none,0.300
378,1776949281.452646,camera_init,47.391580,0.425586,0.000000,0.016372,-0.015121,-0.194388,0.980672,-0.391808,none,0.300
379,1776949281.952074,camera_init,47.715731,0.300386,0.000000,0.013244,-0.016148,-0.193048,0.980967,-0.389050,none,0.300
380,1776949282.552517,camera_init,48.037567,0.173238,0.000000,0.011432,-0.015661,-0.188670,0.981849,-0.380064,none,0.300
381,1776949283.052602,camera_init,48.320235,0.044230,0.000000,0.012490,-0.017541,-0.182918,0.982892,-0.368458,none,0.300
382,1776949283.552725,camera_init,48.602499,-0.062219,0.000000,0.011135,-0.016471,-0.174920,0.984382,-0.352115,none,0.300
383,1776949284.052738,camera_init,48.903592,-0.163020,0.000000,0.012540,-0.015818,-0.173216,0.984677,-0.348665,none,0.300
384,1776949284.552977,camera_init,49.189212,-0.267615,0.000000,0.010685,-0.014266,-0.170744,0.985154,-0.343541,none,0.300
385,1776949285.052651,camera_init,49.491348,-0.369708,0.000000,0.011603,-0.014979,-0.167580,0.985676,-0.337169,none,0.300
386,1776949285.552554,camera_init,49.778213,-0.480460,0.000000,0.010058,-0.016159,-0.157706,0.987303,-0.317150,none,0.300
387,1776949286.051938,camera_init,50.078011,-0.572454,0.000000,0.007986,-0.015989,-0.150543,0.988442,-0.302585,none,0.300
388,1776949286.550863,camera_init,50.383893,-0.673310,0.000000,0.009345,-0.015289,-0.146803,0.989003,-0.295035,none,0.300
389,1776949287.048129,camera_init,50.706057,-0.756058,0.000000,0.007091,-0.015643,-0.143190,0.989546,-0.287679,none,0.300
390,1776949287.550444,camera_init,51.019118,-0.868596,0.000000,0.006994,-0.012656,-0.140709,0.989945,-0.282586,none,0.300
391,1776949288.052913,camera_init,51.332768,-0.941505,0.000000,0.006329,-0.010991,-0.132072,0.991159,-0.265094,none,0.300
392,1776949288.552826,camera_init,51.649061,-1.022725,0.000000,0.005640,-0.014222,-0.124187,0.992141,-0.249244,none,0.300
393,1776949289.052853,camera_init,51.969782,-1.116272,0.000000,0.004375,-0.013918,-0.118848,0.992805,-0.238444,none,0.300
394,1776949289.552835,camera_init,52.293223,-1.200886,0.000000,0.002735,-0.015771,-0.117089,0.992992,-0.234886,none,0.300
395,1776949290.052602,camera_init,52.607245,-1.258997,0.000000,0.005516,-0.016439,-0.113984,0.993331,-0.228729,none,0.300
396,1776949290.552837,camera_init,52.924017,-1.328708,0.000000,0.005606,-0.021676,-0.098376,0.994897,-0.197445,none,0.300
397,1776949291.052839,camera_init,53.239735,-1.388334,0.000000,0.002997,-0.020629,-0.079029,0.996654,-0.158445,none,0.300
398,1776949291.553964,camera_init,53.554561,-1.427749,0.000000,0.006720,-0.019634,-0.060986,0.997923,-0.122377,none,0.300
399,1776949292.052031,camera_init,53.867898,-1.467379,0.000000,0.003964,-0.020342,-0.053128,0.998373,-0.106531,none,0.300
400,1776949292.552847,camera_init,54.165692,-1.509635,0.000000,0.004578,-0.021681,-0.048006,0.998601,-0.096314,none,0.300
401,1776949293.052891,camera_init,54.467343,-1.526347,0.000000,0.002144,-0.022025,-0.025501,0.999430,-0.051138,none,0.300
402,1776949293.552785,camera_init,54.781361,-1.510293,0.000000,0.001554,-0.018758,-0.008688,0.999785,-0.017444,none,0.300
403,1776949294.052770,camera_init,55.101874,-1.521276,0.000000,0.001044,-0.019744,0.000302,0.999804,0.000564,none,0.300
404,1776949294.652806,camera_init,55.418934,-1.538452,0.000000,0.000626,-0.020800,0.003449,0.999778,0.006876,none,0.300
405,1776949295.252125,camera_init,55.774315,-1.516030,0.000000,0.002203,-0.015654,0.006672,0.999853,0.013279,none,0.300
406,1776949295.850634,camera_init,56.130729,-1.515547,0.000000,0.002365,-0.016087,0.011916,0.999797,0.023766,none,0.300
407,1776949296.452045,camera_init,56.485504,-1.498693,0.000000,-0.002416,-0.015115,0.022421,0.999631,0.044934,none,0.300
408,1776949297.048214,camera_init,56.828168,-1.495569,0.000000,0.000886,-0.014307,0.018127,0.999733,0.036242,none,0.300
409,1776949297.650149,camera_init,57.167343,-1.485409,0.000000,0.000538,-0.017106,-0.001217,0.999853,-0.002454,none,0.300
410,1776949298.153821,camera_init,57.473000,-1.509481,0.000000,0.003416,-0.015763,-0.034672,0.999269,-0.069491,none,0.300
411,1776949298.752316,camera_init,57.792415,-1.534344,0.000000,0.007110,-0.009848,-0.049889,0.998681,-0.099971,none,0.300
412,1776949305.753791,camera_init,57.829276,-1.496519,0.000000,-0.005116,-0.012128,0.079858,0.996719,0.160042,stop_10s,0.300
413,1776949312.351764,camera_init,58.159163,-1.517935,0.000000,0.003429,-0.013193,-0.031958,0.999396,-0.064033,none,0.300
414,1776949313.153703,camera_init,58.463339,-1.544636,0.000000,0.007806,-0.014624,-0.047117,0.998752,-0.094524,none,0.300
415,1776949313.753541,camera_init,58.769966,-1.576444,0.000000,0.004750,-0.013042,-0.046145,0.998838,-0.092468,none,0.300
416,1776949314.353702,camera_init,59.138015,-1.615181,0.000000,0.005132,-0.017979,-0.043483,0.998879,-0.087219,none,0.300
417,1776949314.853509,camera_init,59.444611,-1.629197,0.000000,0.006166,-0.018032,-0.037646,0.999109,-0.075567,none,0.300
418,1776949315.353368,camera_init,59.759685,-1.650963,0.000000,0.003696,-0.014922,-0.030545,0.999415,-0.061230,none,0.300
419,1776949315.951776,camera_init,60.116247,-1.673990,0.000000,0.004821,-0.014090,-0.024951,0.999578,-0.050057,none,0.300
420,1776949316.453609,camera_init,60.442428,-1.697671,0.000000,0.000977,-0.015235,-0.021673,0.999649,-0.043393,none,0.300
421,1776949316.951393,camera_init,60.761437,-1.688329,0.000000,0.003358,-0.017880,-0.017391,0.999683,-0.034919,none,0.300
422,1776949317.453565,camera_init,61.103256,-1.709553,0.000000,0.003873,-0.016633,-0.026670,0.999498,-0.053496,none,0.300
423,1776949317.950248,camera_init,61.435817,-1.729316,0.000000,0.003148,-0.016225,-0.018413,0.999694,-0.036945,none,0.300
424,1776949318.453446,camera_init,61.778710,-1.747934,0.000000,0.003107,-0.014846,-0.017354,0.999734,-0.034812,none,0.300
425,1776949318.953308,camera_init,62.110224,-1.755156,0.000000,0.005433,-0.017406,-0.013634,0.999741,-0.027471,none,0.300
426,1776949319.453475,camera_init,62.467081,-1.763904,0.000000,0.004381,-0.013978,-0.011339,0.999828,-0.022807,none,0.300
427,1776949319.952469,camera_init,62.828637,-1.768238,0.000000,0.003978,-0.013269,-0.003314,0.999899,-0.006735,none,0.300
428,1776949320.353541,camera_init,63.155449,-1.775122,0.000000,0.004545,-0.013882,-0.017301,0.999744,-0.034739,none,0.300
429,1776949320.853436,camera_init,63.509111,-1.806793,0.000000,0.006655,-0.015678,-0.048606,0.998673,-0.097492,none,0.300
430,1776949321.353475,camera_init,63.875480,-1.874893,0.000000,0.008447,-0.017580,-0.074649,0.997019,-0.149795,none,0.300
431,1776949321.753425,camera_init,64.181915,-1.931786,0.000000,0.012092,-0.015358,-0.095103,0.995276,-0.190912,none,0.300
432,1776949322.151772,camera_init,64.485330,-1.974752,0.000000,0.010640,-0.015282,-0.102504,0.994558,-0.205748,none,0.300
433,1776949322.653370,camera_init,64.835391,-2.073309,0.000000,0.012244,-0.017210,-0.100354,0.994728,-0.201534,none,0.300
434,1776949323.053358,camera_init,65.134455,-2.119568,0.000000,0.013655,-0.017552,-0.105296,0.994192,-0.211529,none,0.300
435,1776949323.553335,camera_init,65.495658,-2.190155,0.000000,0.012363,-0.018124,-0.101849,0.994558,-0.204576,none,0.300
436,1776949324.053399,camera_init,65.865932,-2.253236,0.000000,0.013170,-0.016625,-0.097600,0.995000,-0.196005,none,0.300
437,1776949324.453386,camera_init,66.170646,-2.325724,0.000000,0.010134,-0.017366,-0.091904,0.995565,-0.184488,none,0.300
438,1776949324.853431,camera_init,66.489161,-2.394645,0.000000,0.010197,-0.014168,-0.086492,0.996100,-0.173529,none,0.300
439,1776949325.253337,camera_init,66.788496,-2.447947,0.000000,0.010663,-0.017086,-0.082570,0.996382,-0.165751,none,0.300
440,1776949325.753424,camera_init,67.163746,-2.494056,0.000000,0.010092,-0.015763,-0.078867,0.996709,-0.158262,none,0.300
441,1776949326.151334,camera_init,67.481567,-2.540738,0.000000,0.009687,-0.016351,-0.073607,0.997106,-0.147712,none,0.300
442,1776949326.551644,camera_init,67.788911,-2.588483,0.000000,0.007382,-0.015342,-0.067443,0.997578,-0.135256,none,0.300
443,1776949326.943403,camera_init,68.093473,-2.625204,0.000000,0.010120,-0.014121,-0.062946,0.997866,-0.126290,none,0.300
444,1776949327.351946,camera_init,68.400615,-2.671150,0.000000,0.006673,-0.013350,-0.057068,0.998259,-0.114404,none,0.300
445,1776949327.746880,camera_init,68.707436,-2.699233,0.000000,0.010000,-0.016217,-0.053163,0.998404,-0.106735,none,0.300
446,1776949328.149443,camera_init,69.021008,-2.722278,0.000000,0.009953,-0.011711,-0.048456,0.998707,-0.097196,none,0.300
447,1776949328.553293,camera_init,69.327780,-2.760146,0.000000,0.010199,-0.013919,-0.043804,0.998891,-0.087940,none,0.300
448,1776949329.053201,camera_init,69.694872,-2.787308,0.000000,0.008411,-0.009236,-0.037036,0.999236,-0.074250,none,0.300
449,1776949329.453282,camera_init,70.001406,-2.814751,0.000000,0.009242,-0.012180,-0.050873,0.998588,-0.102032,none,0.300
450,1776949329.853262,camera_init,70.317040,-2.842900,0.000000,0.010212,-0.013162,-0.062933,0.997879,-0.126242,none,0.300
451,1776949330.253310,camera_init,70.621915,-2.892119,0.000000,0.011259,-0.013562,-0.063127,0.997850,-0.126669,none,0.300
452,1776949330.753231,camera_init,70.999208,-2.943129,0.000000,0.007843,-0.010889,-0.057866,0.998234,-0.115984,none,0.300
453,1776949331.153278,camera_init,71.306418,-2.973436,0.000000,0.008258,-0.012140,-0.055525,0.998349,-0.111327,none,0.300
454,1776949331.652177,camera_init,71.668282,-3.013125,0.000000,0.005372,-0.016002,-0.051959,0.998507,-0.104175,none,0.300
455,1776949332.053325,camera_init,71.982319,-3.034753,0.000000,0.006803,-0.017255,-0.050108,0.998572,-0.100534,none,0.300
456,1776949332.451135,camera_init,72.300562,-3.075574,0.000000,0.007503,-0.009712,-0.044612,0.998929,-0.089409,none,0.300
457,1776949332.853179,camera_init,72.615347,-3.089866,0.000000,0.005646,-0.010956,-0.038879,0.999168,-0.077913,none,0.300
458,1776949333.353159,camera_init,72.972930,-3.126684,0.000000,0.008455,-0.012010,-0.034084,0.999311,-0.068396,none,0.300
459,1776949333.753164,camera_init,73.291428,-3.164093,0.000000,0.007108,-0.014154,-0.031562,0.999376,-0.063352,none,0.300
460,1776949334.153277,camera_init,73.608796,-3.162231,0.000000,0.009022,-0.015483,-0.034883,0.999231,-0.070081,none,0.300
461,1776949334.653248,camera_init,73.974360,-3.202234,0.000000,0.010389,-0.009652,-0.037804,0.999185,-0.075833,none,0.300
462,1776949335.153152,camera_init,74.337294,-3.241871,0.000000,0.007092,-0.012769,-0.047595,0.998760,-0.095428,none,0.300
463,1776949335.553126,camera_init,74.637159,-3.269865,0.000000,0.010641,-0.010246,-0.052390,0.998517,-0.105055,none,0.300
464,1776949335.953305,camera_init,74.946490,-3.301611,0.000000,0.008256,-0.011617,-0.056771,0.998285,-0.113813,none,0.300
465,1776949336.449780,camera_init,75.319981,-3.345584,0.000000,0.009644,-0.012344,-0.066494,0.997664,-0.133346,none,0.300
466,1776949336.853224,camera_init,75.626638,-3.372875,0.000000,0.012669,-0.011046,-0.075947,0.996970,-0.152333,none,0.300
467,1776949337.349668,camera_init,75.989076,-3.453526,0.000000,0.012419,-0.013617,-0.089861,0.995784,-0.180335,none,0.300
468,1776949337.852862,camera_init,76.347497,-3.526477,0.000000,0.011413,-0.012893,-0.096905,0.995145,-0.194440,none,0.300
469,1776949338.351557,camera_init,76.717829,-3.585581,0.000000,0.008185,-0.012141,-0.097020,0.995175,-0.194577,none,0.300
470,1776949338.851560,camera_init,77.059043,-3.658718,0.000000,0.010348,-0.014047,-0.089086,0.995871,-0.178739,none,0.300
471,1776949339.352780,camera_init,77.401120,-3.720603,0.000000,0.011195,-0.013710,-0.085927,0.996144,-0.172406,none,0.300
472,1776949339.853062,camera_init,77.768475,-3.771885,0.000000,0.011356,-0.012961,-0.080347,0.996618,-0.161187,none,0.300
473,1776949340.353200,camera_init,78.122113,-3.825939,0.000000,0.010938,-0.013434,-0.077208,0.996864,-0.154893,none,0.300
474,1776949340.853118,camera_init,78.465638,-3.889207,0.000000,0.008848,-0.016119,-0.072781,0.997178,-0.146024,none,0.300
475,1776949341.252961,camera_init,78.764387,-3.940254,0.000000,0.009164,-0.014413,-0.064457,0.997774,-0.129300,none,0.300
476,1776949341.750418,camera_init,79.109698,-3.977513,0.000000,0.008101,-0.012154,-0.058527,0.998179,-0.117339,none,0.300
477,1776949342.253101,camera_init,79.429515,-4.024601,0.000000,0.006860,-0.010255,-0.052652,0.998537,-0.105507,none,0.300
478,1776949342.751889,camera_init,79.776851,-4.043723,0.000000,0.003649,-0.013721,-0.031364,0.999407,-0.062855,none,0.300
479,1776949343.252980,camera_init,80.119766,-4.048470,0.000000,0.004735,-0.015439,-0.011316,0.999806,-0.022787,none,0.300
480,1776949343.753130,camera_init,80.453422,-4.056091,0.000000,0.002719,-0.011478,0.000955,0.999930,0.001847,none,0.300
481,1776949344.253122,camera_init,80.804218,-4.043999,0.000000,0.004665,-0.012337,0.008245,0.999879,0.016379,none,0.300
482,1776949344.752990,camera_init,81.165384,-4.045594,0.000000,0.003228,-0.013807,0.011419,0.999834,0.022757,none,0.300
483,1776949345.152946,camera_init,81.469582,-4.037045,0.000000,-0.001705,-0.011096,0.015565,0.999816,0.031174,none,0.300
484,1776949345.652944,camera_init,81.823803,-3.999901,0.000000,-0.001247,-0.011716,0.022529,0.999677,0.045101,none,0.300
485,1776949346.153035,camera_init,82.172033,-3.993791,0.000000,-0.000608,-0.013281,0.029907,0.999464,0.059855,none,0.300
486,1776949346.552910,camera_init,82.472204,-3.967776,0.000000,-0.000397,-0.011655,0.034740,0.999328,0.069517,none,0.300
487,1776949346.952803,camera_init,82.781084,-3.944238,0.000000,-0.000413,-0.010022,0.035361,0.999324,0.070756,none,0.300
488,1776949347.452664,camera_init,83.139010,-3.916187,0.000000,-0.000702,-0.013476,0.043934,0.998943,0.087940,none,0.300
489,1776949347.953031,camera_init,83.491068,-3.873621,0.000000,-0.003529,-0.012334,0.068276,0.997584,0.136776,none,0.300
490,1776949348.351703,camera_init,83.798746,-3.817322,0.000000,-0.005945,-0.014169,0.102555,0.994609,0.205694,none,0.300
491,1776949348.852879,camera_init,84.119321,-3.703650,0.000000,-0.010258,-0.009708,0.170732,0.985216,0.343363,none,0.300
492,1776949349.352841,camera_init,84.451755,-3.548896,0.000000,-0.014091,-0.010950,0.231816,0.972596,0.468204,none,0.300
493,1776949349.852832,camera_init,84.754789,-3.331066,0.000000,-0.017890,-0.007372,0.296614,0.954801,0.602473,none,0.300
494,1776949350.352908,camera_init,85.023349,-3.083275,0.000000,-0.026782,-0.009564,0.376565,0.925953,0.772431,none,0.300
495,1776949350.852913,camera_init,85.232757,-2.780737,0.000000,-0.030930,-0.005945,0.450477,0.892232,0.934576,none,0.300
496,1776949351.352841,camera_init,85.440778,-2.486456,0.000000,-0.034649,-0.008308,0.464216,0.885005,0.965561,none,0.300
497,1776949351.850729,camera_init,85.619484,-2.175384,0.000000,-0.038703,-0.004943,0.520962,0.852688,1.095748,none,0.300
498,1776949352.252802,camera_init,85.723387,-1.874080,0.000000,-0.041363,-0.003878,0.567576,0.822272,1.206835,none,0.300
499,1776949352.751683,camera_init,85.801458,-1.514978,0.000000,-0.046237,-0.003937,0.616520,0.785970,1.328343,none,0.300
500,1776949353.152812,camera_init,85.834703,-1.216483,0.000000,-0.048329,-0.004881,0.654377,0.754607,1.426537,none,0.300
501,1776949353.652897,camera_init,85.853908,-0.866192,0.000000,-0.052912,-0.003925,0.699341,0.712816,1.548931,none,0.300
502,1776949354.152777,camera_init,85.800957,-0.492591,0.000000,-0.058156,-0.000674,0.740547,0.669483,1.668125,none,0.300
503,1776949354.552746,camera_init,85.754216,-0.193401,0.000000,-0.059501,-0.001318,0.759082,0.648268,1.724417,none,0.300
504,1776949355.052706,camera_init,85.701233,0.169423,0.000000,-0.058315,0.001489,0.766783,0.639250,1.748383,none,0.300
505,1776949355.552652,camera_init,85.627797,0.528210,0.000000,-0.060535,-0.000401,0.771283,0.633607,1.762549,none,0.300
506,1776949356.052842,camera_init,85.556921,0.889344,0.000000,-0.060824,-0.001040,0.776537,0.627129,1.779222,none,0.300
507,1776949356.451343,camera_init,85.468015,1.177922,0.000000,-0.062525,-0.001201,0.794535,0.603990,1.837798,none,0.300
508,1776949356.952604,camera_init,85.330005,1.528043,0.000000,-0.067748,0.000270,0.827574,0.557254,1.952084,none,0.300
509,1776949357.450847,camera_init,85.169054,1.845056,0.000000,-0.066555,0.003616,0.843487,0.532998,2.010695,none,0.300
510,1776949357.951214,camera_init,85.001904,2.168874,0.000000,-0.072011,0.004050,0.860593,0.504161,2.077464,none,0.300
511,1776949358.452761,camera_init,84.782969,2.471676,0.000000,-0.070308,0.005536,0.883418,0.463249,2.172039,none,0.300
512,1776949358.952554,camera_init,84.545746,2.757250,0.000000,-0.072210,0.006920,0.903067,0.423329,2.261526,none,0.300
513,1776949359.452739,camera_init,84.312535,3.028056,0.000000,-0.071839,0.009003,0.920205,0.384683,2.346938,none,0.300
514,1776949359.952683,camera_init,84.019934,3.247636,0.000000,-0.077043,0.010488,0.945347,0.316659,2.492909,none,0.300
515,1776949360.352696,camera_init,83.756111,3.392610,0.000000,-0.083428,0.011137,0.963150,0.255457,2.621271,none,0.300
516,1776949360.852735,camera_init,83.418768,3.539096,0.000000,-0.081769,0.011027,0.976254,0.200302,2.735922,none,0.300
517,1776949361.352638,camera_init,83.076509,3.651682,0.000000,-0.085368,0.012824,0.983278,0.160348,2.818100,none,0.300
518,1776949361.850815,camera_init,82.718114,3.753706,0.000000,-0.082905,0.013163,0.987854,0.130758,2.878760,none,0.300
519,1776949362.248566,camera_init,82.419528,3.830923,0.000000,-0.078107,0.012734,0.990314,0.114089,2.912789,none,0.300
520,1776949362.652195,camera_init,82.113704,3.884900,0.000000,-0.078402,0.012004,0.991255,0.105468,2.930178,none,0.300
521,1776949363.052339,camera_init,81.807078,3.945866,0.000000,-0.078497,0.012492,0.992587,0.091943,2.957696,none,0.300
522,1776949363.452598,camera_init,81.513864,4.012946,0.000000,-0.081231,0.013423,0.992522,0.090117,2.961501,none,0.300
523,1776949363.852635,camera_init,81.215432,4.056100,0.000000,-0.076791,0.011837,0.993848,0.078923,2.983999,none,0.300
524,1776949364.352773,camera_init,80.859767,4.087462,0.000000,-0.078149,0.013195,0.995685,0.048262,3.046223,none,0.300
525,1776949364.752656,camera_init,80.556794,4.119095,0.000000,-0.078229,0.016471,0.996158,0.035760,3.072006,none,0.300
526,1776949365.152570,camera_init,80.257551,4.143493,0.000000,-0.075503,0.014080,0.996662,0.027680,3.087901,none,0.300
527,1776949365.552519,camera_init,79.956478,4.152421,0.000000,-0.077003,0.013974,0.996595,0.025964,3.091371,none,0.300
528,1776949365.952637,camera_init,79.657291,4.187533,0.000000,-0.078201,0.014344,0.996575,0.022737,3.097967,none,0.300
529,1776949366.352588,camera_init,79.355771,4.186037,0.000000,-0.076607,0.013502,0.996716,0.022518,3.098248,none,0.300
530,1776949366.752603,camera_init,79.043711,4.185314,0.000000,-0.078992,0.016101,0.996610,0.016406,3.111048,none,0.300
531,1776949367.150899,camera_init,78.735459,4.199747,0.000000,-0.080073,0.014686,0.996679,-0.002111,-3.134948,none,0.300
532,1776949367.652593,camera_init,78.375113,4.200986,0.000000,-0.077340,0.016554,0.996827,-0.009015,-3.120811,none,0.300
533,1776949368.050612,camera_init,78.073865,4.184242,0.000000,-0.077264,0.014002,0.996660,-0.022437,-3.094125,none,0.300
534,1776949368.452723,camera_init,77.767655,4.163379,0.000000,-0.077432,0.016082,0.996504,-0.026929,-3.084728,none,0.300
535,1776949368.851455,camera_init,77.445555,4.144196,0.000000,-0.078253,0.015283,0.995840,-0.044102,-3.050140,none,0.300
536,1776949369.352750,camera_init,77.083278,4.091148,0.000000,-0.078358,0.015660,0.994912,-0.061363,-3.015197,none,0.300
537,1776949369.752399,camera_init,76.784612,4.050632,0.000000,-0.078446,0.014626,0.994220,-0.071831,-2.994185,none,0.300
538,1776949370.152577,camera_init,76.482762,4.011334,0.000000,-0.074216,0.014902,0.994197,-0.076440,-2.985096,none,0.300
539,1776949370.552757,camera_init,76.183062,3.951738,0.000000,-0.078539,0.015443,0.993315,-0.083173,-2.971099,none,0.300
540,1776949370.952654,camera_init,75.882235,3.889534,0.000000,-0.077855,0.016210,0.992229,-0.095695,-2.945670,none,0.300
541,1776949371.452653,camera_init,75.516313,3.825186,0.000000,-0.078800,0.013819,0.991106,-0.106338,-2.924380,none,0.300
542,1776949371.851346,camera_init,75.218034,3.763891,0.000000,-0.077581,0.015097,0.990549,-0.112102,-2.912590,none,0.300
543,1776949372.248883,camera_init,74.923416,3.682029,0.000000,-0.075115,0.013757,0.988858,-0.127786,-2.881145,none,0.300
544,1776949372.652704,camera_init,74.629256,3.587760,0.000000,-0.073802,0.014950,0.981530,-0.175864,-2.783087,none,0.300
545,1776949373.152639,camera_init,74.310354,3.415020,0.000000,-0.073514,0.014521,0.966909,-0.243869,-2.643086,none,0.300
546,1776949373.552606,camera_init,74.055068,3.244230,0.000000,-0.071721,0.014754,0.952376,-0.296005,-2.534335,none,0.300
547,1776949373.952716,camera_init,73.813454,3.062896,0.000000,-0.074575,0.016256,0.937208,-0.340317,-2.439664,none,0.300
548,1776949374.352656,camera_init,73.596273,2.842351,0.000000,-0.072780,0.014740,0.928293,-0.364360,-2.388467,none,0.300
549,1776949374.852732,camera_init,73.323586,2.600599,0.000000,-0.070888,0.016259,0.921175,-0.382291,-2.349812,none,0.300
550,1776949375.352619,camera_init,73.079519,2.317921,0.000000,-0.071757,0.017168,0.918144,-0.389318,-2.334260,none,0.300
551,1776949375.752650,camera_init,72.849495,2.096210,0.000000,-0.074900,0.016627,0.916056,-0.393644,-2.324249,none,0.300
552,1776949376.152471,camera_init,72.636125,1.876611,0.000000,-0.075591,0.018340,0.915759,-0.394126,-2.322895,none,0.300
553,1776949376.651261,camera_init,72.400250,1.601350,0.000000,-0.074167,0.015728,0.912733,-0.401460,-2.307351,none,0.300
554,1776949377.052247,camera_init,72.186907,1.370107,0.000000,-0.073973,0.016768,0.911609,-0.404000,-2.301716,none,0.300
555,1776949377.452417,camera_init,71.975357,1.145138,0.000000,-0.073639,0.017059,0.910807,-0.405854,-2.297682,none,0.300
556,1776949377.852566,camera_init,71.764462,0.909802,0.000000,-0.076192,0.016761,0.909032,-0.409359,-2.289470,none,0.300
557,1776949378.250263,camera_init,71.564181,0.683223,0.000000,-0.079783,0.019018,0.908798,-0.409095,-2.289075,none,0.300
558,1776949378.652733,camera_init,71.357631,0.452607,0.000000,-0.075770,0.016875,0.906814,-0.414322,-2.278596,none,0.300
559,1776949379.152584,camera_init,71.124820,0.161262,0.000000,-0.075240,0.016889,0.904043,-0.420428,-2.265199,none,0.300
560,1776949379.552646,camera_init,70.926380,-0.075698,0.000000,-0.073474,0.015366,0.903260,-0.422478,-2.261151,none,0.300
561,1776949379.952629,camera_init,70.726832,-0.306168,0.000000,-0.071156,0.016965,0.901661,-0.426212,-2.253202,none,0.300
562,1776949380.352770,camera_init,70.528461,-0.534852,0.000000,-0.070222,0.018685,0.901702,-0.426209,-2.253260,none,0.300
563,1776949380.752688,camera_init,70.325765,-0.763842,0.000000,-0.068592,0.018275,0.899311,-0.431511,-2.241832,none,0.300
564,1776949381.252756,camera_init,70.100279,-1.048467,0.000000,-0.070044,0.017179,0.906458,-0.416092,-2.275818,none,0.300
565,1776949381.652746,camera_init,69.889067,-1.262732,0.000000,-0.072262,0.018422,0.912887,-0.401342,-2.307747,none,0.300
566,1776949382.150191,camera_init,69.624113,-1.532850,0.000000,-0.077620,0.016426,0.929498,-0.360193,-2.396387,none,0.300
567,1776949382.552720,camera_init,69.377405,-1.723338,0.000000,-0.075033,0.017481,0.946256,-0.314109,-2.495252,none,0.300
568,1776949382.951079,camera_init,69.123194,-1.885808,0.000000,-0.077100,0.016288,0.956898,-0.279530,-2.567944,none,0.300
569,1776949383.452661,camera_init,68.791445,-2.050190,0.000000,-0.078163,0.016030,0.967419,-0.240281,-2.649694,none,0.300
570,1776949383.952379,camera_init,68.442360,-2.205519,0.000000,-0.078816,0.014078,0.977218,-0.196559,-2.740186,none,0.300
571,1776949384.352645,camera_init,68.145284,-2.304231,0.000000,-0.075841,0.014320,0.982615,-0.168852,-2.797298,none,0.300
572,1776949384.852705,camera_init,67.810971,-2.410692,0.000000,-0.080947,0.015869,0.987120,-0.137074,-2.861393,none,0.300
573,1776949385.252612,camera_init,67.504629,-2.477282,0.000000,-0.081846,0.015160,0.990229,-0.111882,-2.912663,none,0.300
574,1776949385.652504,camera_init,67.203717,-2.554725,0.000000,-0.081968,0.015128,0.991200,-0.102837,-2.931025,none,0.300
575,1776949386.152728,camera_init,66.836887,-2.629324,0.000000,-0.082306,0.014158,0.991303,-0.101699,-2.933462,none,0.300
576,1776949386.552210,camera_init,66.525827,-2.694404,0.000000,-0.081420,0.013330,0.991485,-0.100748,-2.935592,none,0.300
577,1776949386.952505,camera_init,66.210715,-2.757154,0.000000,-0.083101,0.015045,0.991246,-0.101488,-2.933683,none,0.300
578,1776949387.349964,camera_init,65.916808,-2.825745,0.000000,-0.079194,0.013478,0.991316,-0.104111,-2.928920,none,0.300
579,1776949387.752620,camera_init,65.590141,-2.893727,0.000000,-0.081059,0.012757,0.991099,-0.104833,-2.927421,none,0.300
580,1776949388.150745,camera_init,65.282301,-2.957443,0.000000,-0.082203,0.015431,0.991277,-0.101860,-2.932940,none,0.300
581,1776949388.550529,camera_init,64.967680,-3.018553,0.000000,-0.080838,0.014161,0.991297,-0.102934,-2.931071,none,0.300
582,1776949388.952254,camera_init,64.655769,-3.098073,0.000000,-0.081358,0.016515,0.992051,-0.094563,-2.947639,none,0.300
583,1776949389.352182,camera_init,64.352773,-3.146286,0.000000,-0.078979,0.015741,0.993834,-0.076212,-2.985111,none,0.300
584,1776949389.752580,camera_init,64.041592,-3.177391,0.000000,-0.079343,0.016614,0.995220,-0.054466,-3.028928,none,0.300
585,1776949390.152602,camera_init,63.720335,-3.203452,0.000000,-0.081168,0.015223,0.995309,-0.050397,-3.037268,none,0.300
586,1776949390.552588,camera_init,63.403420,-3.242881,0.000000,-0.081599,0.015883,0.995339,-0.048888,-3.040189,none,0.300
587,1776949390.952538,camera_init,63.100815,-3.292059,0.000000,-0.079626,0.016695,0.995163,-0.055064,-3.027690,none,0.300
588,1776949391.352993,camera_init,62.786763,-3.306862,0.000000,-0.083647,0.019755,0.994836,-0.053981,-3.029121,none,0.300
589,1776949391.752774,camera_init,62.446942,-3.347747,0.000000,-0.077262,0.016228,0.995082,-0.059828,-3.018280,none,0.300
590,1776949392.150751,camera_init,62.133289,-3.390664,0.000000,-0.075207,0.014645,0.995571,-0.054477,-3.029448,none,0.300
591,1776949392.652766,camera_init,61.757829,-3.434729,0.000000,-0.081730,0.016260,0.995145,-0.052373,-3.033072,none,0.300
592,1776949393.051821,camera_init,61.447486,-3.462828,0.000000,-0.082748,0.014727,0.995155,-0.051018,-3.036006,none,0.300
593,1776949393.453792,camera_init,61.127167,-3.491714,0.000000,-0.084147,0.018621,0.995822,-0.030167,-3.077438,none,0.300
594,1776949393.852945,camera_init,60.805371,-3.497318,0.000000,-0.083561,0.017017,0.996350,-0.003747,-3.131136,none,0.300
595,1776949394.252724,camera_init,60.488226,-3.478958,0.000000,-0.081821,0.015994,0.996453,0.011410,3.121195,none,0.300
596,1776949394.652985,camera_init,60.154500,-3.486110,0.000000,-0.080477,0.014209,0.996575,0.012667,3.118328,none,0.300
597,1776949395.052706,camera_init,59.837262,-3.481948,0.000000,-0.081911,0.014643,0.996456,0.012345,3.119085,none,0.300
598,1776949395.452028,camera_init,59.514152,-3.464007,0.000000,-0.083561,0.015485,0.996299,0.012885,3.118176,none,0.300
599,1776949395.852371,camera_init,59.197820,-3.478042,0.000000,-0.081956,0.015404,0.996294,0.021057,3.101607,none,0.300
600,1776949396.252336,camera_init,58.884492,-3.437592,0.000000,-0.080177,0.016499,0.995992,0.036054,3.071450,none,0.300
601,1776949396.652131,camera_init,58.556537,-3.408810,0.000000,-0.083529,0.015505,0.995253,0.047482,3.048214,none,0.300
602,1776949397.049879,camera_init,58.235565,-3.388777,0.000000,-0.081048,0.014644,0.995246,0.051987,3.038938,none,0.300
603,1776949397.452566,camera_init,57.903975,-3.360211,0.000000,-0.079800,0.015982,0.995435,0.049866,3.043440,none,0.300
604,1776949397.850058,camera_init,57.588250,-3.328908,0.000000,-0.078342,0.013185,0.995841,0.044593,3.053639,none,0.300
605,1776949398.247676,camera_init,57.285633,-3.294832,0.000000,-0.082686,0.013659,0.995538,0.043360,3.056234,none,0.300
606,1776949398.650713,camera_init,56.932096,-3.273537,0.000000,-0.082800,0.014934,0.995745,0.037597,3.068107,none,0.300
607,1776949399.053073,camera_init,56.592288,-3.259270,0.000000,-0.083137,0.014472,0.995783,0.035985,3.071293,none,0.300
608,1776949399.452109,camera_init,56.286796,-3.239107,0.000000,-0.082023,0.017088,0.995895,0.034261,3.075201,none,0.300
609,1776949399.852578,camera_init,55.967509,-3.213082,0.000000,-0.085007,0.013361,0.995825,0.030447,3.082327,none,0.300
610,1776949400.253033,camera_init,55.635534,-3.187861,0.000000,-0.084029,0.013826,0.995755,0.034924,3.073338,none,0.300
611,1776949400.652665,camera_init,55.320937,-3.155748,0.000000,-0.082566,0.013465,0.995228,0.050232,3.042299,none,0.300
612,1776949401.053798,camera_init,55.001195,-3.126614,0.000000,-0.078739,0.012978,0.994228,0.071713,2.998756,none,0.300
613,1776949401.452780,camera_init,54.670473,-3.067154,0.000000,-0.080920,0.016570,0.993374,0.079910,2.982719,none,0.300
614,1776949401.852881,camera_init,54.344137,-3.010572,0.000000,-0.083530,0.016341,0.992638,0.086176,2.969951,none,0.300
615,1776949402.251555,camera_init,54.024043,-2.952619,0.000000,-0.083134,0.017062,0.992388,0.089244,2.963851,none,0.300
616,1776949402.653615,camera_init,53.695853,-2.895410,0.000000,-0.083935,0.017491,0.992185,0.090648,2.961065,none,0.300
617,1776949403.051945,camera_init,53.370205,-2.844656,0.000000,-0.080592,0.017528,0.992573,0.089422,2.963592,none,0.300
618,1776949403.453708,camera_init,53.061028,-2.792422,0.000000,-0.082685,0.020177,0.992666,0.085851,2.971266,none,0.300
619,1776949403.853607,camera_init,52.715586,-2.742789,0.000000,-0.080248,0.017423,0.993270,0.081682,2.979272,none,0.300
620,1776949404.252907,camera_init,52.379092,-2.680260,0.000000,-0.082437,0.020296,0.993384,0.077339,2.988549,none,0.300
621,1776949404.653592,camera_init,52.060240,-2.629909,0.000000,-0.080780,0.021909,0.993033,0.082949,2.977439,none,0.300
622,1776949405.052718,camera_init,51.731876,-2.565881,0.000000,-0.080383,0.019571,0.991448,0.100925,2.940583,none,0.300
623,1776949405.452764,camera_init,51.388315,-2.476163,0.000000,-0.082452,0.020557,0.988552,0.124678,2.892400,none,0.300
624,1776949405.853545,camera_init,51.050665,-2.390440,0.000000,-0.079437,0.018296,0.986313,0.143324,2.854088,none,0.300
625,1776949406.252854,camera_init,50.723085,-2.294027,0.000000,-0.075657,0.018360,0.986335,0.145193,2.850404,none,0.300
626,1776949406.652746,camera_init,50.388845,-2.197615,0.000000,-0.078643,0.017619,0.986621,0.141714,2.857291,none,0.300
627,1776949407.050405,camera_init,50.066055,-2.109410,0.000000,-0.079339,0.016178,0.987082,0.138250,2.864106,none,0.300
628,1776949407.447832,camera_init,49.744684,-2.015124,0.000000,-0.080831,0.018486,0.986846,0.138781,2.863344,none,0.300
629,1776949407.851570,camera_init,49.412295,-1.907194,0.000000,-0.081434,0.017003,0.987500,0.133881,2.873079,none,0.300
630,1776949408.251556,camera_init,49.083110,-1.836618,0.000000,-0.080039,0.016625,0.987989,0.131133,2.878664,none,0.300
631,1776949408.651989,camera_init,48.755048,-1.741193,0.000000,-0.079755,0.019334,0.988274,0.128761,2.883940,none,0.300
632,1776949409.052501,camera_init,48.431681,-1.660340,0.000000,-0.078197,0.017548,0.988966,0.124597,2.892172,none,0.300
633,1776949409.453312,camera_init,48.109617,-1.572433,0.000000,-0.079562,0.020013,0.988901,0.123871,2.894013,none,0.300
634,1776949409.853459,camera_init,47.769134,-1.481025,0.000000,-0.078887,0.016900,0.989722,0.118072,2.905329,none,0.300
635,1776949410.252630,camera_init,47.419138,-1.410799,0.000000,-0.080661,0.019192,0.989877,0.115194,2.911516,none,0.300
636,1776949410.653444,camera_init,47.086382,-1.337233,0.000000,-0.080497,0.017193,0.990388,0.111161,2.919395,none,0.300
637,1776949411.052776,camera_init,46.761997,-1.250934,0.000000,-0.079925,0.018740,0.990684,0.108658,2.924743,none,0.300
638,1776949411.452013,camera_init,46.425782,-1.199955,0.000000,-0.078018,0.019848,0.991137,0.105669,2.931018,none,0.300
639,1776949411.853451,camera_init,46.092118,-1.123682,0.000000,-0.081549,0.017699,0.991317,0.101621,2.938846,none,0.300
640,1776949412.251859,camera_init,45.765351,-1.052671,0.000000,-0.079450,0.016593,0.991586,0.100844,2.940276,none,0.300
641,1776949412.649536,camera_init,45.416157,-0.972541,0.000000,-0.081313,0.016076,0.990954,0.105542,2.930616,none,0.300
642,1776949413.052450,camera_init,45.116491,-0.919365,0.000000,-0.080904,0.018396,0.990804,0.106878,2.928289,none,0.300
643,1776949413.451607,camera_init,44.804008,-0.837747,0.000000,-0.078994,0.016837,0.990740,0.109134,2.923486,none,0.300
644,1776949413.852621,camera_init,44.488583,-0.759882,0.000000,-0.080245,0.014605,0.990592,0.109882,2.921580,none,0.300
645,1776949414.253214,camera_init,44.165509,-0.686496,0.000000,-0.079794,0.015294,0.991013,0.106265,2.929051,none,0.300
646,1776949414.652698,camera_init,43.838584,-0.632856,0.000000,-0.080178,0.014799,0.991391,0.102450,2.936713,none,0.300
647,1776949415.053533,camera_init,43.503839,-0.569927,0.000000,-0.080068,0.015964,0.991266,0.103564,2.934640,none,0.300
648,1776949415.453463,camera_init,43.181878,-0.497106,0.000000,-0.080275,0.017533,0.991020,0.105485,2.930990,none,0.300
649,1776949415.853324,camera_init,42.866091,-0.417094,0.000000,-0.077376,0.015347,0.990383,0.113660,2.914088,none,0.300
650,1776949416.253362,camera_init,42.561383,-0.333695,0.000000,-0.077973,0.016062,0.987962,0.132639,2.875569,none,0.300
651,1776949416.651570,camera_init,42.223167,-0.243506,0.000000,-0.079225,0.016730,0.985725,0.147612,2.845091,none,0.300
652,1776949417.048235,camera_init,41.901564,-0.136004,0.000000,-0.077457,0.015697,0.985539,0.149889,2.840348,none,0.300
653,1776949417.451819,camera_init,41.596337,-0.056618,0.000000,-0.078589,0.015097,0.985776,0.147788,2.844499,none,0.300
654,1776949417.849251,camera_init,41.264458,0.041297,0.000000,-0.080023,0.015717,0.986169,0.144292,2.851677,none,0.300
655,1776949418.251731,camera_init,40.935569,0.149153,0.000000,-0.082818,0.014695,0.986794,0.138433,2.863360,none,0.300
656,1776949418.651981,camera_init,40.587079,0.250673,0.000000,-0.077983,0.013940,0.987736,0.134546,2.871353,none,0.300
657,1776949419.052943,camera_init,40.247146,0.334825,0.000000,-0.079560,0.015484,0.987618,0.134316,2.872009,none,0.300
658,1776949419.452594,camera_init,39.905566,0.425492,0.000000,-0.079602,0.016444,0.988181,0.129969,2.881020,none,0.300
659,1776949419.853302,camera_init,39.598110,0.493860,0.000000,-0.080030,0.016165,0.988539,0.126982,2.887047,none,0.300
660,1776949420.252665,camera_init,39.269930,0.586179,0.000000,-0.077701,0.014966,0.989478,0.121125,2.898844,none,0.300
661,1776949420.653324,camera_init,38.924142,0.677377,0.000000,-0.077949,0.014716,0.990030,0.116395,2.908417,none,0.300
662,1776949421.053232,camera_init,38.589318,0.766793,0.000000,-0.080242,0.016301,0.989761,0.116914,2.907556,none,0.300
663,1776949421.453300,camera_init,38.269407,0.819509,0.000000,-0.079193,0.016749,0.990241,0.113448,2.914701,none,0.300
664,1776949421.853292,camera_init,37.928880,0.893372,0.000000,-0.079879,0.015195,0.990890,0.107357,2.926814,none,0.300
665,1776949422.252370,camera_init,37.562261,0.978950,0.000000,-0.079077,0.015363,0.991247,0.104597,2.932465,none,0.300
666,1776949422.649919,camera_init,37.245367,1.034243,0.000000,-0.077041,0.012814,0.992097,0.098207,2.945072,none,0.300
667,1776949423.053334,camera_init,36.912105,1.106813,0.000000,-0.078131,0.014928,0.991943,0.098597,2.944591,none,0.300
668,1776949423.452064,camera_init,36.565638,1.166485,0.000000,-0.080099,0.014203,0.992270,0.093714,2.954350,none,0.300
669,1776949423.853150,camera_init,36.205670,1.253697,0.000000,-0.078788,0.014885,0.993105,0.085524,2.971086,none,0.300
670,1776949424.253262,camera_init,35.839371,1.311410,0.000000,-0.079100,0.012925,0.993453,0.081410,2.979105,none,0.300
671,1776949424.653173,camera_init,35.496577,1.349687,0.000000,-0.080398,0.014146,0.993453,0.079924,2.982297,none,0.300
672,1776949425.053169,camera_init,35.139968,1.420167,0.000000,-0.078021,0.012921,0.993865,0.077323,2.987394,none,0.300
673,1776949425.453229,camera_init,34.802515,1.486393,0.000000,-0.080220,0.016343,0.993951,0.073205,2.996269,none,0.300
674,1776949425.851483,camera_init,34.443362,1.520272,0.000000,-0.079132,0.016825,0.994490,0.066676,3.009567,none,0.300
675,1776949426.251474,camera_init,34.085319,1.547630,0.000000,-0.080570,0.015484,0.994781,0.060665,3.021517,none,0.300
676,1776949426.631575,camera_init,33.757646,1.608008,0.000000,-0.081675,0.016617,0.994478,0.063770,3.015421,none,0.300
677,1776949427.039969,camera_init,33.395375,1.659033,0.000000,-0.079585,0.015222,0.994876,0.060464,3.021880,none,0.300
678,1776949427.443317,camera_init,33.055224,1.695716,0.000000,-0.080560,0.013921,0.995099,0.055625,3.031459,none,0.300
679,1776949427.847035,camera_init,32.704886,1.731164,0.000000,-0.080865,0.015522,0.995479,0.047350,3.048460,none,0.300
680,1776949428.249551,camera_init,32.344635,1.764064,0.000000,-0.081700,0.016047,0.995514,0.044945,3.053421,none,0.300
681,1776949428.653062,camera_init,31.992728,1.793521,0.000000,-0.076534,0.016014,0.995904,0.045393,3.052451,none,0.300
682,1776949429.052649,camera_init,31.621973,1.835701,0.000000,-0.078765,0.015365,0.995966,0.040135,3.062998,none,0.300
683,1776949429.453103,camera_init,31.271324,1.852777,0.000000,-0.080398,0.014000,0.996112,0.033168,3.076875,none,0.300
684,1776949429.853162,camera_init,30.923189,1.872895,0.000000,-0.079017,0.012845,0.996408,0.027597,3.087926,none,0.300
685,1776949430.252635,camera_init,30.548476,1.889388,0.000000,-0.081150,0.015340,0.996199,0.027692,3.088174,none,0.300
686,1776949430.653090,camera_init,30.178679,1.915483,0.000000,-0.079324,0.013698,0.996434,0.025272,3.092764,none,0.300
687,1776949431.053082,camera_init,29.808597,1.922776,0.000000,-0.081010,0.015177,0.996413,0.019212,3.105278,none,0.300
688,1776949431.453139,camera_init,29.419891,1.948934,0.000000,-0.080470,0.016044,0.996536,0.013551,3.116841,none,0.300
689,1776949431.852999,camera_init,29.043082,1.961669,0.000000,-0.079905,0.019656,0.996523,0.013076,3.118373,none,0.300
690,1776949432.253075,camera_init,28.672150,1.994809,0.000000,-0.078554,0.016129,0.996695,0.012980,3.117957,none,0.300
691,1776949432.651007,camera_init,28.306197,1.994142,0.000000,-0.077049,0.016346,0.996843,0.009996,3.123971,none,0.300
692,1776949433.053193,camera_init,27.955921,1.996037,0.000000,-0.077927,0.015276,0.996839,0.002382,3.139196,none,0.300
693,1776949433.452826,camera_init,27.598820,1.968187,0.000000,-0.079697,0.015847,0.996681,-0.004997,-3.128946,none,0.300
694,1776949433.852985,camera_init,27.233629,1.974014,0.000000,-0.082068,0.014836,0.996505,-0.004829,-3.129369,none,0.300
695,1776949434.252982,camera_init,26.858489,1.983357,0.000000,-0.079000,0.014710,0.996752,-0.005290,-3.128559,none,0.300
696,1776949434.653023,camera_init,26.522973,1.979718,0.000000,-0.079193,0.016436,0.996658,-0.011464,-3.115813,none,0.300
697,1776949435.053023,camera_init,26.159786,1.966131,0.000000,-0.079796,0.015216,0.996546,-0.017259,-3.104285,none,0.300
698,1776949435.451868,camera_init,25.772626,1.939112,0.000000,-0.080963,0.015664,0.996327,-0.023052,-3.092464,none,0.300
699,1776949435.852277,camera_init,25.426965,1.898798,0.000000,-0.078561,0.014670,0.995858,-0.043364,-3.051710,none,0.300
700,1776949436.251944,camera_init,25.081561,1.855122,0.000000,-0.081255,0.015491,0.992950,-0.084900,-2.967395,none,0.300
701,1776949436.652762,camera_init,24.741060,1.778079,0.000000,-0.081416,0.016483,0.988693,-0.124842,-2.886151,none,0.300
702,1776949437.035006,camera_init,24.419273,1.677398,0.000000,-0.077797,0.016939,0.985046,-0.152790,-2.829520,none,0.300
703,1776949437.441413,camera_init,24.066877,1.560511,0.000000,-0.075128,0.023076,0.981426,-0.175001,-2.783605,none,0.300
704,1776949437.844085,camera_init,23.738639,1.433066,0.000000,-0.076127,0.024734,0.980134,-0.181467,-2.770023,none,0.300
705,1776949438.247562,camera_init,23.409296,1.314652,0.000000,-0.081711,0.025046,0.976608,-0.197316,-2.736686,none,0.300
706,1776949438.651156,camera_init,23.083188,1.157194,0.000000,-0.080924,0.020582,0.973328,-0.213681,-2.703722,none,0.300
707,1776949439.051161,camera_init,22.768175,0.990572,0.000000,-0.080269,0.017460,0.971149,-0.223880,-2.683182,none,0.300
708,1776949439.451549,camera_init,22.429750,0.820890,0.000000,-0.077455,0.012242,0.970143,-0.229508,-2.672629,none,0.300
709,1776949439.852478,camera_init,22.118836,0.684575,0.000000,-0.080321,0.017033,0.971599,-0.221932,-2.687262,none,0.300
710,1776949440.252899,camera_init,21.785320,0.547574,0.000000,-0.079522,0.017238,0.976848,-0.197857,-2.736983,none,0.300
711,1776949440.652864,camera_init,21.460143,0.416566,0.000000,-0.077849,0.019682,0.980540,-0.179146,-2.775252,none,0.300
712,1776949441.052905,camera_init,21.127515,0.303696,0.000000,-0.075341,0.019754,0.987269,-0.138686,-2.858107,none,0.300
713,1776949441.452864,camera_init,20.756310,0.257199,0.000000,-0.080715,0.018708,0.994242,-0.067955,-3.001228,none,0.300
714,1776949441.851409,camera_init,20.389782,0.231195,0.000000,-0.083650,0.020513,0.996279,-0.003053,-3.131943,none,0.300
715,1776949442.252837,camera_init,20.054516,0.285337,0.000000,-0.079677,0.019651,0.995889,0.038355,3.067303,none,0.300
716,1776949442.651258,camera_init,19.719653,0.318505,0.000000,-0.075801,0.020995,0.996016,0.042022,3.060020,none,0.300
717,1776949443.052990,camera_init,19.365788,0.333397,0.000000,-0.078499,0.023277,0.995796,0.041059,3.062395,none,0.300
718,1776949443.452721,camera_init,19.038138,0.351922,0.000000,-0.082786,0.019972,0.995597,0.039170,3.065776,none,0.300
719,1776949443.852914,camera_init,18.692872,0.376323,0.000000,-0.078142,0.020093,0.996081,0.036224,3.071643,none,0.300
720,1776949444.252878,camera_init,18.353461,0.405315,0.000000,-0.078811,0.017465,0.996322,0.028756,3.086323,none,0.300
721,1776949444.652730,camera_init,18.001261,0.405095,0.000000,-0.078851,0.016477,0.996706,0.009368,3.125313,none,0.300
722,1776949445.052736,camera_init,17.662909,0.401355,0.000000,-0.081695,0.020807,0.996390,0.010047,3.124744,none,0.300
723,1776949445.452686,camera_init,17.352773,0.402115,0.000000,-0.077502,0.018839,0.996789,0.007034,3.130355,none,0.300
724,1776949445.852432,camera_init,17.037178,0.421989,0.000000,-0.073779,0.015962,0.997137,0.004432,3.135038,none,0.300
725,1776949446.226782,camera_init,16.730935,0.408790,0.000000,-0.081730,0.012753,0.996571,-0.002027,-3.135385,none,0.300
726,1776949446.630412,camera_init,16.384175,0.409218,0.000000,-0.082243,0.015576,0.996480,-0.004503,-3.129897,none,0.300
727,1776949447.032764,camera_init,16.054448,0.427063,0.000000,-0.080326,0.021141,0.996542,0.002350,3.140289,none,0.300
728,1776949447.435680,camera_init,15.711075,0.414665,0.000000,-0.077823,0.019055,0.996783,-0.002248,-3.134054,none,0.300
729,1776949447.839036,camera_init,15.376986,0.407422,0.000000,-0.077687,0.017018,0.996828,-0.003117,-3.132627,none,0.300
730,1776949448.242420,camera_init,15.033935,0.418114,0.000000,-0.076005,0.019368,0.996908,-0.004852,-3.128828,none,0.300
731,1776949448.647246,camera_init,14.693690,0.413138,0.000000,-0.082394,0.019053,0.996357,-0.010981,-3.116225,none,0.300
732,1776949449.050811,camera_init,14.376388,0.399654,0.000000,-0.079715,0.019428,0.996593,-0.008417,-3.121462,none,0.300
733,1776949449.451486,camera_init,14.043800,0.402558,0.000000,-0.082679,0.020740,0.996330,-0.007726,-3.122507,none,0.300
734,1776949449.852589,camera_init,13.730393,0.399927,0.000000,-0.084745,0.021389,0.996139,-0.008300,-3.121138,none,0.300
735,1776949450.252598,camera_init,13.424807,0.391519,0.000000,-0.075911,0.019161,0.996863,-0.011624,-3.115204,none,0.300
736,1776949450.752592,camera_init,13.064318,0.380802,0.000000,-0.076405,0.019284,0.996747,-0.016888,-3.104543,none,0.300
737,1776949451.152670,camera_init,12.756268,0.366862,0.000000,-0.077781,0.017783,0.996609,-0.020101,-3.098228,none,0.300
738,1776949451.552676,camera_init,12.418641,0.366433,0.000000,-0.074109,0.018457,0.996841,-0.021815,-3.094840,none,0.300
739,1776949451.950815,camera_init,12.084739,0.342033,0.000000,-0.076794,0.016037,0.996620,-0.024391,-3.089886,none,0.300
740,1776949452.452595,camera_init,11.709944,0.328155,0.000000,-0.079699,0.014598,0.996266,-0.029815,-3.079034,none,0.300
741,1776949452.850772,camera_init,11.374421,0.310062,0.000000,-0.076452,0.016082,0.996849,-0.013753,-3.111359,none,0.300
742,1776949453.252645,camera_init,11.048765,0.312169,0.000000,-0.079964,0.011764,0.996728,-0.000948,-3.137773,none,0.300
743,1776949453.652695,camera_init,10.746877,0.308219,0.000000,-0.078102,0.013895,0.996844,0.003126,3.137481,none,0.300
744,1776949454.052716,camera_init,10.434549,0.313639,0.000000,-0.079930,0.014826,0.996690,0.001000,-3.141211,none,0.300
745,1776949454.452768,camera_init,10.078400,0.322409,0.000000,-0.082102,0.014245,0.996519,-0.002505,-3.134161,none,0.300
746,1776949454.852789,camera_init,9.766412,0.300992,0.000000,-0.083127,0.013364,0.996418,-0.007957,-3.123260,none,0.300
747,1776949455.252693,camera_init,9.464108,0.294313,0.000000,-0.080434,0.013236,0.996629,-0.009251,-3.120753,none,0.300
748,1776949455.652596,camera_init,9.137432,0.290933,0.000000,-0.078299,0.010906,0.996838,-0.008050,-3.123614,none,0.300
749,1776949456.048616,camera_init,8.818064,0.303050,0.000000,-0.085804,0.013900,0.996169,-0.009615,-3.119728,none,0.300
750,1776949456.451338,camera_init,8.487710,0.299143,0.000000,-0.078594,0.013928,0.996755,-0.010463,-3.118255,none,0.300
751,1776949456.832224,camera_init,8.170930,0.286689,0.000000,-0.082095,0.015420,0.996404,-0.014181,-3.110378,none,0.300
752,1776949457.240839,camera_init,7.830022,0.272254,0.000000,-0.076911,0.017281,0.996806,-0.012772,-3.113134,none,0.300
753,1776949457.643484,camera_init,7.506159,0.257625,0.000000,-0.071644,0.015919,0.997170,-0.016281,-3.106477,none,0.300
754,1776949458.046775,camera_init,7.184939,0.248313,0.000000,-0.072816,0.014823,0.997035,-0.019960,-3.099174,none,0.300
755,1776949458.450507,camera_init,6.846947,0.239503,0.000000,-0.068481,0.011735,0.997351,-0.021518,-3.096629,none,0.300
756,1776949458.847399,camera_init,6.531338,0.219086,0.000000,-0.070227,0.013571,0.997089,-0.026415,-3.086445,none,0.300
757,1776949459.250872,camera_init,6.192338,0.188660,0.000000,-0.068389,0.015756,0.997201,-0.025778,-3.087500,none,0.300
758,1776949459.652241,camera_init,5.862303,0.177599,0.000000,-0.070168,0.015423,0.997010,-0.028454,-3.082078,none,0.300
759,1776949460.052525,camera_init,5.530151,0.156101,0.000000,-0.071372,0.015837,0.996847,-0.030848,-3.077139,none,0.300
760,1776949460.452732,camera_init,5.207021,0.144883,0.000000,-0.071119,0.015085,0.996948,-0.028453,-3.082087,none,0.300
761,1776949460.952724,camera_init,4.826143,0.131374,0.000000,-0.071232,0.014532,0.997196,-0.017742,-3.103747,none,0.300
762,1776949461.352833,camera_init,4.481557,0.124208,0.000000,-0.072526,0.014262,0.997215,-0.009893,-3.119561,none,0.300
763,1776949461.752663,camera_init,4.158161,0.117635,0.000000,-0.070908,0.014803,0.997372,0.001664,3.140361,none,0.300
764,1776949462.150443,camera_init,3.833691,0.141019,0.000000,-0.069312,0.014343,0.997437,0.010440,3.122570,none,0.300
765,1776949462.552585,camera_init,3.499061,0.144238,0.000000,-0.074323,0.016726,0.997018,0.012301,3.119301,none,0.300
766,1776949463.050566,camera_init,3.136221,0.148601,0.000000,-0.069069,0.016353,0.997387,0.013481,3.116718,none,0.300
767,1776949463.452676,camera_init,2.796440,0.148640,0.000000,-0.064724,0.016911,0.997700,0.010922,3.121821,none,0.300
768,1776949463.852280,camera_init,2.463243,0.147671,0.000000,-0.069399,0.014349,0.997472,0.005316,3.132894,none,0.300
769,1776949464.252764,camera_init,2.132840,0.144091,0.000000,-0.065535,0.012576,0.997771,-0.000411,-3.139104,none,0.300
770,1776949464.652656,camera_init,1.799313,0.152027,0.000000,-0.070765,0.010852,0.997424,-0.004559,-3.130856,none,0.300
771,1776949465.052699,camera_init,1.464254,0.145207,0.000000,-0.074097,0.011764,0.997171,-0.004548,-3.130659,none,0.300
772,1776949465.452714,camera_init,1.160100,0.134143,0.000000,-0.068189,0.013219,0.997571,-0.005196,-3.129309,none,0.300
773,1776949465.850762,camera_init,0.839944,0.126677,0.000000,-0.070091,0.013239,0.997418,-0.008297,-3.123002,none,0.300
774,1776949466.252486,camera_init,0.507201,0.125698,0.000000,-0.065985,0.013034,0.997667,-0.011704,-3.116297,none,0.300
775,1776949466.652021,camera_init,0.185191,0.136336,0.000000,-0.066543,0.012081,0.997609,-0.014236,-3.111309,none,0.300
776,1776949467.038138,camera_init,-0.134920,0.124761,0.000000,-0.063023,0.011136,0.997817,-0.016271,-3.107442,none,0.300
777,1776949467.440720,camera_init,-0.470635,0.102470,0.000000,-0.066447,0.011150,0.997517,-0.020487,-3.098852,none,0.300
778,1776949467.848087,camera_init,-0.813005,0.092648,0.000000,-0.068020,0.012677,0.997346,-0.022680,-3.094175,none,0.300
779,1776949468.251210,camera_init,-1.151294,0.087248,0.000000,-0.074016,0.013806,0.996844,-0.025161,-3.088789,none,0.300
780,1776949468.650353,camera_init,-1.471398,0.061039,0.000000,-0.070042,0.015705,0.997087,-0.025771,-3.087451,none,0.300
781,1776949469.052368,camera_init,-1.824624,0.027000,0.000000,-0.072720,0.015928,0.996833,-0.027956,-3.082895,none,0.300
782,1776949469.450802,camera_init,-2.137423,0.011899,0.000000,-0.066943,0.012745,0.997203,-0.030683,-3.078088,none,0.300
783,1776949469.852037,camera_init,-2.446079,0.013645,0.000000,-0.066541,0.017296,0.997242,-0.027963,-3.082975,none,0.300
784,1776949470.252439,camera_init,-2.761980,-0.010050,0.000000,-0.065832,0.018991,0.997181,-0.030577,-3.077522,none,0.300
785,1776949470.652479,camera_init,-3.087561,-0.036324,0.000000,-0.067300,0.017275,0.997008,-0.033860,-3.071064,none,0.300
786,1776949471.052712,camera_init,-3.410286,-0.054107,0.000000,-0.069861,0.018209,0.996778,-0.034964,-3.068584,none,0.300
787,1776949471.453123,camera_init,-3.726576,-0.071909,0.000000,-0.063390,0.017233,0.997147,-0.037170,-3.064599,none,0.300
788,1776949471.852578,camera_init,-4.057942,-0.096729,0.000000,-0.069458,0.020121,0.996709,-0.036634,-3.064974,none,0.300
789,1776949472.249807,camera_init,-4.372816,-0.111937,0.000000,-0.069832,0.021666,0.996903,-0.028963,-3.080195,none,0.300
790,1776949472.652571,camera_init,-4.723986,-0.131656,0.000000,-0.067120,0.017814,0.997416,-0.018405,-3.102124,none,0.300
791,1776949473.050806,camera_init,-5.034799,-0.133842,0.000000,-0.067569,0.019849,0.997502,-0.005574,-3.127664,none,0.300
792,1776949473.452692,camera_init,-5.335389,-0.127220,0.000000,-0.065719,0.020047,0.997636,-0.000891,-3.137142,none,0.300
793,1776949473.852592,camera_init,-5.677850,-0.135017,0.000000,-0.067245,0.019950,0.997530,-0.003861,-3.131112,none,0.300
794,1776949474.252967,camera_init,-5.995144,-0.133556,0.000000,-0.065059,0.021820,0.997631,-0.004929,-3.128810,none,0.300
795,1776949474.653112,camera_init,-6.309221,-0.148166,0.000000,-0.064425,0.019819,0.997704,-0.006546,-3.125846,none,0.300
796,1776949475.052636,camera_init,-6.636355,-0.162603,0.000000,-0.068932,0.019582,0.997386,-0.009285,-3.120168,none,0.300
797,1776949475.451992,camera_init,-6.953757,-0.181549,0.000000,-0.070222,0.018178,0.997299,-0.011543,-3.115761,none,0.300
798,1776949475.852021,camera_init,-7.273190,-0.167468,0.000000,-0.067339,0.017840,0.997467,-0.014354,-3.110268,none,0.300
799,1776949476.250039,camera_init,-7.588146,-0.163729,0.000000,-0.063051,0.019467,0.997652,-0.018338,-3.102228,none,0.300
800,1776949476.652007,camera_init,-7.947832,-0.204081,0.000000,-0.065256,0.018224,0.997407,-0.024284,-3.090320,none,0.300
801,1776949477.038017,camera_init,-8.283372,-0.211459,0.000000,-0.071432,0.016852,0.996965,-0.025950,-3.086864,none,0.300
802,1776949477.440951,camera_init,-8.624247,-0.235254,0.000000,-0.067327,0.017484,0.997207,-0.027204,-3.084441,none,0.300
803,1776949477.844057,camera_init,-8.964897,-0.247784,0.000000,-0.064505,0.019350,0.997317,-0.028686,-3.081350,none,0.300
804,1776949478.247815,camera_init,-9.292801,-0.272204,0.000000,-0.062940,0.018748,0.997272,-0.033687,-3.071441,none,0.300
805,1776949478.650381,camera_init,-9.635158,-0.294796,0.000000,-0.067173,0.015844,0.996786,-0.040687,-3.057511,none,0.300
806,1776949479.048160,camera_init,-9.973275,-0.323594,0.000000,-0.066163,0.015748,0.996925,-0.038926,-3.061121,none,0.300
807,1776949479.451766,camera_init,-10.313137,-0.339816,0.000000,-0.069313,0.016083,0.996565,-0.042364,-3.053991,none,0.300
808,1776949479.851944,camera_init,-10.634303,-0.369969,0.000000,-0.063260,0.019511,0.996876,-0.043089,-3.052404,none,0.300
809,1776949480.252603,camera_init,-10.984454,-0.413515,0.000000,-0.065796,0.019096,0.996427,-0.049387,-3.039629,none,0.300
810,1776949480.652987,camera_init,-11.305523,-0.435401,0.000000,-0.063008,0.017191,0.996358,-0.054826,-3.029075,none,0.300
811,1776949481.052896,camera_init,-11.636782,-0.478130,0.000000,-0.060663,0.017202,0.995866,-0.065379,-3.007951,none,0.300
812,1776949481.452966,camera_init,-11.977631,-0.551632,0.000000,-0.063206,0.011374,0.993007,-0.099063,-2.940540,none,0.300
813,1776949481.852928,camera_init,-12.296170,-0.633711,0.000000,-0.064290,0.008072,0.986358,-0.151324,-2.834905,none,0.300
814,1776949482.250520,camera_init,-12.612538,-0.757989,0.000000,-0.065106,0.007359,0.980844,-0.183443,-2.769389,none,0.300
815,1776949482.652809,camera_init,-12.905709,-0.874976,0.000000,-0.062000,0.010789,0.979171,-0.193036,-2.749629,none,0.300
816,1776949483.051771,camera_init,-13.195821,-1.007027,0.000000,-0.062427,0.012240,0.975250,-0.211754,-2.711009,none,0.300
817,1776949483.452853,camera_init,-13.494429,-1.161207,0.000000,-0.064156,0.010193,0.970463,-0.232341,-2.668610,none,0.300
818,1776949483.852793,camera_init,-13.776848,-1.321906,0.000000,-0.063804,0.010828,0.966529,-0.248260,-2.635611,none,0.300
819,1776949484.252798,camera_init,-14.048151,-1.464853,0.000000,-0.061095,0.008595,0.961650,-0.267252,-2.596649,none,0.300
820,1776949484.652623,camera_init,-14.317285,-1.639199,0.000000,-0.065271,0.006910,0.957547,-0.280706,-2.568212,none,0.300
821,1776949485.052351,camera_init,-14.599020,-1.816199,0.000000,-0.066785,0.004825,0.958527,-0.277026,-2.575966,none,0.300
822,1776949485.451527,camera_init,-14.879665,-1.971049,0.000000,-0.062117,0.006145,0.962975,-0.262265,-2.607180,none,0.300
823,1776949485.852029,camera_init,-15.144401,-2.128103,0.000000,-0.065969,0.007897,0.962687,-0.262333,-2.606413,none,0.300
824,1776949486.250021,camera_init,-15.420342,-2.301806,0.000000,-0.072260,0.008281,0.964459,-0.254026,-2.622903,none,0.300
825,1776949486.652741,camera_init,-15.701500,-2.477534,0.000000,-0.064472,0.010568,0.964120,-0.257302,-2.616775,none,0.300
826,1776949487.049873,camera_init,-15.971288,-2.618221,0.000000,-0.065370,0.008972,0.964357,-0.256246,-2.619038,none,0.300
827,1776949487.452536,camera_init,-16.237695,-2.765351,0.000000,-0.068575,0.006287,0.965160,-0.252435,-2.626899,none,0.300
828,1776949487.850085,camera_init,-16.542589,-2.919341,0.000000,-0.066377,0.007022,0.970334,-0.232373,-2.668664,none,0.300
829,1776949488.253731,camera_init,-16.838315,-3.083503,0.000000,-0.066393,0.008558,0.970539,-0.231459,-2.670376,none,0.300
830,1776949488.651682,camera_init,-17.103693,-3.224652,0.000000,-0.066482,0.009405,0.969526,-0.235607,-2.661687,none,0.300
831,1776949489.049491,camera_init,-17.389557,-3.364097,0.000000,-0.065572,0.013996,0.969467,-0.235878,-2.660711,none,0.300
832,1776949489.452124,camera_init,-17.662161,-3.521727,0.000000,-0.069419,0.009175,0.966725,-0.246049,-2.639728,none,0.300
833,1776949489.851877,camera_init,-17.944507,-3.662833,0.000000,-0.068685,0.011087,0.965228,-0.251980,-2.627273,none,0.300
834,1776949490.252745,camera_init,-18.210156,-3.828773,0.000000,-0.066171,0.009266,0.963308,-0.259949,-2.611204,none,0.300
835,1776949490.652635,camera_init,-18.508084,-3.985787,0.000000,-0.066604,0.008220,0.961776,-0.265485,-2.599728,none,0.300
836,1776949491.052770,camera_init,-18.780714,-4.141010,0.000000,-0.065784,0.011251,0.962743,-0.262052,-2.606652,none,0.300
837,1776949491.453729,camera_init,-19.051779,-4.301867,0.000000,-0.062940,0.009000,0.963600,-0.259679,-2.612172,none,0.300
838,1776949491.852612,camera_init,-19.323435,-4.464045,0.000000,-0.070049,0.004723,0.962715,-0.261247,-2.608558,none,0.300
839,1776949492.250700,camera_init,-19.599965,-4.635690,0.000000,-0.070325,0.005652,0.961788,-0.264549,-2.601524,none,0.300
840,1776949492.652625,camera_init,-19.863382,-4.795552,0.000000,-0.062814,0.008227,0.961260,-0.268266,-2.594374,none,0.300
841,1776949493.051934,camera_init,-20.145834,-4.944748,0.000000,-0.068415,0.009134,0.960098,-0.271013,-2.587858,none,0.300
842,1776949493.452580,camera_init,-20.402252,-5.109414,0.000000,-0.070119,0.008610,0.959975,-0.271029,-2.587665,none,0.300
843,1776949493.852628,camera_init,-20.685590,-5.279728,0.000000,-0.066166,0.008831,0.960568,-0.269912,-2.590474,none,0.300
844,1776949494.253558,camera_init,-20.955710,-5.446451,0.000000,-0.062759,0.010226,0.960203,-0.271970,-2.586443,none,0.300
845,1776949494.652641,camera_init,-21.228592,-5.613063,0.000000,-0.066348,0.009099,0.960637,-0.269612,-2.591048,none,0.300
846,1776949495.052503,camera_init,-21.493228,-5.778406,0.000000,-0.067296,0.011873,0.962371,-0.263005,-2.604409,none,0.300
847,1776949495.452550,camera_init,-21.766610,-5.929105,0.000000,-0.066875,0.010017,0.967222,-0.244763,-2.642600,none,0.300
848,1776949495.952487,camera_init,-22.102595,-6.091269,0.000000,-0.070698,0.007294,0.970968,-0.228407,-2.676364,none,0.300
849,1776949496.449769,camera_init,-22.406247,-6.246411,0.000000,-0.069438,0.007531,0.972480,-0.222273,-2.689147,none,0.300
850,1776949500.952526,camera_init,-22.663675,-6.385601,0.000000,-0.064117,0.006653,0.972872,-0.222180,-2.689990,stop_10s,0.300
851,1776949506.351359,camera_init,-22.961928,-6.574027,0.000000,-0.061002,0.006332,0.958778,-0.277460,-2.575569,none,0.300
852,1776949506.853340,camera_init,-23.226235,-6.737229,0.000000,-0.063061,0.008674,0.957114,-0.282631,-2.564264,none,0.300
853,1776949507.349887,camera_init,-23.521397,-6.915740,0.000000,-0.066595,0.009780,0.961110,-0.267838,-2.594647,none,0.300
854,1776949507.852218,camera_init,-23.832569,-7.074871,0.000000,-0.062696,0.014160,0.969059,-0.238313,-2.655995,none,0.300
855,1776949508.349551,camera_init,-24.145894,-7.247293,0.000000,-0.063030,0.013616,0.968437,-0.240775,-2.650917,none,0.300
856,1776949508.752196,camera_init,-24.468506,-7.419640,0.000000,-0.069377,0.013924,0.967080,-0.244436,-2.642522,none,0.300
857,1776949509.149790,camera_init,-24.799507,-7.596271,0.000000,-0.070891,0.012976,0.966170,-0.247633,-2.635804,none,0.300
858,1776949509.553165,camera_init,-25.125742,-7.780098,0.000000,-0.065788,0.018005,0.966622,-0.246960,-2.637292,none,0.300
859,1776949509.953326,camera_init,-25.456037,-7.965374,0.000000,-0.070532,0.013580,0.963898,-0.256401,-2.617548,none,0.300
860,1776949510.353281,camera_init,-25.766081,-8.156137,0.000000,-0.069395,0.011862,0.962350,-0.262537,-2.605115,none,0.300
861,1776949510.753186,camera_init,-26.106341,-8.341452,0.000000,-0.064543,0.013816,0.962257,-0.264016,-2.602443,none,0.300
862,1776949511.153274,camera_init,-26.432666,-8.537399,0.000000,-0.068131,0.012573,0.962073,-0.263849,-2.602464,none,0.300
863,1776949511.551866,camera_init,-26.770797,-8.729837,0.000000,-0.065717,0.014885,0.961130,-0.267748,-2.594397,none,0.300
864,1776949511.953295,camera_init,-27.104772,-8.934398,0.000000,-0.070445,0.014023,0.958650,-0.275374,-2.577914,none,0.300
865,1776949512.351416,camera_init,-27.430948,-9.134470,0.000000,-0.071114,0.014979,0.958116,-0.277006,-2.574292,none,0.300
866,1776949512.749348,camera_init,-27.757188,-9.330379,0.000000,-0.064409,0.014505,0.958518,-0.277281,-2.574697,none,0.300
867,1776949513.151948,camera_init,-28.077756,-9.541745,0.000000,-0.067709,0.014304,0.957468,-0.280118,-2.568333,none,0.300
868,1776949513.551497,camera_init,-28.397393,-9.752683,0.000000,-0.064336,0.015973,0.955821,-0.286377,-2.555510,none,0.300
869,1776949513.953173,camera_init,-28.726098,-9.957910,0.000000,-0.068461,0.016554,0.954430,-0.290004,-2.547251,none,0.300
870,1776949514.352875,camera_init,-29.046403,-10.162338,0.000000,-0.068704,0.015392,0.954691,-0.289151,-2.549130,none,0.300
871,1776949514.752958,camera_init,-29.352744,-10.376747,0.000000,-0.068947,0.013987,0.956761,-0.282239,-2.563752,none,0.300
872,1776949515.152982,camera_init,-29.686247,-10.584337,0.000000,-0.070065,0.010496,0.959259,-0.273500,-2.582287,none,0.300
873,1776949515.553206,camera_init,-29.989883,-10.775809,0.000000,-0.070157,0.011965,0.963610,-0.257665,-2.615154,none,0.300
874,1776949515.953104,camera_init,-30.342562,-10.952160,0.000000,-0.072321,0.010007,0.971713,-0.224594,-2.683721,none,0.300
875,1776949516.351083,camera_init,-30.690074,-11.107429,0.000000,-0.072923,0.012389,0.975311,-0.208078,-2.717412,none,0.300
876,1776949516.753149,camera_init,-31.026365,-11.255994,0.000000,-0.069605,0.016686,0.975711,-0.207037,-2.719403,none,0.300
877,1776949517.151237,camera_init,-31.345622,-11.412935,0.000000,-0.066407,0.014647,0.974548,-0.213614,-2.706483,none,0.300
878,1776949517.549180,camera_init,-31.675262,-11.568111,0.000000,-0.065750,0.013464,0.974205,-0.215455,-2.702903,none,0.300
879,1776949517.951545,camera_init,-31.994098,-11.711625,0.000000,-0.069598,0.009454,0.972947,-0.220091,-2.693398,none,0.300
880,1776949518.349479,camera_init,-32.305201,-11.867583,0.000000,-0.069481,0.008727,0.973077,-0.219586,-2.694542,none,0.300
881,1776949518.752813,camera_init,-32.630458,-12.014230,0.000000,-0.066979,0.011624,0.972367,-0.223340,-2.686724,none,0.300
882,1776949519.149942,camera_init,-32.939310,-12.162074,0.000000,-0.071252,0.010514,0.971215,-0.227055,-2.678696,none,0.300
883,1776949519.552670,camera_init,-33.222885,-12.321644,0.000000,-0.067324,0.008723,0.970724,-0.230404,-2.672436,none,0.300
884,1776949519.951418,camera_init,-33.512850,-12.467958,0.000000,-0.061789,0.010776,0.971287,-0.229492,-2.674684,none,0.300
885,1776949520.353107,camera_init,-33.812500,-12.605021,0.000000,-0.063802,0.007936,0.970544,-0.232186,-2.669217,none,0.300
886,1776949520.853052,camera_init,-34.132203,-12.776585,0.000000,-0.065560,0.005304,0.968951,-0.238344,-2.656590,none,0.300
887,1776949521.353001,camera_init,-34.403143,-12.932439,0.000000,-0.068598,0.005712,0.967305,-0.244095,-2.644290,none,0.300
888,1776949521.851122,camera_init,-34.709641,-13.082004,0.000000,-0.070455,0.005526,0.967723,-0.241903,-2.648654,none,0.300
889,1776949522.451416,camera_init,-35.030438,-13.240373,0.000000,-0.067657,0.011298,0.968368,-0.239911,-2.652420,none,0.300
890,1776949522.953081,camera_init,-35.302870,-13.391165,0.000000,-0.069798,0.011425,0.967733,-0.241850,-2.648128,none,0.300
891,1776949523.551879,camera_init,-35.605323,-13.575165,0.000000,-0.070822,0.007651,0.961106,-0.266833,-2.596456,none,0.300
892,1776949524.052968,camera_init,-35.880654,-13.746944,0.000000,-0.067734,0.011770,0.954003,-0.291809,-2.544071,none,0.300
893,1776949524.552697,camera_init,-36.145241,-13.943592,0.000000,-0.071130,0.009813,0.949284,-0.306112,-2.513649,none,0.300
894,1776949525.052845,camera_init,-36.404089,-14.147079,0.000000,-0.068623,0.012421,0.946369,-0.315472,-2.493934,none,0.300
895,1776949525.551764,camera_init,-36.672728,-14.340593,0.000000,-0.066247,0.010162,0.943951,-0.323211,-2.478095,none,0.300
896,1776949526.052911,camera_init,-36.948463,-14.555937,0.000000,-0.066485,0.013691,0.943376,-0.324706,-2.474536,none,0.300
897,1776949526.550924,camera_init,-37.230222,-14.771966,0.000000,-0.067265,0.017684,0.945485,-0.318151,-2.487935,none,0.300
898,1776949527.051796,camera_init,-37.511408,-14.948247,0.000000,-0.071166,0.014014,0.952719,-0.295069,-2.536473,none,0.300
899,1776949527.549404,camera_init,-37.803583,-15.130607,0.000000,-0.071908,0.015913,0.964875,-0.252173,-2.625883,none,0.300
900,1776949528.051720,camera_init,-38.122956,-15.262914,0.000000,-0.068050,0.017209,0.975480,-0.208594,-2.716322,none,0.300
901,1776949528.648959,camera_init,-38.453397,-15.415092,0.000000,-0.066110,0.018993,0.974386,-0.214105,-2.705010,none,0.300
902,1776949529.150862,camera_init,-38.731643,-15.561095,0.000000,-0.070809,0.019215,0.970928,-0.227849,-2.676051,none,0.300
903,1776949529.752743,camera_init,-39.023955,-15.712402,0.000000,-0.070992,0.014481,0.966622,-0.245748,-2.639526,none,0.300
